time_window,from_country,to_country,weight,degree,strength,p,alpha,significant
1980-1985,RU,AM,11,3,13,0.8461538461538461,0.0236686390532544,1
1980-1985,US,AR,17,17,48,0.3541666666666667,0.0009160671365822,1
1980-1985,DE,AT,10,26,67,0.1492537313432835,0.0175792897439306,1
1980-1985,US,AT,15,26,67,0.2238805970149253,0.0017709794564181,1
1980-1985,CA,AU,26,50,408,0.0637254901960784,0.0396969180977578,1
1980-1985,GB,AU,123,50,408,0.3014705882352941,2.3176622604702623e-08,1
1980-1985,NZ,AU,31,50,408,0.0759803921568627,0.020815084040395,1
1980-1985,US,AU,84,50,408,0.2058823529411764,1.2426748494488336e-05,1
1980-1985,RU,AZ,15,5,21,0.7142857142857143,0.0066638900458142,1
1980-1985,GB,BE,11,48,137,0.0802919708029197,0.0195681137458842,1
1980-1985,PT,BE,9,48,137,0.0656934306569343,0.041020591374755,1
1980-1985,US,BE,13,48,137,0.0948905109489051,0.0092247062674884,1
1980-1985,RU,BG,16,10,34,0.4705882352941176,0.0032669485317059,1
1980-1985,FR,BR,26,33,230,0.1130434782608695,0.0215216024638494,1
1980-1985,GB,BR,28,33,230,0.1217391304347826,0.015701931186173,1
1980-1985,US,BR,64,33,230,0.2782608695652174,2.9387866933593657e-05,1
1980-1985,RU,BY,24,7,37,0.6486486486486487,0.0018812641063632,1
1980-1985,CN,CA,33,69,750,0.044,0.0468960943418832,1
1980-1985,GB,CA,114,69,750,0.152,1.35181715492425e-05,1
1980-1985,IN,CA,36,69,750,0.048,0.03526245055078,1
1980-1985,US,CA,248,69,750,0.3306666666666666,1.3921526397618925e-12,1
1980-1985,DE,CH,34,38,267,0.1273408239700374,0.0064751883767956,1
1980-1985,GB,CH,45,38,267,0.1685393258426966,0.001081791050297,1
1980-1985,US,CH,55,38,267,0.2059925093632958,0.0001965668073457,1
1980-1985,US,CL,12,19,44,0.2727272727272727,0.0032400479168577,1
1980-1985,GB,CN,10,17,48,0.2083333333333333,0.0238055241307285,1
1980-1985,US,CN,14,17,48,0.2916666666666667,0.0040160848024502,1
1980-1985,US,CO,12,20,71,0.1690140845070422,0.029667407403387,1
1980-1985,US,CR,11,14,30,0.3666666666666666,0.0026376702501473,1
1980-1985,RU,CU,23,20,69,0.3333333333333333,0.0004510929897325,1
1980-1985,UA,CU,16,20,69,0.2318840579710145,0.006654398397075,1
1980-1985,SK,CZ,9,9,25,0.36,0.0281474976710656,1
1980-1985,BR,DE,38,68,650,0.0584615384615384,0.0176664947499054,1
1980-1985,GB,DE,59,68,650,0.0907692307692307,0.0017028105175641,1
1980-1985,IT,DE,31,68,650,0.0476923076923076,0.037851107331493,1
1980-1985,US,DE,135,68,650,0.2076923076923077,1.682245792249862e-07,1
1980-1985,US,DK,13,24,60,0.2166666666666666,0.0036372401270322,1
1980-1985,US,DO,6,6,12,0.5,0.03125,1
1980-1985,FR,DZ,16,14,44,0.3636363636363636,0.0028065295102845,1
1980-1985,US,EG,11,18,55,0.2,0.0225179981368525,1
1980-1985,CO,ES,21,40,233,0.0901287553648068,0.0251314563400918,1
1980-1985,GB,ES,24,40,233,0.1030042918454935,0.0144153183653794,1
1980-1985,MX,ES,19,40,233,0.0815450643776824,0.0362456790571313,1
1980-1985,US,ES,40,40,233,0.1716738197424892,0.0006454374062572,1
1980-1985,US,FI,13,14,33,0.3939393939393939,0.0014883625205199,1
1980-1985,BR,FR,63,75,734,0.0858310626702997,0.0013060447528917,1
1980-1985,DE,FR,42,75,734,0.0572207084468664,0.0127744601542883,1
1980-1985,DZ,FR,31,75,734,0.0422343324250681,0.0410379461895992,1
1980-1985,ES,FR,37,75,734,0.050408719346049,0.0217629189907526,1
1980-1985,GB,FR,40,75,734,0.0544959128065395,0.0158158442628796,1
1980-1985,MX,FR,52,75,734,0.0708446866485013,0.0043504611106202,1
1980-1985,PT,FR,42,75,734,0.0572207084468664,0.0127744601542883,1
1980-1985,US,FR,76,75,734,0.103542234332425,0.0003070490044804,1
1980-1985,AU,GB,90,101,1665,0.054054054054054,0.003860397523362,1
1980-1985,BR,GB,102,101,1665,0.0612612612612612,0.0017966935870842,1
1980-1985,CA,GB,68,101,1665,0.0408408408408408,0.0154549580156976,1
1980-1985,DE,GB,56,101,1665,0.0336336336336336,0.0326723690252599,1
1980-1985,GR,GB,50,101,1665,0.03003003003003,0.0474055164723948,1
1980-1985,IT,GB,54,101,1665,0.0324324324324324,0.0369939118764311,1
1980-1985,US,GB,327,101,1665,0.1963963963963964,3.192916483613714e-10,1
1980-1985,RU,GE,10,4,13,0.7692307692307693,0.0122894856622667,1
1980-1985,GB,GR,36,18,98,0.3673469387755102,0.0004166922610789,1
1980-1985,US,GR,27,18,98,0.2755102040816326,0.0041739634468967,1
1980-1985,US,HK,12,8,29,0.4137931034482758,0.0237879197305263,1
1980-1985,BA,HR,5,9,15,0.3333333333333333,0.0390184423106234,1
1980-1985,RU,HU,5,16,27,0.1851851851851851,0.0463322882888792,1
1980-1985,US,ID,9,8,21,0.4285714285714285,0.0198945288831305,1
1980-1985,GB,IE,33,12,58,0.5689655172413793,9.541840797026716e-05,1
1980-1985,US,IL,80,25,143,0.5594405594405595,2.8583031486967374e-09,1
1980-1985,GB,IN,18,28,105,0.1714285714285714,0.0062360378975794,1
1980-1985,US,IN,36,28,105,0.3428571428571428,1.1934778823182649e-05,1
1980-1985,GB,IQ,19,14,38,0.5,0.0001220703125,1
1980-1985,US,IR,39,8,72,0.5416666666666666,0.0042488373301592,1
1980-1985,DE,IT,29,34,259,0.1119691119691119,0.0198667292856969,1
1980-1985,GB,IT,31,34,259,0.1196911196911196,0.0148921614656499,1
1980-1985,US,IT,88,34,259,0.3397683397683397,1.1219653075859071e-06,1
1980-1985,US,JO,13,8,30,0.4333333333333333,0.0187626279378143,1
1980-1985,CN,JP,20,33,217,0.0921658986175115,0.0453114284938518,1
1980-1985,US,JP,87,33,217,0.4009216589861751,7.57662496511085e-08,1
1980-1985,US,KR,46,9,59,0.7796610169491526,5.555596879703049e-06,1
1980-1985,US,KW,7,9,19,0.3684210526315789,0.02531751994337,1
1980-1985,RU,KZ,25,7,31,0.8064516129032258,5.256992280576251e-05,1
1980-1985,US,LB,6,11,19,0.3157894736842105,0.0224852392801321,1
1980-1985,RU,LT,10,6,15,0.6666666666666666,0.0041152263374485,1
1980-1985,FR,MA,23,7,32,0.71875,0.0004949430003762,1
1980-1985,CO,MX,28,35,259,0.1081081081081081,0.0204463286639951,1
1980-1985,FR,MX,27,35,259,0.1042471042471042,0.0236809710854812,1
1980-1985,GB,MX,25,35,259,0.0965250965250965,0.0317064174419993,1
1980-1985,US,MX,77,35,259,0.2972972972972973,6.169290385140644e-06,1
1980-1985,GB,MY,30,10,66,0.4545454545454545,0.0042739268722819,1
1980-1985,GB,NG,22,15,62,0.3548387096774194,0.0021644931992513,1
1980-1985,US,NG,19,15,62,0.3064516129032258,0.0059576464256512,1
1980-1985,BE,NL,13,41,168,0.0773809523809523,0.0398929963981996,1
1980-1985,GB,NL,26,41,168,0.1547619047619047,0.001199948221247,1
1980-1985,US,NL,36,41,168,0.2142857142857142,6.465259769377006e-05,1
1980-1985,GB,NO,11,20,64,0.171875,0.0277857431449584,1
1980-1985,US,NO,14,20,64,0.21875,0.0091835496157991,1
1980-1985,AU,NZ,21,15,83,0.253012048192771,0.0168418718977635,1
1980-1985,GB,NZ,22,15,83,0.2650602409638554,0.013412952817658,1
1980-1985,US,PA,7,11,21,0.3333333333333333,0.0173415299158326,1
1980-1985,US,PE,9,21,59,0.1525423728813559,0.0365056305169803,1
1980-1985,US,PH,9,8,16,0.5625,0.0030679367482662,1
1980-1985,US,PL,12,24,63,0.1904761904761904,0.0077496379383087,1
1980-1985,US,PR,21,4,26,0.8076923076923077,0.0071119708693673,1
1980-1985,FR,PT,24,25,136,0.1764705882352941,0.0094688828445544,1
1980-1985,GB,PT,33,25,136,0.2426470588235294,0.0012681177808768,1
1980-1985,US,PT,21,25,136,0.1544117647058823,0.0178572413179125,1
1980-1985,KZ,RU,40,41,394,0.1015228426395939,0.0138127963246442,1
1980-1985,UA,RU,116,41,394,0.2944162436548223,8.748688703365008e-07,1
1980-1985,GB,SA,12,24,72,0.1666666666666666,0.0150949382549704,1
1980-1985,US,SA,16,24,72,0.2222222222222222,0.0030879993711559,1
1980-1985,GB,SD,7,9,18,0.3888888888888889,0.0194518736724743,1
1980-1985,US,SE,36,29,140,0.2571428571428571,0.0002428558119728,1
1980-1985,GB,SG,12,10,41,0.2926829268292683,0.044312603878782,1
1980-1985,US,SG,13,10,41,0.3170731707317073,0.0323122776245747,1
1980-1985,FR,TN,14,3,16,0.875,0.015625,1
1980-1985,GB,TR,24,16,69,0.3478260869565217,0.0016422956614049,1
1980-1985,US,TR,21,16,69,0.3043478260869565,0.00432396529513,1
1980-1985,US,TW,63,9,77,0.8181818181818182,1.194258893336915e-06,1
1980-1985,GB,TZ,6,7,12,0.5,0.015625,1
1980-1985,RU,UA,106,24,146,0.726027397260274,1.1675194316703358e-13,1
1980-1985,AU,US,128,123,4598,0.0278381905176163,0.0319230116379124,1
1980-1985,BR,US,181,123,4598,0.0393649412788168,0.0074495277739603,1
1980-1985,CA,US,379,123,4598,0.0824271422357546,2.767885564838181e-05,1
1980-1985,CN,US,165,123,4598,0.0358851674641148,0.0115800184853116,1
1980-1985,DE,US,184,123,4598,0.0400173988690735,0.006856936867162,1
1980-1985,FR,US,129,123,4598,0.0280556763810352,0.0310634224328018,1
1980-1985,GB,US,546,123,4598,0.1187472814267072,2.0056599856672946e-07,1
1980-1985,GR,US,115,123,4598,0.0250108742931709,0.0454958911063542,1
1980-1985,IN,US,268,123,4598,0.0582862113962592,0.000657823507801,1
1980-1985,IT,US,152,123,4598,0.0330578512396694,0.016552361186171,1
1980-1985,JP,US,125,123,4598,0.0271857329273597,0.0346458811474952,1
1980-1985,KR,US,270,123,4598,0.058721183123097,0.0006217714694416,1
1980-1985,MX,US,156,123,4598,0.0339277946933449,0.0148309731297273,1
1980-1985,TW,US,168,123,4598,0.0365376250543714,0.0106620479997946,1
1980-1985,RU,UZ,7,6,15,0.4666666666666667,0.0431512757201646,1
1980-1985,GB,VE,15,22,78,0.1923076923076923,0.0112762548345149,1
1980-1985,US,VE,29,22,78,0.3717948717948718,5.756135703828701e-05,1
1980-1985,GB,ZA,29,16,77,0.3766233766233766,0.0008341759854081,1
1986-1990,RU,AM,13,3,15,0.8666666666666667,0.0177777777777777,1
1986-1990,CO,AR,11,21,68,0.1617647058823529,0.0293304589935025,1
1986-1990,US,AR,15,21,68,0.2205882352941176,0.0068444591825969,1
1986-1990,DE,AT,15,38,122,0.1229508196721311,0.0077962550682188,1
1986-1990,US,AT,17,38,122,0.1393442622950819,0.0038787369786685,1
1986-1990,CA,AU,34,59,646,0.0526315789473684,0.0434606723521686,1
1986-1990,CN,AU,40,59,646,0.0619195046439628,0.024542915827761,1
1986-1990,GB,AU,159,59,646,0.2461300309597523,7.641765503684496e-08,1
1986-1990,ID,AU,50,59,646,0.0773993808049535,0.0093496859021325,1
1986-1990,NZ,AU,60,59,646,0.0928792569659442,0.0035040934949186,1
1986-1990,US,AU,111,59,646,0.1718266253869969,1.7825154939876128e-05,1
1986-1990,RU,AZ,12,4,18,0.6666666666666666,0.037037037037037,1
1986-1990,GB,BD,6,10,19,0.3157894736842105,0.0328630420248085,1
1986-1990,BR,BE,20,51,266,0.075187969924812,0.0200758306540858,1
1986-1990,ES,BE,28,51,266,0.1052631578947368,0.003843846367473,1
1986-1990,FR,BE,17,51,266,0.0639097744360902,0.0368031950395339,1
1986-1990,PT,BE,18,51,266,0.0676691729323308,0.030095544819127,1
1986-1990,US,BE,33,51,266,0.1240601503759398,0.0013295792225871,1
1986-1990,RU,BG,20,16,43,0.4651162790697674,8.392487567628153e-05,1
1986-1990,FR,BR,47,37,428,0.1098130841121495,0.0151818060816148,1
1986-1990,GB,BR,49,37,428,0.1144859813084112,0.0125613372083355,1
1986-1990,PE,BR,38,37,428,0.0887850467289719,0.0351844015459528,1
1986-1990,US,BR,118,37,428,0.2757009345794392,9.058270667378124e-06,1
1986-1990,RU,BY,12,8,23,0.5217391304347826,0.0057233979548555,1
1986-1990,AU,CA,41,90,1154,0.035528596187175,0.0399717019878698,1
1986-1990,CN,CA,63,90,1154,0.0545927209705372,0.0067621658386213,1
1986-1990,GB,CA,138,90,1154,0.1195840554592721,1.1946014083364978e-05,1
1986-1990,US,CA,354,90,1154,0.3067590987868284,6.8975023533646836e-15,1
1986-1990,DE,CH,83,51,484,0.1714876033057851,8.221490301060704e-05,1
1986-1990,GB,CH,40,51,484,0.0826446280991735,0.0133930787826364,1
1986-1990,IT,CH,37,51,484,0.0764462809917355,0.0187546115935072,1
1986-1990,US,CH,119,51,484,0.2458677685950413,7.453755462081156e-07,1
1986-1990,US,CL,20,23,80,0.25,0.0017838067156503,1
1986-1990,FR,CM,8,8,16,0.5,0.0078125,1
1986-1990,GB,CN,21,28,100,0.21,0.0017215968717315,1
1986-1990,JP,CN,12,28,100,0.12,0.0316980209462041,1
1986-1990,US,CN,24,28,100,0.24,0.0006052948677551,1
1986-1990,MX,CO,16,34,151,0.1059602649006622,0.0248184754232587,1
1986-1990,US,CO,35,34,151,0.2317880794701986,0.0001662931591212,1
1986-1990,US,CR,11,19,37,0.2972972972972973,0.0017453769260093,1
1986-1990,RU,CU,39,25,97,0.4020618556701031,4.362648499709197e-06,1
1986-1990,SK,CZ,7,16,28,0.25,0.013363461010158,1
1986-1990,BR,DE,69,81,981,0.0703363914373088,0.0029246000014738,1
1986-1990,FR,DE,40,81,981,0.0407747196738022,0.0357807371651471,1
1986-1990,GB,DE,81,81,981,0.0825688073394495,0.001013631654891,1
1986-1990,US,DE,224,81,981,0.2283384301732925,9.86619669937438e-10,1
1986-1990,GB,DK,10,36,114,0.087719298245614,0.0402250950213928,1
1986-1990,US,DK,39,36,114,0.3421052631578947,4.319907244832168e-07,1
1986-1990,FR,DZ,36,11,80,0.45,0.0025329516211914,1
1986-1990,GB,DZ,27,11,80,0.3375,0.0162876649168797,1
1986-1990,US,EC,9,14,30,0.3,0.0096889010406999,1
1986-1990,GB,EG,11,25,83,0.1325301204819277,0.0329689941390696,1
1986-1990,US,EG,29,25,83,0.3493975903614458,3.3080801148849404e-05,1
1986-1990,FR,ES,40,50,549,0.0728597449908925,0.0245542377386779,1
1986-1990,GB,ES,61,50,549,0.1111111111111111,0.0031154902759701,1
1986-1990,MX,ES,35,50,549,0.0637522768670309,0.0396413058763387,1
1986-1990,US,ES,130,50,549,0.2367941712204007,1.7759970795693943e-06,1
1986-1990,SE,FI,9,23,67,0.1343283582089552,0.0418572024801888,1
1986-1990,US,FI,18,23,67,0.2686567164179104,0.0010248683966291,1
1986-1990,BR,FR,142,81,1179,0.1204410517387616,3.476931251060954e-05,1
1986-1990,DE,FR,56,81,1179,0.0474978795589482,0.0203833749480471,1
1986-1990,DZ,FR,44,81,1179,0.0373197625106022,0.0477050675040013,1
1986-1990,ES,FR,73,81,1179,0.0619168787107718,0.0060159712190877,1
1986-1990,GB,FR,75,81,1179,0.0636132315521628,0.0052050087490334,1
1986-1990,PT,FR,44,81,1179,0.0373197625106022,0.0477050675040013,1
1986-1990,US,FR,159,81,1179,0.1348600508905852,9.266363514584962e-06,1
1986-1990,AU,GB,135,116,2992,0.0451203208556149,0.0049441869832097,1
1986-1990,BR,GB,191,116,2992,0.0638368983957219,0.0005074868082715,1
1986-1990,CA,GB,108,116,2992,0.0360962566844919,0.0145838331936834,1
1986-1990,CN,GB,132,116,2992,0.0441176470588235,0.0055784179892727,1
1986-1990,DE,GB,117,116,2992,0.0391042780748663,0.0101805181102795,1
1986-1990,ES,GB,117,116,2992,0.0391042780748663,0.0101805181102795,1
1986-1990,GR,GB,107,116,2992,0.0357620320855614,0.0151770111931162,1
1986-1990,IE,GB,109,116,2992,0.0364304812834224,0.0140136451924024,1
1986-1990,IT,GB,81,116,2992,0.0270721925133689,0.0425863940548632,1
1986-1990,PT,GB,117,116,2992,0.0391042780748663,0.0101805181102795,1
1986-1990,TR,GB,113,116,2992,0.0377673796791443,0.011945620233378,1
1986-1990,US,GB,411,116,2992,0.1373663101604278,4.16905635209515e-08,1
1986-1990,RU,GE,15,6,21,0.7142857142857143,0.0019039685845183,1
1986-1990,GB,GR,29,21,129,0.2248062015503876,0.0061405291026139,1
1986-1990,US,GR,44,21,129,0.3410852713178294,0.0002380040286281,1
1986-1990,US,GT,5,9,14,0.3571428571428571,0.0291686137832424,1
1986-1990,US,HN,6,4,9,0.6666666666666666,0.037037037037037,1
1986-1990,SI,HR,9,13,38,0.2368421052631578,0.0390276871862718,1
1986-1990,RO,HU,8,25,64,0.125,0.0405689037637223,1
1986-1990,RU,HU,8,25,64,0.125,0.0405689037637223,1
1986-1990,US,HU,11,25,64,0.171875,0.0108218496226494,1
1986-1990,US,ID,8,16,38,0.2105263157894736,0.0288446232956968,1
1986-1990,GB,IE,34,25,111,0.3063063063063063,0.0001541792445083,1
1986-1990,US,IE,27,25,111,0.2432432432432432,0.0012443752786023,1
1986-1990,US,IL,78,26,154,0.5064935064935064,2.1494224771348693e-08,1
1986-1990,GB,IN,27,40,164,0.1646341463414634,0.0008978257257228,1
1986-1990,US,IN,72,40,164,0.4390243902439024,1.6173916348768839e-10,1
1986-1990,GB,IQ,9,10,21,0.4285714285714285,0.0064961726965324,1
1986-1990,GB,IR,30,12,79,0.379746835443038,0.0052270767398804,1
1986-1990,US,IR,29,12,79,0.3670886075949367,0.0065278782140675,1
1986-1990,DE,IT,34,49,524,0.0648854961832061,0.0399493820735236,1
1986-1990,ES,IT,32,49,524,0.0610687022900763,0.0485761574559461,1
1986-1990,GB,IT,57,49,524,0.1087786259541984,0.003974737863646,1
1986-1990,US,IT,167,49,524,0.3187022900763359,1.000397500947589e-08,1
1986-1990,US,JO,28,17,68,0.4117647058823529,0.0002055025702114,1
1986-1990,BR,JP,28,63,505,0.0554455445544554,0.0291121350414815,1
1986-1990,CN,JP,50,63,505,0.099009900990099,0.0015582644016653,1
1986-1990,ID,JP,40,63,505,0.0792079207920792,0.00599815433052,1
1986-1990,KR,JP,37,63,505,0.0732673267326732,0.0089367055164444,1
1986-1990,US,JP,146,63,505,0.2891089108910891,6.483214169109131e-10,1
1986-1990,GB,KE,13,22,55,0.2363636363636363,0.0034723110226799,1
1986-1990,US,KE,15,22,55,0.2727272727272727,0.0012463595292495,1
1986-1990,US,KR,172,10,211,0.8151658767772512,2.517905146758502e-07,1
1986-1990,US,KW,8,8,20,0.4,0.0279935999999999,1
1986-1990,GB,LK,8,8,17,0.4705882352941176,0.0116561496995434,1
1986-1990,RU,LT,15,3,17,0.8823529411764706,0.0138408304498269,1
1986-1990,RU,LV,7,4,10,0.7,0.027,1
1986-1990,FR,MA,29,7,41,0.7073170731707317,0.0006286144152852,1
1986-1990,RU,MD,16,3,20,0.8,0.0399999999999999,1
1986-1990,CO,MX,21,42,274,0.0766423357664233,0.0380336751290132,1
1986-1990,FR,MX,26,42,274,0.0948905109489051,0.0167782182062118,1
1986-1990,GB,MX,27,42,274,0.0985401459854014,0.014216805045958,1
1986-1990,US,MX,83,42,274,0.3029197080291971,3.754870656533301e-07,1
1986-1990,US,MY,75,11,132,0.5681818181818182,0.0002254287197821,1
1986-1990,GB,NG,20,17,49,0.4081632653061224,0.0002265847547252,1
1986-1990,BE,NL,17,54,289,0.0588235294117647,0.0402315020854693,1
1986-1990,DE,NL,21,54,289,0.0726643598615917,0.0183467193426212,1
1986-1990,ES,NL,17,54,289,0.0588235294117647,0.0402315020854693,1
1986-1990,GB,NL,42,54,289,0.1453287197231834,0.0002428582474465,1
1986-1990,US,NL,51,54,289,0.1764705882352941,3.396198437984112e-05,1
1986-1990,SE,NO,11,36,99,0.1111111111111111,0.0162054731024043,1
1986-1990,US,NO,22,36,99,0.2222222222222222,0.0001513364597245,1
1986-1990,IN,NP,6,8,15,0.4,0.0279935999999999,1
1986-1990,AU,NZ,24,29,138,0.1739130434782608,0.0047503041597415,1
1986-1990,GB,NZ,35,29,138,0.2536231884057971,0.0002772221149768,1
1986-1990,US,NZ,30,29,138,0.217391304347826,0.0010453235493084,1
1986-1990,US,PE,15,23,75,0.2,0.0073786976294838,1
1986-1990,US,PH,7,22,43,0.1627906976744186,0.0239615522688916,1
1986-1990,GB,PK,10,10,27,0.3703703703703703,0.0155512898144009,1
1986-1990,US,PL,14,31,86,0.1627906976744186,0.0048419617645362,1
1986-1990,US,PR,26,6,31,0.8387096774193549,0.0001091544768477,1
1986-1990,FR,PT,35,32,228,0.1535087719298245,0.0057055343218427,1
1986-1990,GB,PT,47,32,228,0.2061403508771929,0.0007799298888993,1
1986-1990,US,PT,43,32,228,0.1885964912280701,0.0015358306255522,1
1986-1990,GE,RU,27,52,464,0.0581896551724137,0.0470041579734953,1
1986-1990,KZ,RU,58,52,464,0.125,0.0011025815073016,1
1986-1990,UA,RU,134,52,464,0.2887931034482758,2.830048807294297e-08,1
1986-1990,UZ,RU,28,52,464,0.0603448275862069,0.041820954855319,1
1986-1990,GB,SA,15,17,80,0.1875,0.036072306664217,1
1986-1990,US,SA,27,17,80,0.3375,0.0013771274077067,1
1986-1990,EG,SD,7,9,19,0.3684210526315789,0.02531751994337,1
1986-1990,CN,SE,17,50,251,0.0677290836653386,0.0321784158976504,1
1986-1990,GB,SE,17,50,251,0.0677290836653386,0.0321784158976504,1
1986-1990,US,SE,47,50,251,0.1872509960159362,3.8713804384463545e-05,1
1986-1990,GB,SG,26,15,67,0.3880597014925373,0.001032587245306,1
1986-1990,US,SG,15,15,67,0.2238805970149253,0.0287739558616891,1
1986-1990,HR,SI,11,8,24,0.4583333333333333,0.0136812183483038,1
1986-1990,CZ,SK,13,6,22,0.5909090909090909,0.0114577447516625,1
1986-1990,FR,SN,5,6,10,0.5,0.03125,1
1986-1990,IN,TH,11,17,64,0.171875,0.0489253937881069,1
1986-1990,US,TH,13,17,64,0.203125,0.0264388909666075,1
1986-1990,FR,TN,24,6,32,0.75,0.0009765625,1
1986-1990,US,TR,43,16,107,0.4018691588785046,0.0004486864397948,1
1986-1990,US,TW,175,14,198,0.8838383838383839,7.011555803264196e-13,1
1986-1990,RU,UA,139,31,195,0.7128205128205128,5.553956441016567e-17,1
1986-1990,BR,US,279,133,6615,0.0421768707482993,0.0033858073828406,1
1986-1990,CA,US,480,133,6615,0.0725623582766439,4.803777096778628e-05,1
1986-1990,CN,US,384,133,6615,0.0580498866213151,0.0003729779525031,1
1986-1990,DE,US,358,133,6615,0.0541194255479969,0.0006462379407322,1
1986-1990,ES,US,203,133,6615,0.0306878306878306,0.0163381846837309,1
1986-1990,FR,US,215,133,6615,0.0325018896447467,0.0127589977476779,1
1986-1990,GB,US,626,133,6615,0.0946334089191232,1.99907607715004e-06,1
1986-1990,IN,US,335,133,6615,0.0506424792139077,0.0010488973017476,1
1986-1990,IT,US,255,133,6615,0.0385487528344671,0.0055769822272975,1
1986-1990,JP,US,254,133,6615,0.0383975812547241,0.0056939311443151,1
1986-1990,KR,US,375,133,6615,0.0566893424036281,0.0004512589546127,1
1986-1990,MX,US,175,133,6615,0.0264550264550264,0.0290398578651958,1
1986-1990,TR,US,159,133,6615,0.0240362811791383,0.0402944155696619,1
1986-1990,TW,US,236,133,6615,0.0356764928193499,0.0082680573191448,1
1986-1990,RU,UZ,11,6,16,0.6875,0.0029802322387695,1
1986-1990,FR,VE,11,23,80,0.1375,0.0386100427420776,1
1986-1990,US,VE,33,23,80,0.4125,8.282723444723052e-06,1
1986-1990,RU,VN,7,12,21,0.3333333333333333,0.0115610199438884,1
1986-1990,GB,ZA,25,26,86,0.2906976744186046,0.0001865454214274,1
1986-1990,US,ZA,22,26,86,0.2558139534883721,0.0006194953751704,1
1986-1990,GB,ZW,7,14,27,0.2592592592592592,0.0202144071843101,1
1986-1990,US,ZW,7,14,27,0.2592592592592592,0.0202144071843101,1
1991-1995,EG,AE,9,18,37,0.2432432432432432,0.0087550216360041,1
1991-1995,RU,AM,6,11,17,0.3529411764705882,0.0128658249388667,1
1991-1995,ES,AR,16,34,160,0.1,0.0309031543826326,1
1991-1995,US,AR,31,34,160,0.19375,0.0008194095330127,1
1991-1995,DE,AT,72,48,294,0.2448979591836734,1.8461427104772037e-06,1
1991-1995,US,AT,41,48,294,0.1394557823129251,0.0008596862208897,1
1991-1995,CA,AU,61,85,1246,0.0489566613162118,0.0147511498195608,1
1991-1995,CN,AU,65,85,1246,0.0521669341894061,0.0111039077329684,1
1991-1995,GB,AU,251,85,1246,0.2014446227929374,6.217606422073755e-09,1
1991-1995,ID,AU,125,85,1246,0.1003210272873194,0.0001391092159466,1
1991-1995,IR,AU,44,85,1246,0.0353130016051364,0.0488044843860288,1
1991-1995,NZ,AU,61,85,1246,0.0489566613162118,0.0147511498195608,1
1991-1995,US,AU,202,85,1246,0.1621187800963081,3.526357452186565e-07,1
1991-1995,RU,AZ,9,5,13,0.6923076923076923,0.0089632715941318,1
1991-1995,DE,BE,23,73,448,0.0513392857142857,0.0224898187693381,1
1991-1995,ES,BE,30,73,448,0.0669642857142857,0.0068026054069853,1
1991-1995,FR,BE,35,73,448,0.078125,0.0028601361777541,1
1991-1995,GB,BE,26,73,448,0.0580357142857142,0.0135045296081294,1
1991-1995,IT,BE,22,73,448,0.0491071428571428,0.0266363141002095,1
1991-1995,NL,BE,20,73,448,0.0446428571428571,0.037319374933056,1
1991-1995,PT,BE,27,73,448,0.0602678571428571,0.0113839739243758,1
1991-1995,US,BE,40,73,448,0.0892857142857142,0.0011899116994207,1
1991-1995,RU,BG,16,16,44,0.3636363636363636,0.0011365284793714,1
1991-1995,DE,BR,57,52,944,0.0603813559322033,0.0417381218132618,1
1991-1995,FR,BR,100,52,944,0.1059322033898305,0.0033104960094351,1
1991-1995,GB,BR,128,52,944,0.135593220338983,0.0005924154649931,1
1991-1995,PE,BR,75,52,944,0.0794491525423728,0.0146702288822703,1
1991-1995,US,BR,211,52,944,0.2235169491525423,2.493050050522718e-06,1
1991-1995,RU,BY,17,8,25,0.68,0.0003435973836799,1
1991-1995,BR,CA,55,92,1368,0.0402046783625731,0.0238921488729352,1
1991-1995,CN,CA,58,92,1368,0.0423976608187134,0.019402292285549,1
1991-1995,DE,CA,49,92,1368,0.0358187134502923,0.0361777482877811,1
1991-1995,FR,CA,58,92,1368,0.0423976608187134,0.019402292285549,1
1991-1995,GB,CA,124,92,1368,0.0906432748538011,0.0001757194156388,1
1991-1995,IR,CA,64,92,1368,0.0467836257309941,0.012776913513371,1
1991-1995,US,CA,402,92,1368,0.293859649122807,1.7745312093717097e-14,1
1991-1995,DE,CH,143,64,806,0.1774193548387097,4.531527874444861e-06,1
1991-1995,FR,CH,80,64,806,0.0992555831265508,0.0013800647730035,1
1991-1995,GB,CH,65,64,806,0.0806451612903225,0.0050054078337792,1
1991-1995,IT,CH,58,64,806,0.0719602977667493,0.0090509263668989,1
1991-1995,US,CH,164,64,806,0.2034739454094292,5.964844613525833e-07,1
1991-1995,FR,CI,6,8,13,0.4615384615384615,0.0131245014125194,1
1991-1995,ES,CL,22,30,221,0.0995475113122171,0.0477928884856177,1
1991-1995,PE,CL,33,30,221,0.1493212669683258,0.0091875918065237,1
1991-1995,US,CL,37,30,221,0.167420814479638,0.0049242594883702,1
1991-1995,GB,CN,41,43,255,0.1607843137254902,0.0006348789128144,1
1991-1995,JP,CN,31,43,255,0.1215686274509803,0.004322442172532,1
1991-1995,US,CN,48,43,255,0.188235294117647,0.0001570604838255,1
1991-1995,ES,CO,38,38,279,0.1362007168458781,0.0044388968605624,1
1991-1995,FR,CO,22,38,279,0.078853046594982,0.0478817530158461,1
1991-1995,MX,CO,23,38,279,0.082437275985663,0.0414498721582052,1
1991-1995,US,CO,63,38,279,0.2258064516129032,7.716729403650653e-05,1
1991-1995,CO,CR,10,26,80,0.125,0.035497790793257,1
1991-1995,RU,CU,19,31,82,0.2317073170731707,0.0003679602557962,1
1991-1995,UA,CU,8,31,82,0.0975609756097561,0.0459765119904004,1
1991-1995,GB,CY,20,14,73,0.273972602739726,0.0155736038503816,1
1991-1995,US,CY,22,14,73,0.3013698630136986,0.0094452858904585,1
1991-1995,SK,CZ,24,35,125,0.192,0.0007111910233536,1
1991-1995,US,CZ,16,35,125,0.128,0.0094964325449346,1
1991-1995,BR,DE,88,96,1757,0.0500853727945361,0.0075863808708774,1
1991-1995,CH,DE,87,96,1757,0.0495162208309618,0.0080305893214448,1
1991-1995,ES,DE,60,96,1757,0.0341491178144564,0.0368517128213218,1
1991-1995,FR,DE,89,96,1757,0.0506545247581104,0.0071664991980867,1
1991-1995,GB,DE,163,96,1757,0.0927717700626067,9.617734379570052e-05,1
1991-1995,IT,DE,67,96,1757,0.0381331815594763,0.0248839658263645,1
1991-1995,RU,DE,64,96,1757,0.0364257256687535,0.0294505682066592,1
1991-1995,US,DE,362,96,1757,0.2060330108138873,3.0285334923565066e-10,1
1991-1995,DE,DK,17,49,272,0.0625,0.0451462068602285,1
1991-1995,GB,DK,32,49,272,0.1176470588235294,0.0024594172144673,1
1991-1995,SE,DK,25,49,272,0.0919117647058823,0.0097756661796216,1
1991-1995,US,DK,47,49,272,0.1727941176470588,0.0001110333583199,1
1991-1995,FR,DZ,22,11,50,0.44,0.0030330548909611,1
1991-1995,US,EC,19,23,68,0.2794117647058823,0.0007398057135902,1
1991-1995,GB,EG,19,34,148,0.1283783783783783,0.0107355384528788,1
1991-1995,SA,EG,13,34,148,0.0878378378378378,0.0481257767739221,1
1991-1995,US,EG,40,34,148,0.2702702702702703,3.0503334906956083e-05,1
1991-1995,BR,ES,65,65,1335,0.048689138576779,0.0409861510572446,1
1991-1995,CO,ES,78,65,1335,0.0584269662921348,0.0212156707590062,1
1991-1995,FR,ES,97,65,1335,0.0726591760299625,0.0080042428171324,1
1991-1995,GB,ES,149,65,1335,0.1116104868913857,0.000513592996537,1
1991-1995,IT,ES,63,65,1335,0.047191011235955,0.0453287892625356,1
1991-1995,MX,ES,110,65,1335,0.0823970037453183,0.0040729461860972,1
1991-1995,US,ES,227,65,1335,0.1700374531835206,6.603035927127115e-06,1
1991-1995,ER,ET,7,13,27,0.2592592592592592,0.0272894496988187,1
1991-1995,DE,FI,10,37,121,0.0826446280991735,0.0448078292744948,1
1991-1995,GB,FI,10,37,121,0.0826446280991735,0.0448078292744948,1
1991-1995,US,FI,29,37,121,0.2396694214876033,5.201019152520469e-05,1
1991-1995,BE,FR,64,102,2045,0.0312958435207823,0.0403002261004002,1
1991-1995,BR,FR,199,102,2045,0.0973105134474327,3.2312965654626104e-05,1
1991-1995,DE,FR,142,102,2045,0.0694376528117359,0.0006970967697965,1
1991-1995,ES,FR,106,102,2045,0.0518337408312958,0.0046273693992503,1
1991-1995,GB,FR,160,102,2045,0.0782396088019559,0.0002669452896939,1
1991-1995,IT,FR,101,102,2045,0.0493887530562347,0.0060020246253902,1
1991-1995,PT,FR,67,102,2045,0.032762836185819,0.0345804361605768,1
1991-1995,RO,FR,73,102,2045,0.0356968215158924,0.0254432991653363,1
1991-1995,US,FR,284,102,2045,0.1388753056234719,2.764842559669268e-07,1
1991-1995,AU,GB,157,137,4922,0.0318976026005688,0.0121701576105002,1
1991-1995,BR,GB,219,137,4922,0.0444941080861438,0.0020499262444223,1
1991-1995,CA,GB,148,137,4922,0.0300690776107273,0.0157307533404684,1
1991-1995,CN,GB,125,137,4922,0.0253961804144656,0.030242858498982,1
1991-1995,DE,GB,261,137,4922,0.0530272247054043,0.0006052002865057,1
1991-1995,ES,GB,252,137,4922,0.0511986997155627,0.0007867502382624,1
1991-1995,FR,GB,165,137,4922,0.0335229581470946,0.0096838871371282,1
1991-1995,GR,GB,215,137,4922,0.0436814303128809,0.0023011879744073,1
1991-1995,IE,GB,154,137,4922,0.0312880942706217,0.0132577761428406,1
1991-1995,IN,GB,117,137,4922,0.0237708248679398,0.0379352052992128,1
1991-1995,IT,GB,169,137,4922,0.0343356359203575,0.0086370189051449,1
1991-1995,MY,GB,148,137,4922,0.0300690776107273,0.0157307533404684,1
1991-1995,PT,GB,200,137,4922,0.040633888663145,0.0035471110002665,1
1991-1995,TR,GB,169,137,4922,0.0343356359203575,0.0086370189051449,1
1991-1995,US,GB,587,137,4922,0.1192604632263307,3.156886533876552e-08,1
1991-1995,RU,GE,14,5,19,0.7368421052631579,0.0047958502466985,1
1991-1995,GB,GH,12,16,34,0.3529411764705882,0.0014593398998838,1
1991-1995,FR,GR,26,31,249,0.1044176706827309,0.0365734120188665,1
1991-1995,GB,GR,82,31,249,0.3293172690763052,6.244730802263451e-06,1
1991-1995,US,GR,60,31,249,0.2409638554216867,0.0002557841988696,1
1991-1995,CN,HK,41,21,202,0.2029702970297029,0.0107026206350895,1
1991-1995,GB,HK,41,21,202,0.2029702970297029,0.0107026206350895,1
1991-1995,US,HK,56,21,202,0.2772277227722772,0.0015136648528062,1
1991-1995,BA,HR,9,14,34,0.2647058823529412,0.0183651377928735,1
1991-1995,RO,HU,12,35,133,0.0902255639097744,0.0401556627272542,1
1991-1995,US,HU,26,35,133,0.1954887218045112,0.0006138929535096,1
1991-1995,AU,ID,17,25,102,0.1666666666666666,0.0125791152124753,1
1991-1995,US,ID,25,25,102,0.2450980392156862,0.001173203316086,1
1991-1995,GB,IE,101,42,252,0.4007936507936508,7.596834530503611e-10,1
1991-1995,US,IE,34,42,252,0.1349206349206349,0.0026259960333927,1
1991-1995,RU,IL,84,42,335,0.2507462686567164,7.240782332533779e-06,1
1991-1995,US,IL,121,42,335,0.3611940298507463,1.0474362952984056e-08,1
1991-1995,GB,IN,39,43,218,0.1788990825688073,0.0002538952463823,1
1991-1995,US,IN,81,43,218,0.3715596330275229,3.3658215690885086e-09,1
1991-1995,GB,IQ,13,13,34,0.3823529411764705,0.003082368319069,1
1991-1995,GB,IR,41,17,165,0.2484848484848484,0.0103515135553685,1
1991-1995,US,IR,51,17,165,0.3090909090909091,0.0026960907969713,1
1991-1995,US,IS,13,10,34,0.3823529411764705,0.0130816763214219,1
1991-1995,CH,IT,37,76,908,0.040748898678414,0.0441492150541004,1
1991-1995,DE,IT,53,76,908,0.0583700440528634,0.010990563644589,1
1991-1995,ES,IT,60,76,908,0.066079295154185,0.0059326712081918,1
1991-1995,FR,IT,53,76,908,0.0583700440528634,0.010990563644589,1
1991-1995,GB,IT,111,76,908,0.1222466960352423,5.661551544610685e-05,1
1991-1995,US,IT,243,76,908,0.2676211453744493,7.164481385593141e-11,1
1991-1995,GB,JO,14,24,101,0.1386138613861386,0.0323259437754687,1
1991-1995,US,JO,25,24,101,0.2475247524752475,0.001443181740594,1
1991-1995,BD,JP,38,78,995,0.0381909547738693,0.049870301220195,1
1991-1995,BR,JP,45,78,995,0.0452261306532663,0.0283361204427974,1
1991-1995,CN,JP,143,78,995,0.1437185929648241,6.478456986292421e-06,1
1991-1995,GB,JP,38,78,995,0.0381909547738693,0.049870301220195,1
1991-1995,ID,JP,68,78,995,0.0683417085427135,0.0042930140686086,1
1991-1995,KR,JP,55,78,995,0.0552763819095477,0.012544908839378,1
1991-1995,US,JP,237,78,995,0.2381909547738693,7.982733232776579e-10,1
1991-1995,GB,KE,21,24,66,0.3181818181818182,0.0001494091858986,1
1991-1995,US,KE,12,24,66,0.1818181818181818,0.009897966018472,1
1991-1995,US,KR,521,28,635,0.8204724409448819,7.27010031126677e-21,1
1991-1995,GB,KW,10,11,37,0.2702702702702703,0.042817410728123,1
1991-1995,RU,KZ,45,9,62,0.7258064516129032,3.194904308721995e-05,1
1991-1995,FR,LB,14,18,68,0.2058823529411764,0.0198628883299354,1
1991-1995,US,LB,32,18,68,0.4705882352941176,2.0160021783318405e-05,1
1991-1995,GB,LK,8,15,38,0.2105263157894736,0.0365365228412159,1
1991-1995,US,LK,9,15,38,0.2368421052631578,0.0227301142130572,1
1991-1995,RU,LT,20,7,32,0.625,0.0027809143066406,1
1991-1995,BE,LU,5,9,15,0.3333333333333333,0.0390184423106234,1
1991-1995,RU,LV,10,7,19,0.5263157894736842,0.0112962280374768,1
1991-1995,IQ,LY,10,12,26,0.3846153846153846,0.0047930612798837,1
1991-1995,FR,MA,37,14,67,0.5522388059701493,2.908063438201344e-05,1
1991-1995,RS,ME,6,7,14,0.4285714285714285,0.0348154255454784,1
1991-1995,RS,MK,6,7,13,0.4615384615384615,0.0243740740518218,1
1991-1995,RU,MN,10,6,16,0.625,0.007415771484375,1
1991-1995,PT,MO,8,5,13,0.6153846153846154,0.0218829872903609,1
1991-1995,GB,MT,15,7,21,0.7142857142857143,0.0005439910241481,1
1991-1995,FR,MX,46,43,555,0.0828828828828828,0.0264144496792563,1
1991-1995,GB,MX,58,43,555,0.1045045045045045,0.0096975725119532,1
1991-1995,US,MX,160,43,555,0.2882882882882883,6.262860311054156e-07,1
1991-1995,GB,MY,82,27,245,0.3346938775510204,2.5035687445385183e-05,1
1991-1995,US,MY,78,27,245,0.3183673469387755,4.702297004274747e-05,1
1991-1995,GB,NG,20,27,76,0.2631578947368421,0.0003562339470422,1
1991-1995,US,NG,10,27,76,0.131578947368421,0.0255263620547773,1
1991-1995,BE,NL,43,78,656,0.0655487804878048,0.005405811601595,1
1991-1995,DE,NL,62,78,656,0.0945121951219512,0.000478586706935,1
1991-1995,ES,NL,27,78,656,0.0411585365853658,0.0393100926454232,1
1991-1995,FR,NL,27,78,656,0.0411585365853658,0.0393100926454232,1
1991-1995,GB,NL,73,78,656,0.111280487804878,0.0001134705302981,1
1991-1995,IT,NL,29,78,656,0.0442073170731707,0.0307613231509314,1
1991-1995,US,NL,96,78,656,0.1463414634146341,5.11543355049873e-06,1
1991-1995,DE,NO,21,46,201,0.1044776119402985,0.006973328841494,1
1991-1995,GB,NO,26,46,201,0.1293532338308457,0.0019628612749564,1
1991-1995,SE,NO,23,46,201,0.1144278606965174,0.004217717814319,1
1991-1995,US,NO,33,46,201,0.1641791044776119,0.0003126763932883,1
1991-1995,IN,NP,9,11,24,0.375,0.0090949470177292,1
1991-1995,AU,NZ,52,41,278,0.1870503597122302,0.0002526653740919,1
1991-1995,GB,NZ,66,41,278,0.237410071942446,1.9572333192501223e-05,1
1991-1995,US,NZ,49,41,278,0.1762589928057553,0.0004281810638529,1
1991-1995,IN,OM,6,14,27,0.2222222222222222,0.0381172795696671,1
1991-1995,BR,PE,16,32,124,0.1290322580645161,0.013805882729511,1
1991-1995,ES,PE,14,32,124,0.1129032258064516,0.0243837782355183,1
1991-1995,US,PE,19,32,124,0.1532258064516129,0.0057649564535924,1
1991-1995,ID,PH,13,21,71,0.1830985915492957,0.0175143045358026,1
1991-1995,US,PH,14,21,71,0.1971830985915492,0.0123688732487524,1
1991-1995,GB,PK,14,17,50,0.28,0.0052157881450144,1
1991-1995,US,PK,19,17,50,0.38,0.0004767240170682,1
1991-1995,DE,PL,21,41,230,0.0913043478260869,0.0217139085155735,1
1991-1995,GB,PL,19,41,230,0.0826086956521739,0.0317822596379609,1
1991-1995,US,PL,50,41,230,0.217391304347826,5.518064383603559e-05,1
1991-1995,US,PR,41,17,64,0.640625,7.74044256621107e-08,1
1991-1995,JO,PS,8,13,31,0.2580645161290322,0.0278223433721395,1
1991-1995,BR,PT,44,37,476,0.0924369747899159,0.0304484077892991,1
1991-1995,FR,PT,51,37,476,0.1071428571428571,0.0169102949978534,1
1991-1995,GB,PT,105,37,476,0.2205882352941176,0.0001269434941506,1
1991-1995,US,PT,66,37,476,0.1386554621848739,0.004638403694981,1
1991-1995,FR,RO,16,18,64,0.25,0.0075169468182139,1
1991-1995,MD,RO,13,18,64,0.203125,0.0210684912390153,1
1991-1995,BA,RS,12,18,53,0.2264150943396226,0.0127243551150302,1
1991-1995,KZ,RU,30,53,319,0.0940438871473354,0.0058826404428186,1
1991-1995,UA,RU,82,53,319,0.2570532915360501,1.9489400197615227e-07,1
1991-1995,US,RU,21,53,319,0.0658307210031347,0.0289821241831371,1
1991-1995,UZ,RU,19,53,319,0.0595611285266457,0.041038334443052,1
1991-1995,EG,SA,22,32,134,0.1641791044776119,0.003850436392786,1
1991-1995,GB,SA,13,32,134,0.0970149253731343,0.0422763739267757,1
1991-1995,US,SA,33,32,134,0.2462686567164179,0.0001562118004434,1
1991-1995,GB,SD,5,19,31,0.1612903225806451,0.0421705994456537,1
1991-1995,CN,SE,22,70,511,0.0430528375733855,0.0480030873529556,1
1991-1995,DE,SE,31,70,511,0.060665362035225,0.0133230380929372,1
1991-1995,FR,SE,22,70,511,0.0430528375733855,0.0480030873529556,1
1991-1995,GB,SE,41,70,511,0.0802348336594911,0.003116808275251,1
1991-1995,US,SE,92,70,511,0.1800391389432485,1.1264851614409605e-06,1
1991-1995,AU,SG,28,28,208,0.1346153846153846,0.0201672923414288,1
1991-1995,CN,SG,28,28,208,0.1346153846153846,0.0201672923414288,1
1991-1995,GB,SG,45,28,208,0.2163461538461538,0.0013846986695124,1
1991-1995,US,SG,52,28,208,0.25,0.0004233056952178,1
1991-1995,CZ,SK,11,15,34,0.3235294117647059,0.0042022788327136,1
1991-1995,FR,SY,8,14,32,0.25,0.0237572640180587,1
1991-1995,US,TH,41,29,175,0.2342857142857143,0.0005673734260782,1
1991-1995,FR,TN,26,20,55,0.4727272727272727,5.232037639852004e-06,1
1991-1995,GB,TR,82,37,348,0.2356321839080459,6.293411605146301e-05,1
1991-1995,US,TR,153,37,348,0.4396551724137931,8.798187781481151e-10,1
1991-1995,US,TW,392,20,443,0.8848758465011287,1.4526552152578253e-18,1
1991-1995,RU,UA,164,28,217,0.7557603686635944,2.958255395649195e-17,1
1991-1995,GB,UG,10,11,27,0.3703703703703703,0.0097915528461043,1
1991-1995,US,UG,7,11,27,0.2592592592592592,0.0497350220760971,1
1991-1995,BR,US,434,149,8941,0.048540431719047,0.0006335341249077,1
1991-1995,CA,US,676,149,8941,0.075606755396488,8.847099833600405e-06,1
1991-1995,CH,US,201,149,8941,0.0224807068560563,0.0345581103923253,1
1991-1995,CN,US,515,149,8941,0.0575998210490996,0.00015375642292,1
1991-1995,DE,US,495,149,8941,0.0553629347947656,0.0002183822654087,1
1991-1995,ES,US,290,149,8941,0.0324348506878425,0.00759752497334,1
1991-1995,FR,US,293,149,8941,0.0327703836259926,0.00721736613696,1
1991-1995,GB,US,740,149,8941,0.0827647914103567,2.799923195219144e-06,1
1991-1995,IN,US,332,149,8941,0.0371323118219438,0.0036970788636844,1
1991-1995,IT,US,268,149,8941,0.0299742758080751,0.011064230721016,1
1991-1995,JP,US,340,149,8941,0.0380270663236774,0.0032218269671984,1
1991-1995,KR,US,355,149,8941,0.0397047310144279,0.0024883347863683,1
1991-1995,MX,US,281,149,8941,0.0314282518733922,0.0088614741776369,1
1991-1995,RU,US,247,149,8941,0.0276255452410244,0.0158257413764888,1
1991-1995,TR,US,353,149,8941,0.0394810423889945,0.0025756049484447,1
1991-1995,TW,US,273,149,8941,0.0305334973716586,0.0101591073524533,1
1991-1995,RU,UZ,22,7,30,0.7333333333333333,0.0003595939643347,1
1991-1995,US,VE,34,18,116,0.293103448275862,0.0027482084692803,1
1991-1995,RU,VN,8,12,21,0.3809523809523809,0.005116401685129,1
1991-1995,IQ,YE,6,10,21,0.2857142857142857,0.0484002582470508,1
1991-1995,GB,ZA,43,38,186,0.2311827956989247,5.962857766599518e-05,1
1991-1995,US,ZA,36,38,186,0.1935483870967742,0.0003494601419599,1
1991-1995,GB,ZM,8,6,16,0.5,0.03125,1
1991-1995,GB,ZW,8,16,31,0.2580645161290322,0.0113629771343298,1
1996-2000,EG,AE,18,43,235,0.076595744680851,0.0351931877352741,1
1996-2000,GB,AE,34,43,235,0.1446808510638297,0.0014105360696948,1
1996-2000,IN,AE,22,43,235,0.0936170212765957,0.016109910550028,1
1996-2000,JO,AE,17,43,235,0.0723404255319148,0.0426896423147668,1
1996-2000,US,AE,50,43,235,0.2127659574468085,4.328748733713983e-05,1
1996-2000,RU,AM,10,7,17,0.5882352941176471,0.0048741031045835,1
1996-2000,PT,AO,6,12,20,0.3,0.0197732674299999,1
1996-2000,BR,AR,28,36,248,0.1129032258064516,0.0151002799825606,1
1996-2000,ES,AR,29,36,248,0.1169354838709677,0.0128746428554855,1
1996-2000,US,AR,55,36,248,0.2217741935483871,0.0001544176668827,1
1996-2000,DE,AT,121,72,514,0.235408560311284,5.290413622633091e-09,1
1996-2000,GB,AT,41,72,514,0.0797665369649805,0.0027337547063838,1
1996-2000,IT,AT,23,72,514,0.0447470817120622,0.038761849595895,1
1996-2000,US,AT,64,72,514,0.1245136186770428,7.937925697195501e-05,1
1996-2000,CA,AU,98,91,1918,0.0510948905109489,0.0089135491495625,1
1996-2000,CN,AU,76,91,1918,0.0396246089676746,0.0262840371502181,1
1996-2000,DE,AU,67,91,1918,0.0349322210636079,0.0407571147970111,1
1996-2000,GB,AU,332,91,1918,0.173096976016684,3.723164398981524e-08,1
1996-2000,ID,AU,220,91,1918,0.1147028154327424,1.7298859707603483e-05,1
1996-2000,NZ,AU,118,91,1918,0.0615224191866527,0.0032972448923553,1
1996-2000,US,AU,277,91,1918,0.1444212721584984,8.005676552858269e-07,1
1996-2000,RU,AZ,11,9,23,0.4782608695652174,0.005490694497804,1
1996-2000,RS,BA,21,14,52,0.4038461538461538,0.0012013195717213,1
1996-2000,GB,BD,16,29,83,0.1927710843373494,0.0024883295045412,1
1996-2000,JP,BD,13,29,83,0.1566265060240964,0.0084831771034234,1
1996-2000,DE,BE,41,81,769,0.0533159947984395,0.0124854201339828,1
1996-2000,ES,BE,49,81,769,0.0637191157347204,0.0051581329330676,1
1996-2000,FR,BE,68,81,769,0.0884265279583875,0.0006072034818153,1
1996-2000,GB,BE,58,81,769,0.0754226267880364,0.0018856490830898,1
1996-2000,IT,BE,43,81,769,0.0559167750325097,0.0100189560591386,1
1996-2000,NL,BE,42,81,769,0.0546163849154746,0.0111852497221185,1
1996-2000,US,BE,70,81,769,0.0910273081924577,0.0004831331923601,1
1996-2000,RU,BG,10,21,46,0.217391304347826,0.007428367508143,1
1996-2000,IN,BH,6,14,27,0.2222222222222222,0.0381172795696671,1
1996-2000,GB,BN,6,9,16,0.375,0.0232830643653869,1
1996-2000,US,BO,9,19,55,0.1636363636363636,0.0400970626738676,1
1996-2000,CO,BR,76,62,1450,0.0524137931034482,0.037475079238034,1
1996-2000,DE,BR,83,62,1450,0.0572413793103448,0.0274429789381509,1
1996-2000,FR,BR,186,62,1450,0.1282758620689655,0.0002307402582647,1
1996-2000,GB,BR,156,62,1450,0.1075862068965517,0.0009650342340257,1
1996-2000,PE,BR,80,62,1450,0.0551724137931034,0.0313694179237612,1
1996-2000,US,BR,337,62,1450,0.2324137931034482,9.834604243901722e-08,1
1996-2000,IN,BT,10,6,16,0.625,0.007415771484375,1
1996-2000,RU,BY,24,10,39,0.6153846153846154,0.0001841788972115,1
1996-2000,BR,CA,71,108,2038,0.0348380765456329,0.0225019049903856,1
1996-2000,CN,CA,121,108,2038,0.0593719332679097,0.0014312610518689,1
1996-2000,DE,CA,88,108,2038,0.043179587831207,0.0088890672336341,1
1996-2000,FR,CA,142,108,2038,0.0696761530912659,0.000440407196006,1
1996-2000,GB,CA,169,108,2038,0.0829244357212953,9.491787850439886e-05,1
1996-2000,US,CA,562,108,2038,0.2757605495583906,1.0171687905081893e-15,1
1996-2000,DE,CH,241,85,1272,0.1894654088050314,2.171753517398328e-08,1
1996-2000,FR,CH,133,85,1272,0.1045597484276729,9.35568244596383e-05,1
1996-2000,GB,CH,101,85,1272,0.0794025157232704,0.0009590954613893,1
1996-2000,IT,CH,100,85,1272,0.0786163522012578,0.0010303909392308,1
1996-2000,US,CH,252,85,1272,0.1981132075471698,8.82057867008181e-09,1
1996-2000,FR,CI,11,18,30,0.3666666666666666,0.0004243750921845,1
1996-2000,CO,CL,48,36,406,0.1182266009852216,0.01223192352968,1
1996-2000,ES,CL,44,36,406,0.1083743842364532,0.0180463257919114,1
1996-2000,PE,CL,36,36,406,0.0886699507389162,0.0387836936004003,1
1996-2000,US,CL,69,36,406,0.1699507389162561,0.0014744680125158,1
1996-2000,NG,CM,12,12,26,0.4615384615384615,0.0011033201880697,1
1996-2000,DE,CN,30,57,500,0.06,0.0312722984075595,1
1996-2000,GB,CN,64,57,500,0.128,0.000466576817219,1
1996-2000,HK,CN,27,57,500,0.054,0.0446584492743251,1
1996-2000,JP,CN,85,57,500,0.17,2.940174949599375e-05,1
1996-2000,US,CN,107,57,500,0.214,1.392074820741168e-06,1
1996-2000,BR,CO,39,42,522,0.0747126436781609,0.0414325571161439,1
1996-2000,ES,CO,71,42,522,0.1360153256704981,0.0024931453233552,1
1996-2000,MX,CO,43,42,522,0.082375478927203,0.0294622172019926,1
1996-2000,US,CO,100,42,522,0.1915708812260536,0.000163425516547,1
1996-2000,US,CR,27,31,119,0.226890756302521,0.0004438395290696,1
1996-2000,BR,CU,17,32,180,0.0944444444444444,0.0461708721538285,1
1996-2000,CO,CU,52,32,180,0.2888888888888888,2.570759212953845e-05,1
1996-2000,MX,CU,36,32,180,0.2,0.0009903520314283,1
1996-2000,GB,CY,30,15,95,0.3157894736842105,0.0049278390979186,1
1996-2000,TR,CY,21,15,95,0.2210526315789473,0.0302770530777227,1
1996-2000,DE,CZ,14,41,147,0.0952380952380952,0.0182545969631702,1
1996-2000,GB,CZ,14,41,147,0.0952380952380952,0.0182545969631702,1
1996-2000,SK,CZ,12,41,147,0.0816326530612244,0.0331632702380526,1
1996-2000,US,CZ,28,41,147,0.1904761904761904,0.0002133954060613,1
1996-2000,AT,DE,97,107,3266,0.0296999387630128,0.0409300459026897,1
1996-2000,BR,DE,97,107,3266,0.0296999387630128,0.0409300459026897,1
1996-2000,CH,DE,139,107,3266,0.0425597060624617,0.0099503942677983,1
1996-2000,CN,DE,153,107,3266,0.046846295162278,0.0061840311691946,1
1996-2000,ES,DE,127,107,3266,0.0388854868340477,0.0149335940604523,1
1996-2000,FR,DE,187,107,3266,0.0572565829761175,0.0019306871286375,1
1996-2000,GB,DE,282,107,3266,0.0863441518677281,6.965618267459756e-05,1
1996-2000,IT,DE,150,107,3266,0.0459277403551745,0.0068487998035778,1
1996-2000,RU,DE,97,107,3266,0.0296999387630128,0.0409300459026897,1
1996-2000,US,DE,564,107,3266,0.1726883037354562,1.87469842382261e-09,1
1996-2000,DE,DK,41,66,475,0.0863157894736842,0.002829748202335,1
1996-2000,FR,DK,25,66,475,0.0526315789473684,0.0297665683534785,1
1996-2000,GB,DK,49,66,475,0.1031578947368421,0.0008443826792094,1
1996-2000,SE,DK,31,66,475,0.0652631578947368,0.0124396577493827,1
1996-2000,US,DK,76,66,475,0.16,1.197163849371754e-05,1
1996-2000,CU,DO,6,12,22,0.2727272727272727,0.0301071967144018,1
1996-2000,FR,DZ,21,13,37,0.5675675675675675,4.275816935334588e-05,1
1996-2000,CO,EC,16,31,135,0.1185185185185185,0.0227193439767913,1
1996-2000,ES,EC,20,31,135,0.1481481481481481,0.0081455826707498,1
1996-2000,US,EC,22,31,135,0.1629629629629629,0.0048121621146175,1
1996-2000,DE,EG,17,42,237,0.0717299578059071,0.0472767623665642,1
1996-2000,GB,EG,37,42,237,0.1561181434599156,0.0009496151525062,1
1996-2000,SA,EG,18,42,237,0.0759493670886076,0.039221709799835,1
1996-2000,US,EG,64,42,237,0.270042194092827,2.4843228956806297e-06,1
1996-2000,IN,ER,6,7,12,0.5,0.015625,1
1996-2000,AR,ES,126,79,2740,0.045985401459854,0.0254267933293637,1
1996-2000,BR,ES,150,79,2740,0.0547445255474452,0.0123833371818379,1
1996-2000,CL,ES,147,79,2740,0.0536496350364963,0.0135535295824239,1
1996-2000,CO,ES,273,79,2740,0.0996350364963503,0.0002783875187694,1
1996-2000,FR,ES,150,79,2740,0.0547445255474452,0.0123833371818379,1
1996-2000,GB,ES,214,79,2740,0.0781021897810219,0.0017589646241141,1
1996-2000,MX,ES,220,79,2740,0.0802919708029197,0.0014611617034211,1
1996-2000,PT,ES,180,79,2740,0.0656934306569343,0.0049908370945772,1
1996-2000,US,ES,323,79,2740,0.1178832116788321,5.636828631815176e-05,1
1996-2000,IN,ET,10,20,53,0.1886792452830188,0.0188217124252427,1
1996-2000,DE,FI,22,57,314,0.0700636942675159,0.0171150979521907,1
1996-2000,GB,FI,32,57,314,0.1019108280254777,0.0024315867812793,1
1996-2000,RU,FI,23,57,314,0.0732484076433121,0.01412365469583,1
1996-2000,SE,FI,17,57,314,0.054140127388535,0.0442895094084114,1
1996-2000,US,FI,49,57,314,0.1560509554140127,7.476677503897086e-05,1
1996-2000,BE,FR,91,117,2958,0.0307640297498309,0.0266578242940963,1
1996-2000,BR,FR,195,117,2958,0.0659229208924949,0.00036677098334,1
1996-2000,CA,FR,85,117,2958,0.028735632183908,0.0339738632541156,1
1996-2000,CH,FR,123,117,2958,0.0415821501014198,0.0072504949416525,1
1996-2000,DE,FR,222,117,2958,0.075050709939148,0.0001174029779224,1
1996-2000,ES,FR,166,117,2958,0.0561189993238674,0.0012314033696362,1
1996-2000,GB,FR,252,117,2958,0.0851926977687626,3.267655183182675e-05,1
1996-2000,IT,FR,145,117,2958,0.0490196078431372,0.0029369817676969,1
1996-2000,MX,FR,91,117,2958,0.0307640297498309,0.0266578242940963,1
1996-2000,PT,FR,82,117,2958,0.0277214334009465,0.0383462233748524,1
1996-2000,US,FR,379,117,2958,0.1281271129141311,1.2375649683852314e-07,1
1996-2000,FR,GA,6,5,10,0.6,0.0256,1
1996-2000,AU,GB,285,136,7556,0.037718369507676,0.0055692456999165,1
1996-2000,BR,GB,201,136,7556,0.0266013763896241,0.0262571904882854,1
1996-2000,CA,GB,225,136,7556,0.0297776601376389,0.0168896824618237,1
1996-2000,CN,GB,182,136,7556,0.0240868184224457,0.0371971651338228,1
1996-2000,DE,GB,403,136,7556,0.0533350979354155,0.0006116419049967,1
1996-2000,ES,GB,376,136,7556,0.0497617787188988,0.0010171542638851,1
1996-2000,FR,GB,362,136,7556,0.0479089465325569,0.0013231082317302,1
1996-2000,GR,GB,370,136,7556,0.0489677077818951,0.0011385722338422,1
1996-2000,IE,GB,213,136,7556,0.0281895182636315,0.0210626571889276,1
1996-2000,IN,GB,176,136,7556,0.023292747485442,0.0415141067163715,1
1996-2000,IT,GB,338,136,7556,0.044732662784542,0.0020742702756852,1
1996-2000,MY,GB,178,136,7556,0.0235574377977766,0.0400225468370313,1
1996-2000,PT,GB,276,136,7556,0.0365272631021704,0.006581472311415,1
1996-2000,US,GB,934,136,7556,0.1236103758602435,1.8370698409469543e-08,1
1996-2000,US,GD,12,5,16,0.75,0.00390625,1
1996-2000,RU,GE,7,10,18,0.3888888888888889,0.0118872561331787,1
1996-2000,GB,GH,12,17,48,0.25,0.0100225957576185,1
1996-2000,DE,GR,38,45,529,0.0718336483931947,0.0376301616426659,1
1996-2000,FR,GR,39,45,529,0.0737240075614366,0.0344015453323547,1
1996-2000,GB,GR,199,45,529,0.3761814744801512,9.606468987854931e-10,1
1996-2000,US,GR,123,45,529,0.2325141776937618,8.771945158677402e-06,1
1996-2000,US,GT,9,10,25,0.36,0.0180143985094819,1
1996-2000,CN,HK,129,29,346,0.3728323699421965,2.121982419916236e-06,1
1996-2000,GB,HK,48,29,346,0.1387283236994219,0.0152730097125448,1
1996-2000,US,HK,65,29,346,0.1878612716763005,0.0029488059293861,1
1996-2000,US,HN,8,11,24,0.3333333333333333,0.0173415299158326,1
1996-2000,US,HR,9,16,46,0.1956521739130435,0.0381643953207684,1
1996-2000,GB,HU,24,36,214,0.1121495327102803,0.0155558578583348,1
1996-2000,RO,HU,36,36,214,0.1682242990654205,0.001585689000397,1
1996-2000,US,HU,38,36,214,0.1775700934579439,0.001067729658289,1
1996-2000,AU,ID,33,30,201,0.1641791044776119,0.0055116737778114,1
1996-2000,GB,ID,27,30,201,0.1343283582089552,0.0152490411015605,1
1996-2000,US,ID,41,30,201,0.2039800995024875,0.00133904086736,1
1996-2000,GB,IE,210,52,485,0.4329896907216495,2.711057423897451e-13,1
1996-2000,US,IE,67,52,485,0.1381443298969072,0.0005095205466398,1
1996-2000,GB,IL,28,58,412,0.0679611650485436,0.0181024966198784,1
1996-2000,RU,IL,43,58,412,0.1043689320388349,0.0018679341290602,1
1996-2000,US,IL,156,58,412,0.3786407766990291,1.6616391224351652e-12,1
1996-2000,GB,IN,58,67,463,0.1252699784017278,0.0001457760321192,1
1996-2000,US,IN,135,67,463,0.2915766738660907,1.3162193700822347e-10,1
1996-2000,JO,IQ,13,14,42,0.3095238095238095,0.0081083632670731,1
1996-2000,AU,IR,50,34,320,0.15625,0.0036732875994328,1
1996-2000,CA,IR,53,34,320,0.165625,0.0025405183753612,1
1996-2000,GB,IR,80,34,320,0.25,7.533931929047496e-05,1
1996-2000,US,IR,32,34,320,0.1,0.0309031543826326,1
1996-2000,SE,IS,14,17,79,0.1772151898734177,0.0441143866807379,1
1996-2000,US,IS,28,17,79,0.3544303797468354,0.000910100508289,1
1996-2000,CH,IT,52,84,1399,0.037169406719085,0.0431161666819503,1
1996-2000,DE,IT,114,84,1399,0.0814867762687634,0.0008631559996041,1
1996-2000,ES,IT,86,84,1399,0.0614724803431022,0.0051653762648837,1
1996-2000,FR,IT,113,84,1399,0.080771979985704,0.0009207253275471,1
1996-2000,GB,IT,181,84,1399,0.1293781272337383,1.0135720494606512e-05,1
1996-2000,US,IT,293,84,1399,0.2094353109363831,3.3791326108102862e-09,1
1996-2000,GB,JO,41,37,212,0.1933962264150943,0.0004362836930416,1
1996-2000,IQ,JO,21,37,212,0.0990566037735849,0.0233943092997296,1
1996-2000,US,JO,58,37,212,0.2735849056603773,1.006131987800507e-05,1
1996-2000,BD,JP,62,90,1734,0.035755478662053,0.0391434424394001,1
1996-2000,CN,JP,252,90,1734,0.1453287197231834,8.513748852929226e-07,1
1996-2000,GB,JP,92,90,1734,0.0530565167243368,0.0078134224897519,1
1996-2000,ID,JP,126,90,1734,0.0726643598615917,0.0012136365947055,1
1996-2000,KR,JP,63,90,1734,0.0363321799307958,0.0371137425687868,1
1996-2000,US,JP,388,90,1734,0.223760092272203,1.6204701689009507e-10,1
1996-2000,GB,KE,22,29,87,0.2528735632183908,0.0002851247468402,1
1996-2000,US,KE,15,29,87,0.1724137931034483,0.0049977074091042,1
1996-2000,RU,KG,7,6,14,0.5,0.03125,1
1996-2000,US,KR,485,35,712,0.6811797752808989,1.3199557156153923e-17,1
1996-2000,US,KW,35,16,74,0.4729729729729729,6.721919535113092e-05,1
1996-2000,RU,KZ,32,9,50,0.64,0.0002821109907455,1
1996-2000,FR,LB,26,20,90,0.2888888888888888,0.0015374883240269,1
1996-2000,US,LB,26,20,90,0.2888888888888888,0.0015374883240269,1
1996-2000,GB,LK,18,18,60,0.3,0.002326305139872,1
1996-2000,US,LT,9,19,46,0.1956521739130435,0.019860494741749,1
1996-2000,BE,LU,11,15,52,0.2115384615384615,0.0358861760360463,1
1996-2000,IQ,LY,27,13,49,0.5510204081632653,6.70994884958925e-05,1
1996-2000,FR,MA,38,13,62,0.6129032258064516,1.1319692426460444e-05,1
1996-2000,RO,MD,9,7,18,0.5,0.015625,1
1996-2000,RS,ME,11,4,14,0.7857142857142857,0.0098396501457725,1
1996-2000,RU,MN,6,9,15,0.4,0.0167961599999999,1
1996-2000,GB,MT,12,13,25,0.48,0.0003908770064862,1
1996-2000,CO,MX,79,55,938,0.0842217484008528,0.0086432599423525,1
1996-2000,ES,MX,99,55,938,0.1055437100213219,0.0024221030261857,1
1996-2000,FR,MX,86,55,938,0.091684434968017,0.0055562892336475,1
1996-2000,GB,MX,75,55,938,0.079957356076759,0.0111078420643192,1
1996-2000,US,MX,246,55,938,0.2622601279317697,7.35827184109111e-08,1
1996-2000,GB,MY,240,47,655,0.366412213740458,7.640339362222464e-10,1
1996-2000,ID,MY,60,47,655,0.0916030534351145,0.012041500939493,1
1996-2000,US,MY,105,47,655,0.1603053435114503,0.0003232837812317,1
1996-2000,PT,MZ,10,19,38,0.2631578947368421,0.0040995843358092,1
1996-2000,GB,NG,15,23,65,0.2307692307692307,0.0031134812112267,1
1996-2000,US,NG,14,23,65,0.2153846153846154,0.0048133786578991,1
1996-2000,BE,NL,60,94,1371,0.0437636761487965,0.0155799848760087,1
1996-2000,DE,NL,112,94,1371,0.0816921954777534,0.0003613346455039,1
1996-2000,ES,NL,59,94,1371,0.0430342815463165,0.0167248935883255,1
1996-2000,FR,NL,64,94,1371,0.0466812545587162,0.0117259044123536,1
1996-2000,GB,NL,127,94,1371,0.0926331145149525,0.0001185255768269,1
1996-2000,ID,NL,49,94,1371,0.0357403355215171,0.0338876952991001,1
1996-2000,IT,NL,51,94,1371,0.037199124726477,0.0294369158742154,1
1996-2000,PT,NL,47,94,1371,0.0342815463165572,0.0390031173077614,1
1996-2000,US,NL,156,94,1371,0.1137855579868709,1.3216320213454407e-05,1
1996-2000,DE,NO,31,63,356,0.0870786516853932,0.0035226419800744,1
1996-2000,DK,NO,19,63,356,0.0533707865168539,0.033354465051503,1
1996-2000,GB,NO,45,63,356,0.1264044943820224,0.0002297440355411,1
1996-2000,SE,NO,40,63,356,0.1123595505617977,0.0006175885675988,1
1996-2000,US,NO,49,63,356,0.1376404494382022,0.0001029625773534,1
1996-2000,IN,NP,15,18,50,0.3,0.002326305139872,1
1996-2000,AU,NZ,64,54,423,0.1513002364066193,0.0001674812924882,1
1996-2000,CA,NZ,30,54,423,0.0709219858156028,0.0202658908389872,1
1996-2000,GB,NZ,96,54,423,0.226950354609929,1.1884787477275965e-06,1
1996-2000,US,NZ,70,54,423,0.1654846335697399,6.855196603999554e-05,1
1996-2000,GB,OM,8,24,58,0.1379310344827586,0.0329204867407104,1
1996-2000,IN,OM,14,24,58,0.2413793103448276,0.0017400739573277,1
1996-2000,US,OM,8,24,58,0.1379310344827586,0.0329204867407104,1
1996-2000,CR,PA,10,20,68,0.1470588235294117,0.0486925519498689,1
1996-2000,MX,PA,10,20,68,0.1470588235294117,0.0486925519498689,1
1996-2000,US,PA,14,20,68,0.2058823529411764,0.0125259909969921,1
1996-2000,BR,PE,27,39,295,0.0915254237288135,0.0260546693412291,1
1996-2000,CL,PE,25,39,295,0.0847457627118644,0.0345610104133967,1
1996-2000,ES,PE,46,39,295,0.1559322033898305,0.0015934505207648,1
1996-2000,US,PE,53,39,295,0.1796610169491525,0.0005391967925282,1
1996-2000,ID,PH,20,30,111,0.1801801801801801,0.0031465453285797,1
1996-2000,US,PH,26,30,111,0.2342342342342342,0.0004352937794191,1
1996-2000,GB,PK,30,26,83,0.3614457831325301,1.3487902894746183e-05,1
1996-2000,US,PK,18,26,83,0.216867469879518,0.0022175917980988,1
1996-2000,DE,PL,46,52,356,0.1292134831460674,0.0008619786099817,1
1996-2000,FR,PL,30,52,356,0.0842696629213483,0.0112240012619201,1
1996-2000,GB,PL,37,52,356,0.1039325842696629,0.0037100087961841,1
1996-2000,UA,PL,26,52,356,0.0730337078651685,0.0209055230121572,1
1996-2000,US,PL,52,52,356,0.146067415730337,0.0003181287121978,1
1996-2000,US,PR,46,14,80,0.575,1.475897138253741e-05,1
1996-2000,JO,PS,18,27,96,0.1875,0.0045228023684499,1
1996-2000,US,PS,14,27,96,0.1458333333333333,0.0166000005698195,1
1996-2000,BR,PT,80,51,863,0.0926998841251448,0.0077187738550085,1
1996-2000,ES,PT,98,51,863,0.1135573580533024,0.0024128591560811,1
1996-2000,FR,PT,92,51,863,0.1066048667439165,0.003565981754737,1
1996-2000,GB,PT,181,51,863,0.2097334878331402,7.738894871643427e-06,1
1996-2000,US,PT,97,51,863,0.1123986095017381,0.002575720270858,1
1996-2000,BR,PY,9,10,30,0.3,0.0403536069999999,1
1996-2000,JO,QA,8,22,45,0.1777777777777777,0.0163973405375209,1
1996-2000,US,QA,7,22,45,0.1555555555555555,0.0287073259007741,1
1996-2000,FR,RO,28,27,121,0.2314049586776859,0.0010669327204429,1
1996-2000,MD,RO,14,27,121,0.1157024793388429,0.0408844906522205,1
1996-2000,ME,RS,13,20,67,0.1940298507462686,0.0165981691195224,1
1996-2000,US,RS,12,20,67,0.1791044776119403,0.0235217618772235,1
1996-2000,KZ,RU,46,60,383,0.1201044386422976,0.0005265462053094,1
1996-2000,UA,RU,78,60,383,0.2036553524804177,1.4620521282700914e-06,1
1996-2000,US,RU,30,60,383,0.0783289817232376,0.0081279299820715,1
1996-2000,EG,SA,43,34,252,0.1706349206349206,0.0020826178955052,1
1996-2000,GB,SA,33,34,252,0.1309523809523809,0.0097372863991097,1
1996-2000,US,SA,57,34,252,0.2261904761904762,0.0002113120820713,1
1996-2000,JO,SD,6,27,53,0.1132075471698113,0.0439917964003471,1
1996-2000,CN,SE,44,89,998,0.0440881763527054,0.018913388377075,1
1996-2000,DE,SE,60,89,998,0.0601202404809619,0.0042693537796242,1
1996-2000,DK,SE,41,89,998,0.0410821643286573,0.0249323314104805,1
1996-2000,FR,SE,40,89,998,0.0400801603206412,0.027332362099208,1
1996-2000,GB,SE,93,89,998,0.0931863727454909,0.0001826363994572,1
1996-2000,RU,SE,43,89,998,0.0430861723446893,0.0207400149966055,1
1996-2000,US,SE,138,89,998,0.1382765531062124,2.052939146498674e-06,1
1996-2000,AU,SG,52,38,492,0.1056910569105691,0.0160339390212318,1
1996-2000,CN,SG,138,38,492,0.2804878048780488,5.13348021522956e-06,1
1996-2000,GB,SG,60,38,492,0.1219512195121951,0.0081318588137077,1
1996-2000,IN,SG,43,38,492,0.0873983739837398,0.0339160927871259,1
1996-2000,US,SG,52,38,492,0.1056910569105691,0.0160339390212318,1
1996-2000,HR,SI,8,20,42,0.1904761904761904,0.0180452501272761,1
1996-2000,CZ,SK,15,18,56,0.2678571428571428,0.0049903281566548,1
1996-2000,FR,SN,6,12,20,0.3,0.0197732674299999,1
1996-2000,GB,TH,31,34,271,0.1143911439114391,0.0181545035650555,1
1996-2000,US,TH,72,34,271,0.2656826568265683,3.7511542470993534e-05,1
1996-2000,VN,TH,37,34,271,0.1365313653136531,0.0078729355405001,1
1996-2000,FR,TN,50,20,92,0.5434782608695652,3.386630364938494e-07,1
1996-2000,GB,TR,112,46,447,0.2505592841163311,2.307691634494822e-06,1
1996-2000,US,TR,194,46,447,0.4340044742729306,7.526358689316678e-12,1
1996-2000,GB,TT,10,8,20,0.5,0.0078125,1
1996-2000,US,TW,373,28,525,0.7104761904761905,2.920624221109582e-15,1
1996-2000,KE,TZ,10,23,57,0.175438596491228,0.0143517892987852,1
1996-2000,RU,UA,138,30,224,0.6160714285714286,8.775311756070539e-13,1
1996-2000,GB,UG,9,19,42,0.2142857142857142,0.0130245788908268,1
1996-2000,BR,US,551,154,13978,0.0394190871369294,0.0021266439024073,1
1996-2000,CA,US,1008,154,13978,0.0721133209328945,1.063471392388554e-05,1
1996-2000,CN,US,1296,154,13978,0.0927171269137215,3.424798661635735e-07,1
1996-2000,DE,US,786,154,13978,0.0562312204893403,0.0001427045414202,1
1996-2000,ES,US,404,154,13978,0.028902561167549,0.0112514821051872,1
1996-2000,FR,US,550,154,13978,0.0393475461439404,0.0021510145845022,1
1996-2000,GB,US,1077,154,13978,0.0770496494491343,4.702035260994052e-06,1
1996-2000,IN,US,656,154,13978,0.0469308914007726,0.0006397822059152,1
1996-2000,IT,US,393,154,13978,0.0281156102446701,0.0127360516682265,1
1996-2000,JP,US,584,154,13978,0.0417799399055658,0.0014594342858967,1
1996-2000,KR,US,699,154,13978,0.0500071540992989,0.000390131681034,1
1996-2000,MX,US,354,154,13978,0.0253255115180998,0.0197477953983383,1
1996-2000,RU,US,288,154,13978,0.020603805980827,0.0413653816306708,1
1996-2000,TR,US,457,154,13978,0.032694233795965,0.0061838340726101,1
1996-2000,TW,US,273,154,13978,0.0195306910859922,0.0489105528574115,1
1996-2000,RU,UZ,9,7,17,0.5294117647058824,0.0108604143192713,1
1996-2000,IT,VA,9,4,14,0.6428571428571429,0.0455539358600582,1
1996-2000,US,VE,50,21,165,0.303030303030303,0.0007316071190154,1
1996-2000,FR,VN,10,23,74,0.1351351351351351,0.041007339480502,1
1996-2000,TH,VN,10,23,74,0.1351351351351351,0.041007339480502,1
1996-2000,IQ,YE,10,13,33,0.303030303030303,0.0131391343584518,1
1996-2000,DE,ZA,25,55,413,0.0605326876513317,0.0343249878863355,1
1996-2000,GB,ZA,95,55,413,0.2300242130750605,7.409035739306132e-07,1
1996-2000,US,ZA,75,55,413,0.1815980629539951,1.9961768998819363e-05,1
1996-2000,ZW,ZA,36,55,413,0.0871670702179176,0.0072632354314543,1
1996-2000,GB,ZM,9,11,24,0.375,0.0090949470177292,1
1996-2000,GB,ZW,15,24,53,0.2830188679245283,0.0004749826228882,1
1996-2000,ZA,ZW,8,24,53,0.1509433962264151,0.0232029292621301,1
2001-2005,EG,AE,31,49,412,0.0752427184466019,0.0234062836013116,1
2001-2005,GB,AE,45,49,412,0.1092233009708737,0.0038806521399723,1
2001-2005,IN,AE,56,49,412,0.1359223300970873,0.0009006032981986,1
2001-2005,US,AE,82,49,412,0.1990291262135922,2.363756545960079e-05,1
2001-2005,PK,AF,6,20,30,0.2,0.0144115188075856,1
2001-2005,US,AL,7,24,48,0.1458333333333333,0.0266366892966945,1
2001-2005,RU,AM,5,16,26,0.1923076923076923,0.0406152566067191,1
2001-2005,CU,AO,9,18,44,0.2045454545454545,0.0204390757722571,1
2001-2005,PT,AO,10,18,44,0.2272727272727272,0.012486654336072,1
2001-2005,BR,AR,42,44,445,0.0943820224719101,0.01408109770285,1
2001-2005,CO,AR,43,44,445,0.096629213483146,0.0126543490746044,1
2001-2005,ES,AR,55,44,445,0.1235955056179775,0.0034379347514769,1
2001-2005,US,AR,62,44,445,0.1393258426966292,0.0015778539757615,1
2001-2005,DE,AT,217,72,903,0.2403100775193798,3.351057986618296e-09,1
2001-2005,GB,AT,58,72,903,0.0642303433001107,0.0089742065944627,1
2001-2005,IT,AT,49,72,903,0.0542635658914728,0.0190405086794618,1
2001-2005,US,AT,101,72,903,0.1118493909191583,0.0002200644424926,1
2001-2005,CA,AU,132,106,3328,0.0396634615384615,0.0142712681845192,1
2001-2005,CN,AU,154,106,3328,0.0462740384615384,0.0069100072655534,1
2001-2005,DE,AU,139,106,3328,0.0417668269230769,0.0113364263417637,1
2001-2005,GB,AU,562,106,3328,0.1688701923076923,3.6747695261480084e-09,1
2001-2005,ID,AU,266,106,3328,0.0799278846153846,0.0001589630614013,1
2001-2005,IN,AU,114,106,3328,0.0342548076923076,0.0257376123198761,1
2001-2005,MY,AU,113,106,3328,0.0339543269230769,0.0265921996275384,1
2001-2005,NZ,AU,156,106,3328,0.046875,0.0064674846677502,1
2001-2005,US,AU,447,106,3328,0.1343149038461538,2.6472427616076575e-07,1
2001-2005,RU,AZ,11,10,23,0.4782608695652174,0.0028647101727673,1
2001-2005,HR,BA,10,24,70,0.1428571428571428,0.0288551833681135,1
2001-2005,RS,BA,17,24,70,0.2428571428571428,0.0016637577078696,1
2001-2005,AU,BD,21,34,213,0.0985915492957746,0.0325397066759027,1
2001-2005,GB,BD,31,34,213,0.1455399061032863,0.0055696626362426,1
2001-2005,IN,BD,32,34,213,0.1502347417840375,0.0046437203398106,1
2001-2005,JP,BD,36,34,213,0.1690140845070422,0.002221216426106,1
2001-2005,DE,BE,51,105,1261,0.0404440919904837,0.0136555598275132,1
2001-2005,ES,BE,63,105,1261,0.0499603489294211,0.0048432855393497,1
2001-2005,FR,BE,130,105,1261,0.1030927835051546,1.218265396284319e-05,1
2001-2005,GB,BE,78,105,1261,0.0618556701030927,0.0013063045444588,1
2001-2005,IT,BE,64,105,1261,0.0507533703409992,0.0044404055690792,1
2001-2005,NL,BE,94,105,1261,0.0745440126883425,0.0003169567646359,1
2001-2005,PT,BE,37,105,1261,0.0293417922283901,0.0451750298908814,1
2001-2005,US,BE,87,105,1261,0.0689928628072958,0.0005903547680494,1
2001-2005,VN,BE,38,105,1261,0.0301348136399682,0.0414937349216343,1
2001-2005,DE,BG,16,33,109,0.146788990825688,0.006220229657852,1
2001-2005,GB,BG,10,33,109,0.091743119266055,0.0459915761229138,1
2001-2005,RU,BG,12,33,109,0.110091743119266,0.0239357787836897,1
2001-2005,GB,BH,8,17,45,0.1777777777777777,0.0436342348385921,1
2001-2005,GB,BN,12,19,36,0.3333333333333333,0.0006766394845988,1
2001-2005,US,BO,11,22,75,0.1466666666666666,0.0357678571550917,1
2001-2005,AR,BR,76,75,1863,0.0407944176060118,0.0458633340896497,1
2001-2005,CO,BR,127,75,1863,0.0681696188942565,0.0053818065122992,1
2001-2005,DE,BR,112,75,1863,0.0601180891035963,0.0101724027790736,1
2001-2005,ES,BR,105,75,1863,0.0563607085346215,0.0136661181874279,1
2001-2005,FR,BR,172,75,1863,0.0923242082662372,0.0007706828591734,1
2001-2005,GB,BR,185,75,1863,0.0993022007514761,0.0004353650059813,1
2001-2005,PE,BR,119,75,1863,0.0638754696725711,0.0075628990217,1
2001-2005,PT,BR,82,75,1863,0.0440150295222759,0.0357584576184336,1
2001-2005,US,BR,430,75,1863,0.2308105206655931,3.685248915682895e-09,1
2001-2005,IN,BT,18,8,26,0.6923076923076923,0.000261105772428,1
2001-2005,GB,BW,12,24,61,0.1967213114754098,0.0064852039030968,1
2001-2005,RU,BY,16,13,32,0.5,0.000244140625,1
2001-2005,BR,CA,105,121,3805,0.0275952693823915,0.0348054742124825,1
2001-2005,CN,CA,231,121,3805,0.0607095926412614,0.0005444856615554,1
2001-2005,DE,CA,142,121,3805,0.0373193166885676,0.0104200764895441,1
2001-2005,FR,CA,260,121,3805,0.0683311432325887,0.0002048280401149,1
2001-2005,GB,CA,309,121,3805,0.0812089356110381,3.8548860305823926e-05,1
2001-2005,IN,CA,94,121,3805,0.0247043363994743,0.0496998627117387,1
2001-2005,IR,CA,100,121,3805,0.026281208935611,0.0409285298456053,1
2001-2005,US,CA,1135,121,3805,0.2982917214191853,3.457737587340343e-19,1
2001-2005,BE,CD,8,15,25,0.32,0.0045198578652761,1
2001-2005,DE,CH,448,100,2245,0.199554565701559,2.6905523417822607e-10,1
2001-2005,FR,CH,294,100,2245,0.1309576837416481,9.226807956671888e-07,1
2001-2005,GB,CH,160,100,2245,0.0712694877505567,0.0006623410665696,1
2001-2005,IT,CH,147,100,2245,0.065478841870824,0.0012255321626952,1
2001-2005,NL,CH,67,100,2245,0.0298440979955456,0.0498094192305163,1
2001-2005,US,CH,337,100,2245,0.1501113585746102,1.0158754797195828e-07,1
2001-2005,FR,CI,5,17,26,0.1923076923076923,0.0328046303361962,1
2001-2005,CO,CL,63,47,641,0.0982839313572542,0.0085745474792525,1
2001-2005,ES,CL,100,47,641,0.15600624024961,0.0004088884443144,1
2001-2005,PE,CL,43,47,641,0.0670826833073322,0.0410001179020683,1
2001-2005,US,CL,95,47,641,0.1482059282371295,0.0006242983779529,1
2001-2005,FR,CM,7,16,33,0.2121212121212121,0.0279827969665811,1
2001-2005,DE,CN,103,80,1403,0.0734141126158232,0.0024208552417282,1
2001-2005,GB,CN,112,80,1403,0.0798289379900213,0.0013983539959884,1
2001-2005,HK,CN,102,80,1403,0.0727013542409123,0.0025724705827292,1
2001-2005,JP,CN,187,80,1403,0.1332858161083392,1.236506514467156e-05,1
2001-2005,US,CN,405,80,1403,0.2886671418389166,2.0594760719325548e-12,1
2001-2005,BR,CO,53,55,895,0.059217877094972,0.0370176661136222,1
2001-2005,ES,CO,171,55,895,0.1910614525139664,1.06521841959668e-05,1
2001-2005,FR,CO,62,55,895,0.0692737430167597,0.020719829097134,1
2001-2005,GB,CO,57,55,895,0.0636871508379888,0.0286241829481919,1
2001-2005,US,CO,155,55,895,0.1731843575418994,3.467919106075067e-05,1
2001-2005,CO,CR,29,37,213,0.136150234741784,0.0051496285577526,1
2001-2005,MX,CR,18,37,213,0.0845070422535211,0.0416466703457501,1
2001-2005,US,CR,30,37,213,0.1408450704225352,0.0042322713695254,1
2001-2005,CO,CU,33,52,242,0.1363636363636363,0.0005660788470135,1
2001-2005,ES,CU,29,52,242,0.1198347107438016,0.0014885934728429,1
2001-2005,MX,CU,33,52,242,0.1363636363636363,0.0005660788470135,1
2001-2005,VE,CU,18,52,242,0.0743801652892562,0.0194117759490604,1
2001-2005,PT,CV,16,7,32,0.5,0.015625,1
2001-2005,GB,CY,38,22,204,0.1862745098039215,0.0131836702798491,1
2001-2005,GR,CY,35,22,204,0.1715686274509804,0.01920380471493,1
2001-2005,TR,CY,30,22,204,0.1470588235294117,0.0354242527593769,1
2001-2005,US,CY,63,22,204,0.3088235294117647,0.000427925187686,1
2001-2005,DE,CZ,32,48,314,0.1019108280254777,0.0063975638878892,1
2001-2005,SK,CZ,64,48,314,0.2038216560509554,2.225804151678919e-05,1
2001-2005,US,CZ,45,48,314,0.143312101910828,0.0006960872847276,1
2001-2005,AT,DE,157,124,5572,0.0281765972720746,0.0297333911920129,1
2001-2005,BR,DE,178,124,5572,0.0319454414931801,0.0184365487837539,1
2001-2005,CH,DE,225,124,5572,0.0403804737975592,0.0062832796725609,1
2001-2005,CN,DE,272,124,5572,0.0488155061019382,0.0021211222880476,1
2001-2005,ES,DE,220,124,5572,0.0394831299353912,0.007048790971487,1
2001-2005,FR,DE,288,124,5572,0.0516870064608758,0.0014623766582265,1
2001-2005,GB,DE,446,124,5572,0.080043072505384,3.49463461082541e-05,1
2001-2005,IN,DE,215,124,5572,0.0385857860732232,0.0079067180144361,1
2001-2005,IT,DE,219,124,5572,0.0393036611629576,0.007212647085083,1
2001-2005,NL,DE,149,124,5572,0.0267408470926058,0.0356537399135853,1
2001-2005,PL,DE,162,124,5572,0.0290739411342426,0.0265397822083528,1
2001-2005,RU,DE,160,124,5572,0.0287150035893754,0.0277742065781083,1
2001-2005,US,DE,738,124,5572,0.1324479540559942,2.5724752988844372e-08,1
2001-2005,DE,DK,73,73,737,0.0990502035278154,0.0005475737099285,1
2001-2005,ES,DK,31,73,737,0.0420624151967435,0.0453188989505388,1
2001-2005,GB,DK,80,73,737,0.1085481682496607,0.0002552980410846,1
2001-2005,SE,DK,73,73,737,0.0990502035278154,0.0005475737099285,1
2001-2005,US,DK,95,73,737,0.1289009497964721,4.8401954058118965e-05,1
2001-2005,US,DO,18,25,62,0.2903225806451613,0.0002663567380896,1
2001-2005,FR,DZ,28,24,67,0.417910447761194,3.933376325493249e-06,1
2001-2005,CL,EC,24,33,242,0.0991735537190082,0.0353603116449504,1
2001-2005,CO,EC,22,33,242,0.0909090909090909,0.0473624407447669,1
2001-2005,ES,EC,35,33,242,0.1446280991735537,0.006744648842859,1
2001-2005,US,EC,37,33,242,0.152892561983471,0.0049434693110557,1
2001-2005,DE,EE,10,22,68,0.1470588235294117,0.0354242527593769,1
2001-2005,FI,EE,10,22,68,0.1470588235294117,0.0354242527593769,1
2001-2005,DE,EG,44,60,451,0.0975609756097561,0.0023423628607281,1
2001-2005,GB,EG,57,60,451,0.1263858093126385,0.0003450333834193,1
2001-2005,JP,EG,23,60,451,0.0509977827050997,0.0455791688030681,1
2001-2005,SA,EG,32,60,451,0.0709534368070953,0.0130080256378149,1
2001-2005,US,EG,92,60,451,0.2039911308203991,1.4261213950177002e-06,1
2001-2005,AR,ES,239,111,5428,0.0440309506263817,0.0070602728947817,1
2001-2005,BR,ES,241,111,5428,0.0443994104642593,0.0067671373401116,1
2001-2005,CL,ES,286,111,5428,0.052689756816507,0.0025950496121579,1
2001-2005,CO,ES,606,111,5428,0.1116433308769344,2.2111101383755948e-06,1
2001-2005,DE,ES,227,111,5428,0.0418201915991156,0.009102729276012,1
2001-2005,FR,ES,252,111,5428,0.0464259395725865,0.0053578080944353,1
2001-2005,GB,ES,437,111,5428,0.0805084745762711,9.778008188562314e-05,1
2001-2005,IT,ES,218,111,5428,0.0401621223286661,0.0110094918500142,1
2001-2005,MX,ES,457,111,5428,0.0841930729550479,6.286829127695859e-05,1
2001-2005,PE,ES,185,111,5428,0.0340825350036846,0.0220496682612225,1
2001-2005,PT,ES,485,111,5428,0.0893515106853353,3.377418376470819e-05,1
2001-2005,US,ES,485,111,5428,0.0893515106853353,3.377418376470819e-05,1
2001-2005,VE,ES,218,111,5428,0.0401621223286661,0.0110094918500142,1
2001-2005,DE,ET,16,35,131,0.1221374045801526,0.0119262118528718,1
2001-2005,IN,ET,42,35,131,0.3206106870229007,1.9590078380833528e-06,1
2001-2005,DE,FI,40,62,524,0.0763358778625954,0.0078769584441446,1
2001-2005,ES,FI,30,62,524,0.0572519083969465,0.0274242890901516,1
2001-2005,GB,FI,69,62,524,0.1316793893129771,0.0001817551352325,1
2001-2005,SE,FI,27,62,524,0.0515267175572519,0.0396763037768531,1
2001-2005,US,FI,54,62,524,0.1030534351145038,0.0013145007192434,1
2001-2005,AU,FJ,13,12,33,0.3939393939393939,0.0040520669621155,1
2001-2005,BE,FR,115,134,4755,0.0241850683491062,0.0385364836946526,1
2001-2005,BR,FR,267,134,4755,0.0561514195583596,0.0004592080446223,1
2001-2005,CA,FR,145,134,4755,0.0304942166140904,0.0162631155413149,1
2001-2005,CH,FR,161,134,4755,0.0338590956887486,0.0102419453671905,1
2001-2005,CN,FR,108,134,4755,0.0227129337539432,0.0470918888534063,1
2001-2005,CO,FR,120,134,4755,0.0252365930599369,0.0333884215834379,1
2001-2005,DE,FR,295,134,4755,0.0620399579390115,0.0001997638407419,1
2001-2005,ES,FR,268,134,4755,0.0563617245005257,0.000445797797551,1
2001-2005,GB,FR,388,134,4755,0.0815983175604626,1.2115607521944943e-05,1
2001-2005,IT,FR,255,134,4755,0.0536277602523659,0.0006550055845049,1
2001-2005,MX,FR,107,134,4755,0.022502628811777,0.048459011234373,1
2001-2005,PT,FR,125,134,4755,0.0262881177707676,0.0289236086052317,1
2001-2005,US,FR,550,134,4755,0.1156677181913775,7.940698167567854e-08,1
2001-2005,FR,GA,5,6,10,0.5,0.03125,1
2001-2005,AU,GB,419,153,11267,0.0371882488683766,0.0031498516151165,1
2001-2005,CA,GB,311,153,11267,0.0276027336469335,0.0141986432780052,1
2001-2005,CN,GB,505,153,11267,0.0448211591373036,0.0009394494052108,1
2001-2005,DE,GB,601,153,11267,0.0533416171119197,0.0002406463752764,1
2001-2005,ES,GB,477,153,11267,0.0423360255613739,0.0013944368644306,1
2001-2005,FR,GB,514,153,11267,0.0456199520724238,0.0008272664769733,1
2001-2005,GR,GB,426,153,11267,0.0378095322623591,0.002855483242326,1
2001-2005,IE,GB,301,153,11267,0.0267151859412443,0.0163106766820619,1
2001-2005,IN,GB,455,153,11267,0.0403834206088577,0.0019004519423318,1
2001-2005,IT,GB,384,153,11267,0.0340818318984645,0.0051396186691328,1
2001-2005,MY,GB,346,153,11267,0.0307091506168456,0.008730219110316,1
2001-2005,NL,GB,261,153,11267,0.0231649951184876,0.0283677278640203,1
2001-2005,PT,GB,343,153,11267,0.0304428863051389,0.0091024094413892,1
2001-2005,US,GB,1450,153,11267,0.1286944173249312,8.05221745905649e-10,1
2001-2005,US,GD,18,4,21,0.8571428571428571,0.0029154518950437,1
2001-2005,US,GE,9,16,37,0.2432432432432432,0.0152877865047061,1
2001-2005,FR,GF,7,4,11,0.6363636363636364,0.0480841472577009,1
2001-2005,GB,GH,16,31,99,0.1616161616161616,0.0050499483163177,1
2001-2005,NO,GH,10,31,99,0.101010101010101,0.0409868329231218,1
2001-2005,US,GH,13,31,99,0.1313131313131313,0.0146520266319844,1
2001-2005,GB,GM,7,7,15,0.4666666666666667,0.0230140137174211,1
2001-2005,FR,GP,12,3,14,0.8571428571428571,0.0204081632653061,1
2001-2005,FR,GR,43,57,811,0.0530209617755857,0.0473217161230231,1
2001-2005,GB,GR,371,57,811,0.4574599260172626,1.343327938848302e-15,1
2001-2005,US,GR,113,57,811,0.1393341553637484,0.0002242517449532,1
2001-2005,MX,GT,10,16,46,0.217391304347826,0.0253028846871158,1
2001-2005,CN,HK,314,34,563,0.5577264653641207,2.0314279525221367e-12,1
2001-2005,GB,HK,60,34,563,0.1065719360568383,0.0242642279195549,1
2001-2005,US,HK,59,34,563,0.1047957371225577,0.0259078081625108,1
2001-2005,BA,HR,11,26,96,0.1145833333333333,0.0477191079933814,1
2001-2005,US,HR,20,26,96,0.2083333333333333,0.0029077628325324,1
2001-2005,GB,HU,20,44,280,0.0714285714285714,0.04131032531602,1
2001-2005,RO,HU,37,44,280,0.1321428571428571,0.0022556640450557,1
2001-2005,US,HU,42,44,280,0.15,0.0009226007550895,1
2001-2005,AU,ID,84,41,390,0.2153846153846154,6.113258750862204e-05,1
2001-2005,GB,ID,34,41,390,0.0871794871794871,0.0260264921500957,1
2001-2005,JP,ID,41,41,390,0.1051282051282051,0.0117606898578472,1
2001-2005,MY,ID,29,41,390,0.0743589743589743,0.0454677847334106,1
2001-2005,NL,ID,29,41,390,0.0743589743589743,0.0454677847334106,1
2001-2005,US,ID,63,41,390,0.1615384615384615,0.0008696126032908,1
2001-2005,DE,IE,47,75,935,0.0502673796791443,0.0220039304240488,1
2001-2005,ES,IE,40,75,935,0.0427807486631016,0.0393410012549904,1
2001-2005,FR,IE,38,75,935,0.0406417112299465,0.0464067955334161,1
2001-2005,GB,IE,329,75,935,0.3518716577540107,1.155885947075121e-14,1
2001-2005,US,IE,140,75,935,0.1497326203208556,6.125031351451411e-06,1
2001-2005,GB,IL,23,55,379,0.0606860158311345,0.0340237792730586,1
2001-2005,RU,IL,30,55,379,0.079155672823219,0.0116427538976092,1
2001-2005,US,IL,146,55,379,0.3852242744063324,3.896748681489399e-12,1
2001-2005,DE,IN,44,84,847,0.0519480519480519,0.0119417287085235,1
2001-2005,ET,IN,32,84,847,0.037780401416765,0.0409033113491423,1
2001-2005,GB,IN,89,84,847,0.1050767414403778,9.959121024665032e-05,1
2001-2005,IR,IN,43,84,847,0.050767414403778,0.013241250103113,1
2001-2005,NP,IN,39,84,847,0.0460448642266824,0.0199903264713544,1
2001-2005,US,IN,214,84,847,0.2526564344746163,3.1782267160113166e-11,1
2001-2005,GB,IQ,21,31,103,0.203883495145631,0.0010697907301222,1
2001-2005,LY,IQ,16,31,103,0.1553398058252427,0.0063162721960147,1
2001-2005,CA,IR,27,34,277,0.0974729241877256,0.033899079623009,1
2001-2005,GB,IR,76,34,277,0.2743682310469314,2.53301356607007e-05,1
2001-2005,IN,IR,27,34,277,0.0974729241877256,0.033899079623009,1
2001-2005,US,IR,27,34,277,0.0974729241877256,0.033899079623009,1
2001-2005,GB,IS,17,22,112,0.1517857142857142,0.03152225188206,1
2001-2005,US,IS,41,22,112,0.3660714285714285,6.963808936471052e-05,1
2001-2005,BR,IT,93,103,2417,0.0384774513860157,0.0182753741792437,1
2001-2005,CH,IT,90,103,2417,0.0372362432767894,0.0208455209799226,1
2001-2005,DE,IT,181,103,2417,0.0748862225899875,0.000356373316141,1
2001-2005,ES,IT,199,103,2417,0.0823334712453454,0.0001562639950711,1
2001-2005,FR,IT,176,103,2417,0.0728175424079437,0.0004475597524832,1
2001-2005,GB,IT,310,103,2417,0.128258171286719,8.309297156320652e-07,1
2001-2005,US,IT,383,103,2417,0.1584609019445593,2.278129533586613e-08,1
2001-2005,GB,JM,8,9,25,0.32,0.0457163239653375,1
2001-2005,GB,JO,51,47,411,0.1240875912408759,0.0022552320196578,1
2001-2005,IQ,JO,45,47,411,0.1094890510948905,0.0048239869230862,1
2001-2005,US,JO,117,47,411,0.2846715328467153,2.0288661327558305e-07,1
2001-2005,BD,JP,117,111,2730,0.0428571428571428,0.0080806053280028,1
2001-2005,CN,JP,293,111,2730,0.1073260073260073,3.7689210129952832e-06,1
2001-2005,DE,JP,84,111,2730,0.0307692307692307,0.0321359548963094,1
2001-2005,GB,JP,121,111,2730,0.0443223443223443,0.0068274342512591,1
2001-2005,ID,JP,200,111,2730,0.0732600732600732,0.0002319349275548,1
2001-2005,KR,JP,108,111,2730,0.0395604395604395,0.0117951762425944,1
2001-2005,US,JP,610,111,2730,0.2234432234432234,8.29953054615232e-13,1
2001-2005,GB,KE,32,39,170,0.188235294117647,0.00036169813619,1
2001-2005,US,KE,27,39,170,0.1588235294117647,0.0013986543851442,1
2001-2005,GB,KH,5,18,28,0.1785714285714285,0.0352928458690063,1
2001-2005,CN,KR,85,61,1443,0.0589050589050589,0.026182211758528,1
2001-2005,JP,KR,110,61,1443,0.0762300762300762,0.0085867555451747,1
2001-2005,US,KR,770,61,1443,0.5336105336105336,1.333288053676266e-20,1
2001-2005,US,KW,41,23,118,0.3474576271186441,8.344336184931808e-05,1
2001-2005,RU,KZ,45,17,83,0.5421686746987951,3.7263879588768313e-06,1
2001-2005,FR,LB,20,26,115,0.1739130434782608,0.0084264398179873,1
2001-2005,GB,LB,17,26,115,0.1478260869565217,0.0183318326299396,1
2001-2005,US,LB,40,26,115,0.3478260869565217,2.2860492156503148e-05,1
2001-2005,GB,LK,36,32,122,0.2950819672131147,1.9601857949624617e-05,1
2001-2005,IN,LK,14,32,122,0.1147540983606557,0.0228550233422413,1
2001-2005,US,LK,14,32,122,0.1147540983606557,0.0228550233422413,1
2001-2005,ZA,LS,9,7,19,0.4736842105263157,0.0212558459687469,1
2001-2005,DE,LT,11,24,75,0.1466666666666666,0.0260453587390677,1
2001-2005,BE,LU,23,20,118,0.1949152542372881,0.0162551268023183,1
2001-2005,DE,LU,20,20,118,0.1694915254237288,0.029345215242405,1
2001-2005,FR,LU,42,20,118,0.3559322033898305,0.0002342610656313,1
2001-2005,DE,LV,12,18,43,0.2790697674418604,0.0038387077573459,1
2001-2005,RU,LV,7,18,43,0.1627906976744186,0.0487729212263036,1
2001-2005,EG,LY,17,20,74,0.2297297297297297,0.0070181004970643,1
2001-2005,GB,LY,11,20,74,0.1486486486486486,0.0469967433809331,1
2001-2005,IQ,LY,12,20,74,0.1621621621621621,0.0346768328912256,1
2001-2005,MY,LY,11,20,74,0.1486486486486486,0.0469967433809331,1
2001-2005,FR,MA,27,26,89,0.3033707865168539,0.0001188617366582,1
2001-2005,US,MA,11,26,89,0.1235955056179775,0.0369500390016406,1
2001-2005,RO,MD,17,12,36,0.4722222222222222,0.0008850383751134,1
2001-2005,RS,ME,14,6,19,0.7368421052631579,0.0012620658543943,1
2001-2005,RU,MN,14,13,36,0.3888888888888889,0.0027129523170886,1
2001-2005,CN,MO,11,10,33,0.3333333333333333,0.0260122948737489,1
2001-2005,HK,MO,11,10,33,0.3333333333333333,0.0260122948737489,1
2001-2005,GB,MT,20,13,39,0.5128205128205128,0.0001787590043704,1
2001-2005,IN,MV,8,9,18,0.4444444444444444,0.0090744426271167,1
2001-2005,CO,MX,142,63,1280,0.1109375,0.0006820278821095,1
2001-2005,ES,MX,195,63,1280,0.15234375,3.5450768095025294e-05,1
2001-2005,FR,MX,90,63,1280,0.0703125,0.0108866306319302,1
2001-2005,GB,MX,108,63,1280,0.084375,0.0042314947474355,1
2001-2005,US,MX,294,63,1280,0.2296875,9.404822603769889e-08,1
2001-2005,AU,MY,80,59,984,0.08130081300813,0.0073122875028591,1
2001-2005,GB,MY,259,59,984,0.2632113821138211,2.022500660431902e-08,1
2001-2005,ID,MY,118,59,984,0.1199186991869918,0.0006057898995575,1
2001-2005,IN,MY,74,59,984,0.0752032520325203,0.0107321082759089,1
2001-2005,JP,MY,54,59,984,0.0548780487804878,0.037870000173491,1
2001-2005,US,MY,75,59,984,0.0762195121951219,0.0100690736581432,1
2001-2005,PT,MZ,9,19,43,0.2093023255813953,0.014594469266603,1
2001-2005,FR,NC,9,5,13,0.6923076923076923,0.0089632715941318,1
2001-2005,FR,NE,6,12,17,0.3529411764705882,0.0083249455486784,1
2001-2005,GB,NG,42,42,154,0.2727272727272727,2.1359416047079246e-06,1
2001-2005,US,NG,18,42,154,0.1168831168831168,0.0061199192084379,1
2001-2005,ES,NI,10,16,38,0.2631578947368421,0.0102474668219079,1
2001-2005,BE,NL,100,112,2214,0.04516711833785,0.005914767441497,1
2001-2005,CN,NL,65,112,2214,0.0293586269196025,0.0366038429484971,1
2001-2005,DE,NL,162,112,2214,0.073170731707317,0.0002172556744853,1
2001-2005,ES,NL,88,112,2214,0.039747064137308,0.0110868059070165,1
2001-2005,FR,NL,80,112,2214,0.03613369467028,0.0168214968493563,1
2001-2005,GB,NL,201,112,2214,0.0907859078590785,2.581924724823828e-05,1
2001-2005,ID,NL,115,112,2214,0.0519421860885275,0.0026832753833438,1
2001-2005,IT,NL,97,112,2214,0.0438121047877145,0.006923087233421,1
2001-2005,PT,NL,79,112,2214,0.0356820234869015,0.0177194065592527,1
2001-2005,US,NL,195,112,2214,0.0880758807588075,3.592658741394202e-05,1
2001-2005,DE,NO,69,70,640,0.1078125,0.0003814813089027,1
2001-2005,GB,NO,75,70,640,0.1171875,0.0001840452844853,1
2001-2005,SE,NO,61,70,640,0.0953125,0.0009963288184377,1
2001-2005,US,NO,65,70,640,0.1015625,0.0006175371351415,1
2001-2005,IN,NP,40,26,98,0.4081632653061224,2.018589206651034e-06,1
2001-2005,AU,NZ,110,69,735,0.1496598639455782,1.630429864451046e-05,1
2001-2005,DE,NZ,43,69,735,0.0585034013605442,0.0165834683151561,1
2001-2005,GB,NZ,193,69,735,0.2625850340136054,1.0102117762909236e-09,1
2001-2005,US,NZ,113,69,735,0.1537414965986394,1.1754579598918235e-05,1
2001-2005,IN,OM,39,35,127,0.3070866141732283,3.82899095643355e-06,1
2001-2005,US,OM,13,35,127,0.1023622047244094,0.0254353918680621,1
2001-2005,CO,PA,11,23,67,0.1641791044776119,0.0193415348548523,1
2001-2005,US,PA,14,23,67,0.208955223880597,0.0057600131087367,1
2001-2005,BR,PE,29,37,361,0.0803324099722991,0.0490582152866545,1
2001-2005,ES,PE,68,37,361,0.1883656509695291,0.0005457265262501,1
2001-2005,US,PE,59,37,361,0.1634349030470914,0.001621775285522,1
2001-2005,ID,PH,20,39,135,0.1481481481481481,0.0022585761127614,1
2001-2005,JP,PH,11,39,135,0.0814814814814814,0.0395677024708942,1
2001-2005,US,PH,23,39,135,0.1703703703703703,0.0008271831110342,1
2001-2005,GB,PK,54,41,189,0.2857142857142857,1.4284945008956498e-06,1
2001-2005,US,PK,36,41,189,0.1904761904761904,0.0002133954060613,1
2001-2005,DE,PL,94,54,598,0.157190635451505,0.0001157859011921,1
2001-2005,FR,PL,38,54,598,0.0635451505016722,0.030817874336358,1
2001-2005,GB,PL,43,54,598,0.0719063545150501,0.0191586698749932,1
2001-2005,UA,PL,59,54,598,0.0986622073578595,0.0040648245371503,1
2001-2005,US,PL,84,54,598,0.1404682274247491,0.000328006579523,1
2001-2005,CO,PR,33,21,135,0.2444444444444444,0.0036755984976148,1
2001-2005,US,PR,67,21,135,0.4962962962962963,1.1053578102304483e-06,1
2001-2005,JO,PS,17,32,93,0.1827956989247312,0.0019153579804197,1
2001-2005,US,PS,11,32,93,0.1182795698924731,0.0201956585173341,1
2001-2005,BR,PT,222,65,1482,0.1497975708502024,3.086241127107068e-05,1
2001-2005,ES,PT,235,65,1482,0.1585695006747638,1.589161333245037e-05,1
2001-2005,FR,PT,126,65,1482,0.0850202429149797,0.0033910570543072,1
2001-2005,GB,PT,252,65,1482,0.1700404858299595,6.60149196396418e-06,1
2001-2005,US,PT,129,65,1482,0.0870445344129554,0.0029428894567427,1
2001-2005,BR,PY,14,12,50,0.28,0.0269561249468963,1
2001-2005,EG,QA,24,36,153,0.1568627450980392,0.0025494105686583,1
2001-2005,GB,QA,15,36,153,0.0980392156862745,0.0270126968925625,1
2001-2005,US,QA,17,36,153,0.1111111111111111,0.0162054731024043,1
2001-2005,FR,RE,7,6,12,0.5833333333333334,0.0125586741255143,1
2001-2005,DE,RO,31,31,214,0.1448598130841121,0.0091436478446107,1
2001-2005,FR,RO,42,31,214,0.1962616822429906,0.0014237712096918,1
2001-2005,HU,RO,21,31,214,0.0981308411214953,0.0451134530343772,1
2001-2005,US,RO,27,31,214,0.1261682242990654,0.017491819840561,1
2001-2005,BA,RS,16,37,136,0.1176470588235294,0.0110439429973143,1
2001-2005,ME,RS,19,37,136,0.1397058823529411,0.004439052910317,1
2001-2005,US,RS,18,37,136,0.1323529411764706,0.0060304755596815,1
2001-2005,DE,RU,32,81,598,0.0535117056856187,0.012280605375539,1
2001-2005,FR,RU,25,81,598,0.0418060200668896,0.0328303141385511,1
2001-2005,KZ,RU,38,81,598,0.0635451505016722,0.0052353707398326,1
2001-2005,UA,RU,136,81,598,0.2274247491638795,1.0845843298234222e-09,1
2001-2005,US,RU,52,81,598,0.0869565217391304,0.0006907433258003,1
2001-2005,EG,SA,120,51,530,0.2264150943396226,2.6631728575892854e-06,1
2001-2005,GB,SA,56,51,530,0.1056603773584905,0.0037594438582704,1
2001-2005,IN,SA,45,51,530,0.0849056603773584,0.0118384119965525,1
2001-2005,JO,SA,32,51,530,0.060377358490566,0.0444297283539706,1
2001-2005,US,SA,81,51,530,0.1528301886792452,0.0002503361507688,1
2001-2005,GB,SD,13,46,111,0.1171171171171171,0.0036782340530071,1
2001-2005,SA,SD,11,46,111,0.0990990990990991,0.0091298986099439,1
2001-2005,CN,SE,62,104,1506,0.0411686586985391,0.0131658469133371,1
2001-2005,DE,SE,106,104,1506,0.0703851261620186,0.0005435200541528,1
2001-2005,DK,SE,65,104,1506,0.0431606905710491,0.010627177190538,1
2001-2005,ES,SE,46,104,1506,0.0305444887118193,0.0409611408146718,1
2001-2005,FR,SE,49,104,1506,0.0325365205843293,0.0331407040345136,1
2001-2005,GB,SE,115,104,1506,0.0763612217795484,0.000279719206206,1
2001-2005,IN,SE,55,104,1506,0.0365205843293492,0.0216656328395207,1
2001-2005,NO,SE,48,104,1506,0.0318725099601593,0.0355674613360751,1
2001-2005,US,SE,156,104,1506,0.1035856573705179,1.2835300857500928e-05,1
2001-2005,AU,SG,59,46,828,0.0712560386473429,0.0359186607824441,1
2001-2005,CN,SG,222,46,828,0.2681159420289855,7.941507166791693e-07,1
2001-2005,GB,SG,72,46,828,0.0869565217391304,0.0166769121972436,1
2001-2005,IN,SG,79,46,828,0.0954106280193236,0.0109727792244917,1
2001-2005,US,SG,146,46,828,0.1763285024154589,0.0001617825603495,1
2001-2005,IT,SI,9,31,76,0.1184210526315789,0.0227948276352511,1
2001-2005,US,SI,8,31,76,0.1052631578947368,0.0355516378058259,1
2001-2005,CZ,SK,20,30,100,0.2,0.0015474250491067,1
2001-2005,DE,SK,14,30,100,0.14,0.0126024529890394,1
2001-2005,PL,SK,12,30,100,0.12,0.0245469474207405,1
2001-2005,GB,SL,6,5,11,0.5454545454545454,0.0426883409603169,1
2001-2005,BF,SN,5,24,39,0.1282051282051282,0.0426117264498642,1
2001-2005,FR,SN,5,24,39,0.1282051282051282,0.0426117264498642,1
2001-2005,FR,SY,14,27,88,0.1590909090909091,0.011052874455526,1
2001-2005,GB,SY,11,27,88,0.125,0.0310605669440998,1
2001-2005,IQ,SY,12,27,88,0.1363636363636363,0.0221107728712999,1
2001-2005,GB,TH,54,45,469,0.115138592750533,0.0045973881901606,1
2001-2005,US,TH,114,45,469,0.2430703624733475,4.769166173598123e-06,1
2001-2005,VN,TH,46,45,469,0.0980810234541577,0.0106505266898868,1
2001-2005,PT,TL,13,9,27,0.4814814814814814,0.0052253354036123,1
2001-2005,FR,TN,76,20,118,0.6440677966101694,2.992115671072558e-09,1
2001-2005,GB,TR,111,57,797,0.1392722710163111,0.0002251564960346,1
2001-2005,US,TR,417,57,797,0.5232120451693852,9.687582463252538e-19,1
2001-2005,GB,TT,6,13,22,0.2727272727272727,0.0218961430650195,1
2001-2005,GB,TW,83,50,851,0.0975323149236192,0.0065486433307845,1
2001-2005,US,TW,527,50,851,0.6192714453584018,2.8194023408052385e-21,1
2001-2005,GB,TZ,14,34,98,0.1428571428571428,0.0061766919481452,1
2001-2005,UG,TZ,11,34,98,0.1122448979591836,0.0196641346129457,1
2001-2005,US,TZ,12,34,98,0.1224489795918367,0.0134272907531306,1
2001-2005,RU,UA,128,48,290,0.4413793103448276,1.301666662947329e-12,1
2001-2005,US,UA,24,48,290,0.0827586206896551,0.0172476932800078,1
2001-2005,GB,UG,21,29,101,0.2079207920792079,0.0014639328958133,1
2001-2005,US,UG,12,29,101,0.1188118811881188,0.0289682140008316,1
2001-2005,AU,US,405,170,19361,0.0209183409947833,0.0280799704553497,1
2001-2005,BR,US,645,170,19361,0.0333143949176178,0.0032599242889656,1
2001-2005,CA,US,1207,170,19361,0.0623418211869221,1.885941856687062e-05,1
2001-2005,CN,US,1932,170,19361,0.0997882340788182,1.9242068451662693e-08,1
2001-2005,DE,US,1009,170,19361,0.0521150767005836,0.0001179502962587,1
2001-2005,ES,US,522,170,19361,0.0269614172821651,0.0098623483059503,1
2001-2005,FR,US,685,170,19361,0.0353804039047569,0.0022707931245926,1
2001-2005,GB,US,1609,170,19361,0.08310521150767,4.285447911492151e-07,1
2001-2005,IN,US,1399,170,19361,0.0722586643251898,3.1271398136123718e-06,1
2001-2005,IT,US,476,170,19361,0.0245855069469552,0.0148927709634704,1
2001-2005,JP,US,887,170,19361,0.0458137492898094,0.0003614124268872,1
2001-2005,KR,US,1098,170,19361,0.0567119466969681,5.186716041759965e-05,1
2001-2005,MX,US,398,170,19361,0.0205567894220339,0.0298878692670594,1
2001-2005,TR,US,595,170,19361,0.030731883683694,0.0051170972190081,1
2001-2005,TW,US,386,170,19361,0.0199369867258922,0.0332602825128306,1
2001-2005,AR,UY,10,21,63,0.1587301587301587,0.0315287245943191,1
2001-2005,BR,UY,10,21,63,0.1587301587301587,0.0315287245943191,1
2001-2005,ES,UY,10,21,63,0.1587301587301587,0.0315287245943191,1
2001-2005,US,UY,10,21,63,0.1587301587301587,0.0315287245943191,1
2001-2005,RU,UZ,13,11,32,0.40625,0.0054454807399304,1
2001-2005,IT,VA,9,9,21,0.4285714285714285,0.0113683022189317,1
2001-2005,CO,VE,66,28,284,0.2323943661971831,0.000792009053485,1
2001-2005,CU,VE,36,28,284,0.1267605633802817,0.0257395056144085,1
2001-2005,ES,VE,55,28,284,0.1936619718309859,0.002992008630382,1
2001-2005,US,VE,39,28,284,0.1373239436619718,0.0185305835752191,1
2001-2005,AU,VN,17,34,140,0.1214285714285714,0.0139522259265407,1
2001-2005,RU,VN,13,34,140,0.0928571428571428,0.0401141518496181,1
2001-2005,TH,VN,19,34,140,0.1357142857142857,0.0081225434474209,1
2001-2005,US,VN,13,34,140,0.0928571428571428,0.0401141518496181,1
2001-2005,IQ,YE,30,22,81,0.3703703703703703,6.036543042025597e-05,1
2001-2005,DE,ZA,33,79,841,0.0392390011890606,0.0440553309608593,1
2001-2005,GB,ZA,145,79,841,0.1724137931034483,3.885375679533553e-07,1
2001-2005,KE,ZA,41,79,841,0.0487514863258026,0.0202736205194888,1
2001-2005,NG,ZA,52,79,841,0.0618311533888228,0.0068852319932244,1
2001-2005,US,ZA,105,79,841,0.1248513674197384,3.0365598547938672e-05,1
2001-2005,ZW,ZA,74,79,841,0.0879904875148632,0.0007584914956938,1
2001-2005,GB,ZM,7,15,34,0.2058823529411764,0.0396632100248834,1
2001-2005,US,ZM,9,15,34,0.2647058823529412,0.0135037777888775,1
2001-2005,GB,ZW,11,27,74,0.1486486486486486,0.0152345479753571,1
2001-2005,ZA,ZW,23,27,74,0.3108108108108108,6.263251708458101e-05,1
2006-2010,ES,AD,11,3,14,0.7857142857142857,0.0459183673469387,1
2006-2010,CA,AE,47,74,1002,0.0469061876247504,0.0299848895769575,1
2006-2010,EG,AE,68,74,1002,0.0678642714570858,0.0059153206737732,1
2006-2010,GB,AE,110,74,1002,0.1097804391217564,0.0002057267179635,1
2006-2010,IN,AE,134,74,1002,0.1337325349301397,2.80928801305828e-05,1
2006-2010,JO,AE,63,74,1002,0.0628742514970059,0.0087346310198019,1
2006-2010,US,AE,174,74,1002,0.1736526946107784,8.971620890346499e-07,1
2006-2010,PK,AF,11,32,69,0.1594202898550724,0.0045914090677795,1
2006-2010,US,AF,9,32,69,0.1304347826086956,0.0131330908642474,1
2006-2010,US,AG,8,4,11,0.7272727272727273,0.0202854996243425,1
2006-2010,IT,AL,17,26,128,0.1328125,0.02836777204895,1
2006-2010,TR,AL,15,26,128,0.1171875,0.0443314407503298,1
2006-2010,US,AL,17,26,128,0.1328125,0.02836777204895,1
2006-2010,IR,AM,15,22,56,0.2678571428571428,0.0014338787348408,1
2006-2010,US,AM,8,22,56,0.1428571428571428,0.0392751106954878,1
2006-2010,BR,AO,28,24,135,0.2074074074074074,0.0047659580062229,1
2006-2010,CU,AO,20,24,135,0.1481481481481481,0.0250249750263569,1
2006-2010,PT,AO,49,24,135,0.362962962962963,3.131754450141198e-05,1
2006-2010,BR,AR,154,48,1221,0.1261261261261261,0.0017704819664721,1
2006-2010,CO,AR,286,48,1221,0.2342342342342342,3.568695601627373e-06,1
2006-2010,ES,AR,156,48,1221,0.1277641277641277,0.0016210460788299,1
2006-2010,US,AR,108,48,1221,0.0884520884520884,0.0128717180553088,1
2006-2010,CH,AT,67,96,1873,0.0357714895888948,0.0314121033170497,1
2006-2010,DE,AT,435,96,1873,0.2322477309129738,1.2473988054035804e-11,1
2006-2010,GB,AT,145,96,1873,0.0774159103043246,0.000473768599297,1
2006-2010,IT,AT,103,96,1873,0.0549919914575547,0.0046384347721583,1
2006-2010,US,AT,164,96,1873,0.0875600640683395,0.0001657322810606,1
2006-2010,CA,AU,244,121,6922,0.0352499277665414,0.0134827465668456,1
2006-2010,CN,AU,462,121,6922,0.0667437156891072,0.0002512527156136,1
2006-2010,DE,AU,262,121,6922,0.0378503322739092,0.0097525032893324,1
2006-2010,GB,AU,957,121,6922,0.138254839641722,1.7597961603498482e-08,1
2006-2010,ID,AU,517,121,6922,0.0746893961282866,9.005434975487623e-05,1
2006-2010,IN,AU,260,121,6922,0.0375613984397572,0.0101102991891515,1
2006-2010,MY,AU,318,121,6922,0.0459404796301646,0.0035404328027971,1
2006-2010,NZ,AU,295,121,6922,0.0426177405374169,0.005373349333662,1
2006-2010,US,AU,761,121,6922,0.109939323894828,8.518314301012147e-07,1
2006-2010,IR,AZ,12,17,60,0.2,0.0281474976710656,1
2006-2010,TR,AZ,15,17,60,0.25,0.0100225957576185,1
2006-2010,RS,BA,29,30,101,0.2871287128712871,5.461633539337308e-05,1
2006-2010,GB,BB,8,14,34,0.2352941176470588,0.0305793043970184,1
2006-2010,US,BB,8,14,34,0.2352941176470588,0.0305793043970184,1
2006-2010,GB,BD,67,47,446,0.1502242152466367,0.0005597578048468,1
2006-2010,JP,BD,95,47,446,0.2130044843049327,1.6395469464012896e-05,1
2006-2010,US,BD,47,47,446,0.1053811659192825,0.0059614197332879,1
2006-2010,CN,BE,78,125,2469,0.031591737545565,0.0186746420782542,1
2006-2010,DE,BE,115,125,2469,0.0465775617658971,0.0027001363990134,1
2006-2010,ES,BE,142,125,2469,0.0575131632239773,0.0006458570074899,1
2006-2010,FR,BE,210,125,2469,0.0850546780072904,1.6330424817608393e-05,1
2006-2010,GB,BE,179,125,2469,0.0724989874443094,8.850843437538152e-05,1
2006-2010,IT,BE,146,125,2469,0.059133252328878,0.0005217793214705,1
2006-2010,NL,BE,190,125,2469,0.0769542324827865,4.871707115005173e-05,1
2006-2010,PT,BE,88,125,2469,0.0356419603078169,0.0111058007793762,1
2006-2010,US,BE,146,125,2469,0.059133252328878,0.0005217793214705,1
2006-2010,FR,BF,19,23,62,0.3064516129032258,0.0003189252126612,1
2006-2010,DE,BG,26,41,188,0.1382978723404255,0.0025958919469618,1
2006-2010,GB,BG,19,41,188,0.101063829787234,0.0140978931284778,1
2006-2010,US,BG,20,41,188,0.1063829787234042,0.0111187841288611,1
2006-2010,GB,BH,14,28,112,0.125,0.0271779960760874,1
2006-2010,IN,BH,16,28,112,0.1428571428571428,0.0155753093065702,1
2006-2010,FR,BJ,18,27,71,0.2535211267605634,0.0004994080550871,1
2006-2010,NG,BJ,8,27,71,0.1126760563380281,0.0446824747993179,1
2006-2010,GB,BM,8,7,19,0.4210526315789473,0.0376560277402393,1
2006-2010,GB,BN,11,18,51,0.2156862745098039,0.0160815112509952,1
2006-2010,ES,BO,17,31,149,0.1140939597315436,0.0264015779238648,1
2006-2010,CO,BR,347,100,3807,0.0911478854741266,7.777302224100631e-05,1
2006-2010,DE,BR,229,100,3807,0.0601523509324927,0.0021512381065655,1
2006-2010,ES,BR,266,100,3807,0.0698712897294457,0.0007687089621874,1
2006-2010,FR,BR,334,100,3807,0.0877331231941161,0.0001127375890929,1
2006-2010,GB,BR,278,100,3807,0.073023377987917,0.0005492997141444,1
2006-2010,IT,BR,132,100,3807,0.0346729708431836,0.0303929036975617,1
2006-2010,PE,BR,210,100,3807,0.0551615445232466,0.0036341139386161,1
2006-2010,PT,BR,274,100,3807,0.0719726819017599,0.0006144906815753,1
2006-2010,US,BR,714,100,3807,0.1875492513790386,1.1746467344988472e-09,1
2006-2010,IN,BT,33,9,63,0.5238095238095238,0.0026439037579245,1
2006-2010,GB,BW,23,28,137,0.1678832116788321,0.0069980279523676,1
2006-2010,ZA,BW,25,28,137,0.1824817518248175,0.0043394161290728,1
2006-2010,ZW,BW,24,28,137,0.1751824817518248,0.005516487784484,1
2006-2010,RU,BY,15,27,59,0.2542372881355932,0.0004870990537983,1
2006-2010,BR,CA,185,130,5768,0.0320735090152565,0.0149164859002653,1
2006-2010,CN,CA,366,130,5768,0.0634535367545076,0.0002124630100771,1
2006-2010,DE,CA,194,130,5768,0.033633841886269,0.0121138149160947,1
2006-2010,FR,CA,411,130,5768,0.07125520110957,7.221624641260838e-05,1
2006-2010,GB,CA,447,130,5768,0.0774965325936199,3.0260279182421323e-05,1
2006-2010,IN,CA,233,130,5768,0.0403952843273231,0.0048968430204536,1
2006-2010,IR,CA,185,130,5768,0.0320735090152565,0.0149164859002653,1
2006-2010,US,CA,1540,130,5768,0.2669902912621359,3.9733312520741e-18,1
2006-2010,BE,CD,13,27,58,0.2241379310344827,0.0013626914327727,1
2006-2010,US,CD,7,27,58,0.1206896551724138,0.0352936639246025,1
2006-2010,AT,CH,111,122,4310,0.0257540603248259,0.0425501545383546,1
2006-2010,CA,CH,121,122,4310,0.0280742459396751,0.0318862843209228,1
2006-2010,DE,CH,782,122,4310,0.1814385150812065,3.0144498436067787e-11,1
2006-2010,ES,CH,144,122,4310,0.0334106728538283,0.016378776231301,1
2006-2010,FR,CH,447,122,4310,0.1037122969837587,1.7625441160099698e-06,1
2006-2010,GB,CH,344,122,4310,0.079814385150812,4.255280612718897e-05,1
2006-2010,IT,CH,345,122,4310,0.0800464037122969,4.127399437444015e-05,1
2006-2010,NL,CH,119,122,4310,0.0276102088167053,0.0337821488716777,1
2006-2010,US,CH,583,122,4310,0.1352668213457076,2.3053498095096943e-08,1
2006-2010,FR,CI,14,24,59,0.2372881355932203,0.0019692078078265,1
2006-2010,CO,CL,193,55,1359,0.1420161883738042,0.000255782636328,1
2006-2010,ES,CL,211,55,1359,0.155261221486387,0.000110410732666,1
2006-2010,FR,CL,86,55,1359,0.0632818248712288,0.0293010466409845,1
2006-2010,US,CL,211,55,1359,0.155261221486387,0.000110410732666,1
2006-2010,FR,CM,14,39,105,0.1333333333333333,0.0043489012223763,1
2006-2010,GB,CM,8,39,105,0.0761904761904762,0.0492189718621264,1
2006-2010,NG,CM,8,39,105,0.0761904761904762,0.0492189718621264,1
2006-2010,AU,CN,109,122,4093,0.0266308331297336,0.038158192787654,1
2006-2010,CA,CN,162,122,4093,0.0395797703396042,0.007547744670123,1
2006-2010,DE,CN,228,122,4093,0.0557048619594429,0.0009728327593734,1
2006-2010,FR,CN,129,122,4093,0.0315172245296848,0.020754871139489,1
2006-2010,GB,CN,366,122,4093,0.0894209626191057,1.1951857903317267e-05,1
2006-2010,HK,CN,265,122,4093,0.0647446860493525,0.0003037752028923,1
2006-2010,JP,CN,316,122,4093,0.0772049841192279,5.994239097650053e-05,1
2006-2010,PK,CN,104,122,4093,0.0254092352797459,0.0444116891509988,1
2006-2010,SG,CN,119,122,4093,0.0290740288297092,0.02815271563027,1
2006-2010,US,CN,1250,122,4093,0.305399462496946,7.078625242556547e-20,1
2006-2010,AR,CO,88,69,1962,0.0448521916411824,0.0441366816760753,1
2006-2010,BR,CO,125,69,1962,0.063710499490316,0.0113734028375135,1
2006-2010,ES,CO,448,69,1962,0.2283384301732925,2.2132338516229065e-08,1
2006-2010,FR,CO,131,69,1962,0.0667686034658511,0.0091049005297687,1
2006-2010,MX,CO,122,69,1962,0.0621814475025484,0.0127080746604821,1
2006-2010,US,CO,304,69,1962,0.1549439347604485,1.0671256908326842e-05,1
2006-2010,VE,CO,95,69,1962,0.0484199796126401,0.0342201109699683,1
2006-2010,CO,CR,48,44,303,0.1584158415841584,0.0006014433578836,1
2006-2010,ES,CR,21,44,303,0.0693069306930693,0.045569958401096,1
2006-2010,MX,CR,33,44,303,0.1089108910891089,0.0070243935143029,1
2006-2010,US,CR,45,44,303,0.1485148514851485,0.0009945218537778,1
2006-2010,CO,CU,32,52,333,0.0960960960960961,0.005784094322283,1
2006-2010,EC,CU,30,52,333,0.09009009009009,0.0081080822347333,1
2006-2010,ES,CU,44,52,333,0.1321321321321321,0.0007263301493994,1
2006-2010,MX,CU,20,52,333,0.06006006006006,0.0424722536539872,1
2006-2010,VE,CU,74,52,333,0.2222222222222222,2.714138836118699e-06,1
2006-2010,PT,CV,47,11,78,0.6025641025641025,9.83265749433248e-05,1
2006-2010,VE,CW,10,8,17,0.5882352941176471,0.0020069836312991,1
2006-2010,GB,CY,142,42,481,0.2952182952182952,5.891684672252291e-07,1
2006-2010,GR,CY,101,42,481,0.20997920997921,6.355933284578612e-05,1
2006-2010,TR,CY,60,42,481,0.1247401247401247,0.0042424604070421,1
2006-2010,US,CY,62,42,481,0.1288981288981289,0.0034900111165026,1
2006-2010,DE,CZ,36,69,583,0.0617495711835334,0.0131122272381981,1
2006-2010,FR,CZ,34,69,583,0.0583190394511149,0.0168057422700459,1
2006-2010,GB,CZ,35,69,583,0.0600343053173241,0.0148462323553521,1
2006-2010,RU,CZ,30,69,583,0.0514579759862778,0.0275325987209969,1
2006-2010,SK,CZ,71,69,583,0.1217838765008576,0.0001461825800654,1
2006-2010,US,CZ,65,69,583,0.111492281303602,0.0003228211193578,1
2006-2010,AT,DE,326,140,9811,0.0332280093772296,0.0091210381475651,1
2006-2010,BR,DE,308,140,9811,0.0313933340128427,0.0118712388655871,1
2006-2010,CH,DE,359,140,9811,0.0365915808786056,0.005618893199478,1
2006-2010,CN,DE,606,140,9811,0.0617674039343593,0.0001416321606903,1
2006-2010,ES,DE,403,140,9811,0.0410763428804403,0.0029375183595477,1
2006-2010,FR,DE,489,140,9811,0.0498420140658444,0.0008196328965614,1
2006-2010,GB,DE,785,140,9811,0.0800122311690959,9.240711945263034e-06,1
2006-2010,IN,DE,431,140,9811,0.0439302823361533,0.001941105814794,1
2006-2010,IT,DE,474,140,9811,0.0483131179288553,0.0010248906946483,1
2006-2010,NL,DE,314,140,9811,0.0320048924676383,0.0108735049976172,1
2006-2010,TR,DE,238,140,9811,0.0242584853735602,0.0329256884750245,1
2006-2010,US,DE,1096,140,9811,0.1117113444093364,7.063534763060634e-08,1
2006-2010,CN,DK,70,90,1716,0.0407925407925407,0.0245593413473013,1
2006-2010,DE,DK,163,90,1716,0.0949883449883449,0.0001387462734064,1
2006-2010,ES,DK,70,90,1716,0.0407925407925407,0.0245593413473013,1
2006-2010,GB,DK,162,90,1716,0.0944055944055944,0.0001469271500805,1
2006-2010,IT,DK,97,90,1716,0.0565268065268065,0.005635485107241,1
2006-2010,SE,DK,160,90,1716,0.0932400932400932,0.0001647462407823,1
2006-2010,US,DK,176,90,1716,0.1025641025641025,6.566076250810568e-05,1
2006-2010,US,DM,8,6,14,0.5714285714285714,0.0144582614386862,1
2006-2010,ES,DO,36,27,107,0.3364485981308411,2.3374312547950127e-05,1
2006-2010,US,DO,15,27,107,0.1401869158878504,0.0197017721046221,1
2006-2010,FR,DZ,48,31,117,0.4102564102564102,1.317943734282602e-07,1
2006-2010,CL,EC,39,48,591,0.065989847715736,0.04041336858984,1
2006-2010,CO,EC,66,48,591,0.1116751269035533,0.0038271515378805,1
2006-2010,ES,EC,107,48,591,0.1810490693739424,8.377614956307328e-05,1
2006-2010,US,EC,80,48,591,0.1353637901861252,0.0010744116403734,1
2006-2010,FI,EE,16,39,147,0.1088435374149659,0.0125386423404771,1
2006-2010,GB,EE,15,39,147,0.1020408163265306,0.0167398154360042,1
2006-2010,RU,EE,13,39,147,0.0884353741496598,0.029643099886521,1
2006-2010,SE,EE,12,39,147,0.0816326530612244,0.039320993502007,1
2006-2010,CA,EG,41,76,866,0.0473441108545034,0.0263150524483428,1
2006-2010,DE,EG,74,76,866,0.0854503464203233,0.0012318184877453,1
2006-2010,GB,EG,110,76,866,0.1270207852193995,3.760908446205152e-05,1
2006-2010,JP,EG,67,76,866,0.0773672055427251,0.0023832332383722,1
2006-2010,SA,EG,66,76,866,0.0762124711316397,0.0026176231513811,1
2006-2010,US,EG,147,76,866,0.1697459584295612,8.726194270433577e-07,1
2006-2010,IN,ER,18,6,23,0.782608695652174,0.0004855241555647,1
2006-2010,AR,ES,289,125,10745,0.0268962308050255,0.0340200688639612,1
2006-2010,BR,ES,535,125,10745,0.0497906002791996,0.0017766257818671,1
2006-2010,CL,ES,500,125,10745,0.0465332712889716,0.002715734570789,1
2006-2010,CO,ES,1341,125,10745,0.1248022335970218,6.624740599330456e-08,1
2006-2010,DE,ES,379,125,10745,0.0352722196370404,0.0116464428478524,1
2006-2010,EC,ES,303,125,10745,0.0281991624011168,0.0288125278060133,1
2006-2010,FR,ES,504,125,10745,0.0469055374592833,0.0025873628771178,1
2006-2010,GB,ES,785,125,10745,0.0730572359236854,8.214136318112113e-05,1
2006-2010,IT,ES,638,125,10745,0.0593764541647277,0.0005053181392943,1
2006-2010,MX,ES,735,125,10745,0.0684039087947882,0.0001528373675424,1
2006-2010,PE,ES,389,125,10745,0.0362028850628199,0.0103327785073611,1
2006-2010,PT,ES,860,125,10745,0.0800372266170311,3.2174475357674834e-05,1
2006-2010,US,ES,802,125,10745,0.0746393671475104,6.646093224542448e-05,1
2006-2010,VE,ES,306,125,10745,0.0284783620288506,0.0278039975775251,1
2006-2010,DE,ET,23,44,242,0.0950413223140495,0.0136469688725683,1
2006-2010,IN,ET,71,44,242,0.2933884297520661,3.271688968957771e-07,1
2006-2010,NL,ET,25,44,242,0.1033057851239669,0.0091983052624638,1
2006-2010,CN,FI,53,82,1054,0.0502846299810246,0.0153133706629402,1
2006-2010,DE,FI,63,82,1054,0.0597722960151802,0.0067901056595682,1
2006-2010,ES,FI,42,82,1054,0.0398481973434535,0.0371135101910076,1
2006-2010,FR,FI,44,82,1054,0.0417457305502846,0.0316185387677831,1
2006-2010,GB,FI,76,82,1054,0.0721062618595825,0.0023300098489746,1
2006-2010,IN,FI,53,82,1054,0.0502846299810246,0.0153133706629402,1
2006-2010,IT,FI,52,82,1054,0.0493358633776091,0.0166033591779154,1
2006-2010,RU,FI,54,82,1054,0.0512333965844402,0.0141224653873771,1
2006-2010,SE,FI,76,82,1054,0.0721062618595825,0.0023300098489746,1
2006-2010,US,FI,84,82,1054,0.079696394686907,0.0011979011850983,1
2006-2010,BE,FR,214,151,8313,0.0257428124624082,0.0200005882709196,1
2006-2010,BR,FR,511,151,8313,0.0614699867677132,7.365883082431242e-05,1
2006-2010,CA,FR,266,151,8313,0.0319980753037411,0.0076108493185604,1
2006-2010,CH,FR,280,151,8313,0.0336821845302538,0.0058613542372159,1
2006-2010,CN,FR,332,151,8313,0.0399374473715866,0.0022127357164204,1
2006-2010,CO,FR,201,151,8313,0.024178996752075,0.0254404168503231,1
2006-2010,DE,FR,463,151,8313,0.0556958979910982,0.0001848338188258,1
2006-2010,ES,FR,490,151,8313,0.0589438229279441,0.0001102382884047,1
2006-2010,GB,FR,622,151,8313,0.0748225670636352,8.58528324536808e-06,1
2006-2010,IN,FR,192,151,8313,0.0230963551064597,0.0300441207127316,1
2006-2010,IT,FR,508,151,8313,0.0611091062191747,7.803133452746615e-05,1
2006-2010,NL,FR,174,151,8313,0.0209310718152291,0.0418784112023108,1
2006-2010,PT,FR,168,151,8313,0.0202093107181522,0.0467731071747567,1
2006-2010,US,FR,842,151,8313,0.1012871406231204,1.1044432012085145e-07,1
2006-2010,FR,GA,7,14,26,0.2692307692307692,0.0169489691330293,1
2006-2010,AU,GB,607,170,20218,0.0300227520031654,0.0057903061091365,1
2006-2010,CA,GB,545,170,20218,0.0269561776634682,0.0098713274123722,1
2006-2010,CN,GB,849,170,20218,0.0419922841032743,0.0007101697575774,1
2006-2010,DE,GB,1014,170,20218,0.0501533287169848,0.0001672793606851,1
2006-2010,ES,GB,896,170,20218,0.0443169452962706,0.0004710279308319,1
2006-2010,FR,GB,775,170,20218,0.0383321792462162,0.0013528174294629,1
2006-2010,GR,GB,593,170,20218,0.0293302997329112,0.006532493290185,1
2006-2010,IE,GB,577,170,20218,0.0285389257097635,0.0074970978683488,1
2006-2010,IN,GB,946,170,20218,0.0467899891186071,0.0003039992541968,1
2006-2010,IT,GB,865,170,20218,0.042783658126422,0.0006176005079432,1
2006-2010,MY,GB,521,170,20218,0.0257691166287466,0.012129973904299,1
2006-2010,NG,GB,618,170,20218,0.0305668216440795,0.0052664937853548,1
2006-2010,NL,GB,444,170,20218,0.0219606291423484,0.0234542233423177,1
2006-2010,PK,GB,454,170,20218,0.0224552379068157,0.021532495173011,1
2006-2010,PT,GB,508,170,20218,0.0251261252349391,0.0135607909182937,1
2006-2010,US,GB,2363,170,20218,0.1168760510436244,7.545029326558275e-10,1
2006-2010,US,GD,43,9,54,0.7962962962962963,2.964772698136624e-06,1
2006-2010,RU,GE,19,28,77,0.2467532467532467,0.0004756705309314,1
2006-2010,US,GE,12,28,77,0.1558441558441558,0.0103136181878009,1
2006-2010,FR,GF,10,6,16,0.625,0.007415771484375,1
2006-2010,GB,GH,90,51,302,0.2980132450331126,2.0722678946191534e-08,1
2006-2010,NG,GH,29,51,302,0.0960264900662251,0.0064236993178552,1
2006-2010,NL,GH,19,51,302,0.0629139072847682,0.0388127690766169,1
2006-2010,US,GH,26,51,302,0.086092715231788,0.0110944800972816,1
2006-2010,DK,GL,7,5,13,0.5384615384615384,0.0453765624452925,1
2006-2010,FR,GP,10,9,21,0.4761904761904761,0.005667442510204,1
2006-2010,DE,GR,55,65,969,0.0567595459236326,0.0237593631584262,1
2006-2010,FR,GR,49,65,969,0.0505675954592363,0.0361159646166438,1
2006-2010,GB,GR,395,65,969,0.4076367389060887,2.790226006185948e-15,1
2006-2010,IT,GR,50,65,969,0.0515995872033023,0.0336876718089739,1
2006-2010,US,GR,133,65,969,0.1372549019607843,7.87916190816855e-05,1
2006-2010,ES,GT,13,30,88,0.1477272727272727,0.0097001655431434,1
2006-2010,MX,GT,9,30,88,0.1022727272727272,0.0437711699638801,1
2006-2010,US,GT,16,30,88,0.1818181818181818,0.0029692372765164,1
2006-2010,US,GU,5,5,9,0.5555555555555556,0.0390184423106233,1
2006-2010,CN,HK,684,53,1264,0.5411392405063291,2.5550995181343848e-18,1
2006-2010,GB,HK,110,53,1264,0.0870253164556962,0.0087872749078185,1
2006-2010,US,HK,170,53,1264,0.1344936708860759,0.0005470825954944,1
2006-2010,US,HN,20,18,64,0.3125,0.0017125211449227,1
2006-2010,BA,HR,19,31,177,0.1073446327683615,0.0331523728274743,1
2006-2010,IT,HR,25,31,177,0.1412429378531073,0.0103779039646117,1
2006-2010,US,HR,31,31,177,0.1751412429378531,0.003100185514282,1
2006-2010,DE,HU,35,58,458,0.0764192139737991,0.0107663549605772,1
2006-2010,GB,HU,48,58,458,0.1048034934497816,0.0018169692890815,1
2006-2010,RO,HU,31,58,458,0.0676855895196506,0.0184101204618145,1
2006-2010,US,HU,54,58,458,0.1179039301310043,0.0007841615887725,1
2006-2010,AU,ID,154,56,783,0.1966794380587484,5.873386576248208e-06,1
2006-2010,DE,ID,45,56,783,0.057471264367816,0.0385658570444539,1
2006-2010,GB,ID,54,56,783,0.0689655172413793,0.0196388993470654,1
2006-2010,JP,ID,88,56,783,0.1123882503192848,0.0014199313218533,1
2006-2010,MY,ID,86,56,783,0.1098339719029374,0.0016630522042286,1
2006-2010,NL,ID,43,56,783,0.0549169859514687,0.0447556297102748,1
2006-2010,US,ID,91,56,783,0.1162196679438058,0.0011192788102249,1
2006-2010,CN,IE,55,92,1544,0.035621761658031,0.0368564548937002,1
2006-2010,DE,IE,70,92,1544,0.0453367875647668,0.0146678704197648,1
2006-2010,ES,IE,60,92,1544,0.038860103626943,0.0271382006926393,1
2006-2010,FR,IE,53,92,1544,0.0343264248704663,0.041644880311458,1
2006-2010,GB,IE,426,92,1544,0.2759067357512953,1.7430112375826997e-13,1
2006-2010,IN,IE,67,92,1544,0.0433937823834196,0.0176490420325133,1
2006-2010,IT,IE,66,92,1544,0.0427461139896373,0.0187702286653307,1
2006-2010,US,IE,188,92,1544,0.121761658031088,7.391418819059017e-06,1
2006-2010,DE,IL,38,67,694,0.0547550432276657,0.0243180276974564,1
2006-2010,GB,IL,59,67,694,0.085014409221902,0.0028401470029927,1
2006-2010,IN,IL,45,67,694,0.0648414985590778,0.0119791206441565,1
2006-2010,US,IL,258,67,694,0.3717579250720461,4.746606632099068e-14,1
2006-2010,CA,IN,66,123,2633,0.0250664641093809,0.0451805139557688,1
2006-2010,DE,IN,115,123,2633,0.0436764147360425,0.0043032218180503,1
2006-2010,ET,IN,89,123,2633,0.0338017470565894,0.0150689239185881,1
2006-2010,FR,IN,73,123,2633,0.0277250284846183,0.0323795610585001,1
2006-2010,GB,IN,252,123,2633,0.0957083175085453,4.673491191261319e-06,1
2006-2010,IQ,IN,87,123,2633,0.033042157235093,0.0165851691736724,1
2006-2010,IR,IN,81,123,2633,0.0307633877706038,0.0221022728057153,1
2006-2010,JP,IN,79,123,2633,0.0300037979491074,0.0243189111600339,1
2006-2010,NP,IN,73,123,2633,0.0277250284846183,0.0323795610585001,1
2006-2010,US,IN,694,123,2633,0.263577668059248,6.158683652614883e-17,1
2006-2010,GB,IQ,28,40,193,0.1450777202072538,0.0022138019876498,1
2006-2010,LY,IQ,15,40,193,0.077720207253886,0.0426231005648746,1
2006-2010,AU,IR,52,45,578,0.0899653979238754,0.0157960264493556,1
2006-2010,CA,IR,47,45,578,0.0813148788927335,0.0239515728046936,1
2006-2010,FR,IR,47,45,578,0.0813148788927335,0.0239515728046936,1
2006-2010,GB,IR,93,45,578,0.1608996539792387,0.0004444384333131,1
2006-2010,IN,IR,52,45,578,0.0899653979238754,0.0157960264493556,1
2006-2010,US,IR,48,45,578,0.0830449826989619,0.0220451659249403,1
2006-2010,DK,IS,20,33,205,0.0975609756097561,0.0374430963205581,1
2006-2010,GB,IS,33,33,205,0.1609756097560975,0.0036373638585104,1
2006-2010,SE,IS,20,33,205,0.0975609756097561,0.0374430963205581,1
2006-2010,US,IS,53,33,205,0.2585365853658536,6.96420041089837e-05,1
2006-2010,BR,IT,210,128,4159,0.0504929069487857,0.0013876281393193,1
2006-2010,CH,IT,131,128,4159,0.0314979562394806,0.017169939805631,1
2006-2010,CO,IT,98,128,4159,0.0235633565761,0.0483945859917955,1
2006-2010,DE,IT,270,128,4159,0.0649194517912959,0.0001985298860806,1
2006-2010,ES,IT,342,128,4159,0.0822313056023082,1.849785740180937e-05,1
2006-2010,FR,IT,289,128,4159,0.0694878576580908,0.000106585878984,1
2006-2010,GB,IT,412,128,4159,0.0990622745852368,1.7629343365196582e-06,1
2006-2010,IN,IT,122,128,4159,0.0293339745131041,0.0227965060308386,1
2006-2010,PT,IT,117,128,4159,0.0281317624428949,0.0266770854214443,1
2006-2010,US,IT,504,128,4159,0.1211829766770858,7.500747362831243e-08,1
2006-2010,US,JM,16,18,44,0.3636363636363636,0.0004602470701586,1
2006-2010,GB,JO,105,49,592,0.1773648648648648,8.510365562704984e-05,1
2006-2010,US,JO,141,49,592,0.2381756756756756,2.133202516998836e-06,1
2006-2010,BD,JP,206,121,4267,0.048277478322006,0.0026377983708114,1
2006-2010,CN,JP,552,121,4267,0.1293648933677056,6.030329300516117e-08,1
2006-2010,DE,JP,152,121,4267,0.0356222170142957,0.0128725208125889,1
2006-2010,FR,JP,119,121,4267,0.0278884462151394,0.0335685500544008,1
2006-2010,GB,JP,218,121,4267,0.0510897586126083,0.0018493370440188,1
2006-2010,ID,JP,287,121,4267,0.0672603702835716,0.000235099391862,1
2006-2010,IN,JP,151,121,4267,0.0353878603234122,0.0132533841967383,1
2006-2010,KR,JP,136,121,4267,0.0318725099601593,0.0205071946689585,1
2006-2010,US,JP,831,121,4267,0.194750410124209,5.148271904628953e-12,1
2006-2010,VN,JP,135,121,4267,0.0316381532692758,0.0211115635342766,1
2006-2010,GB,KE,58,69,453,0.1280353200883002,8.993417720772317e-05,1
2006-2010,TZ,KE,22,69,453,0.0485651214128035,0.0338669926929636,1
2006-2010,UG,KE,35,69,453,0.0772626931567329,0.0042199705857375,1
2006-2010,US,KE,60,69,453,0.1324503311258278,6.36818525221863e-05,1
2006-2010,ZA,KE,35,69,453,0.0772626931567329,0.0042199705857375,1
2006-2010,RU,KG,9,20,37,0.2432432432432432,0.0050138326973171,1
2006-2010,TR,KG,6,20,37,0.1621621621621621,0.0346768328912256,1
2006-2010,AU,KH,12,23,56,0.2142857142857142,0.0049638915957048,1
2006-2010,US,KN,11,10,24,0.4583333333333333,0.0040141074667766,1
2006-2010,BD,KR,114,95,2900,0.0393103448275862,0.0230575274195767,1
2006-2010,CN,KR,191,95,2900,0.0658620689655172,0.0016543777121394,1
2006-2010,GB,KR,97,95,2900,0.0334482758620689,0.0408469267886135,1
2006-2010,IN,KR,274,95,2900,0.0944827586206896,8.877527827665288e-05,1
2006-2010,JP,KR,148,95,2900,0.0510344827586206,0.0072701032116982,1
2006-2010,US,KR,1132,95,2900,0.3903448275862069,6.279436906181096e-21,1
2006-2010,VN,KR,198,95,2900,0.0682758620689655,0.0012972109261223,1
2006-2010,EG,KW,28,38,207,0.1352657004830917,0.0046201849847045,1
2006-2010,GB,KW,24,38,207,0.1159420289855072,0.0104661640594575,1
2006-2010,IN,KW,20,38,207,0.0966183574879227,0.0232936024936746,1
2006-2010,US,KW,50,38,207,0.2415458937198067,3.6089790187003496e-05,1
2006-2010,RU,KZ,77,31,182,0.4230769230769231,6.816121645195927e-08,1
2006-2010,FR,LB,89,38,314,0.2834394904458598,4.409163376523045e-06,1
2006-2010,US,LB,72,38,314,0.2292993630573248,6.527870985149816e-05,1
2006-2010,AU,LK,18,39,216,0.0833333333333333,0.0366466842428446,1
2006-2010,GB,LK,45,39,216,0.2083333333333333,0.0001395113853114,1
2006-2010,IN,LK,40,39,216,0.1851851851851851,0.0004170986970704,1
2006-2010,JP,LK,20,39,216,0.0925925925925925,0.0249165648608838,1
2006-2010,US,LK,26,39,216,0.1203703703703703,0.0076452957884885,1
2006-2010,ZA,LS,14,14,35,0.4,0.0013060694015999,1
2006-2010,BY,LT,14,35,148,0.0945945945945946,0.0340929687949862,1
2006-2010,US,LT,15,35,148,0.1013513513513513,0.0264275844592846,1
2006-2010,DE,LU,73,31,303,0.2409240924092409,0.0002561864911649,1
2006-2010,FR,LU,69,31,303,0.2277227722772277,0.0004297311812948,1
2006-2010,DE,LV,9,28,78,0.1153846153846153,0.0365065823428286,1
2006-2010,GB,LV,11,28,78,0.141025641025641,0.0164992954817509,1
2006-2010,US,LV,11,28,78,0.141025641025641,0.0164992954817509,1
2006-2010,EG,LY,16,39,179,0.0893854748603352,0.0284914000096526,1
2006-2010,GB,LY,34,39,179,0.1899441340782122,0.0003338634736878,1
2006-2010,IN,LY,45,39,179,0.2513966480446927,1.6655863792412685e-05,1
2006-2010,MY,LY,21,39,179,0.1173184357541899,0.0087207558312322,1
2006-2010,ES,MA,25,39,184,0.1358695652173913,0.0038905719365338,1
2006-2010,FR,MA,74,39,184,0.4021739130434782,3.2347800920580076e-09,1
2006-2010,FR,MC,6,9,14,0.4285714285714285,0.0113683022189317,1
2006-2010,RO,MD,12,12,39,0.3076923076923077,0.0175101847543407,1
2006-2010,RS,ME,16,9,30,0.5333333333333333,0.0022493355525072,1
2006-2010,FR,MG,14,17,36,0.3888888888888889,0.0003783753893699,1
2006-2010,AL,MK,9,32,97,0.0927835051546391,0.0488696326416619,1
2006-2010,BG,MK,9,32,97,0.0927835051546391,0.0488696326416619,1
2006-2010,GB,MK,9,32,97,0.0927835051546391,0.0488696326416619,1
2006-2010,US,MK,15,32,97,0.1546391752577319,0.0054740109477406,1
2006-2010,FR,ML,9,15,29,0.3103448275862069,0.0055061491166507,1
2006-2010,JP,MN,11,19,66,0.1666666666666666,0.0375610367586079,1
2006-2010,KR,MN,11,19,66,0.1666666666666666,0.0375610367586079,1
2006-2010,CN,MO,26,17,82,0.3170731707317073,0.0022386530645005,1
2006-2010,GB,MT,47,25,89,0.5280898876404494,1.4880681114419874e-08,1
2006-2010,GB,MU,17,15,46,0.3695652173913043,0.0015666151678859,1
2006-2010,IN,MV,7,11,24,0.2916666666666667,0.0317963154291395,1
2006-2010,GB,MW,27,21,76,0.3552631578947368,0.0001540457620515,1
2006-2010,CO,MX,367,63,2252,0.1629662522202486,1.622049257439349e-05,1
2006-2010,ES,MX,411,63,2252,0.1825044404973357,3.750549866580171e-06,1
2006-2010,FR,MX,139,63,2252,0.0617229129662522,0.019254350536275,1
2006-2010,GB,MX,169,63,2252,0.075044404973357,0.0079340474532074,1
2006-2010,US,MX,373,63,2252,0.1656305506216696,1.331129852169312e-05,1
2006-2010,AU,MY,144,87,2778,0.0518358531317494,0.0102797727323105,1
2006-2010,GB,MY,382,87,2778,0.1375089992800576,2.984648687160426e-06,1
2006-2010,ID,MY,331,87,2778,0.119150467962563,1.826201115463437e-05,1
2006-2010,IN,MY,165,87,2778,0.0593952483801295,0.0051643596114901,1
2006-2010,IQ,MY,186,87,2778,0.0669546436285097,0.0025801027315202,1
2006-2010,IR,MY,358,87,2778,0.128869690424766,7.033131114434472e-06,1
2006-2010,JP,MY,102,87,2778,0.0367170626349892,0.0400712252248351,1
2006-2010,NG,MY,108,87,2778,0.038876889848812,0.0330366282817875,1
2006-2010,US,MY,107,87,2778,0.0385169186465082,0.0341178463721635,1
2006-2010,BR,MZ,14,34,117,0.1196581196581196,0.0149105951215281,1
2006-2010,PT,MZ,32,34,117,0.2735042735042735,2.6344569793812336e-05,1
2006-2010,FR,NC,13,9,25,0.52,0.0028179280429055,1
2006-2010,FR,NE,7,10,24,0.2916666666666667,0.0448889158999617,1
2006-2010,GB,NG,114,63,353,0.3229461756373937,3.152376815212244e-11,1
2006-2010,GH,NG,22,63,353,0.0623229461756373,0.018505630229179,1
2006-2010,US,NG,46,63,353,0.1303116147308781,0.000173999317798,1
2006-2010,ZA,NG,23,63,353,0.065155807365439,0.0153402535681727,1
2006-2010,ES,NI,15,30,77,0.1948051948051948,0.0018669297031227,1
2006-2010,BE,NL,175,127,4272,0.0409644194756554,0.0051425048684021,1
2006-2010,CN,NL,174,127,4272,0.0407303370786516,0.0053030957138503,1
2006-2010,DE,NL,344,127,4272,0.0805243445692883,2.547238568535732e-05,1
2006-2010,ES,NL,164,127,4272,0.0383895131086142,0.0072093822675066,1
2006-2010,FR,NL,153,127,4272,0.035814606741573,0.0100978529019676,1
2006-2010,GB,NL,368,127,4272,0.0861423220973782,1.1767905893764788e-05,1
2006-2010,ID,NL,193,127,4272,0.0451779026217228,0.0029527734237886,1
2006-2010,IN,NL,120,127,4272,0.0280898876404494,0.0275987049328552,1
2006-2010,IT,NL,197,127,4272,0.0461142322097378,0.0026094110731013,1
2006-2010,PT,NL,131,127,4272,0.0306647940074906,0.0197570589974232,1
2006-2010,TR,NL,113,127,4272,0.0264513108614232,0.0341245724996927,1
2006-2010,US,NL,353,127,4272,0.082631086142322,1.907859775650895e-05,1
2006-2010,CN,NO,53,101,1396,0.0379656160458452,0.0208477618899228,1
2006-2010,DE,NO,124,101,1396,0.0888252148997134,9.123664410151317e-05,1
2006-2010,DK,NO,62,101,1396,0.0444126074498567,0.0106424380138661,1
2006-2010,FR,NO,56,101,1396,0.0401146131805157,0.0166700924267938,1
2006-2010,GB,NO,133,101,1396,0.0952722063037249,4.485317873425541e-05,1
2006-2010,SE,NO,104,101,1396,0.0744985673352435,0.0004342197142317,1
2006-2010,US,NO,107,101,1396,0.076647564469914,0.0003441516900583,1
2006-2010,CN,NP,18,36,185,0.0972972972972973,0.0278013570937539,1
2006-2010,IN,NP,57,36,185,0.3081081081081081,2.519639705791952e-06,1
2006-2010,AU,NZ,126,79,1264,0.0996835443037974,0.0002772200725146,1
2006-2010,DE,NZ,76,79,1264,0.060126582278481,0.0079325095296221,1
2006-2010,GB,NZ,258,79,1264,0.2041139240506329,1.846591058638116e-08,1
2006-2010,IN,NZ,53,79,1264,0.0419303797468354,0.0353974027566783,1
2006-2010,MY,NZ,58,79,1264,0.045886075949367,0.0256341098403895,1
2006-2010,US,NZ,198,79,1264,0.1566455696202531,1.6935194858102952e-06,1
2006-2010,GB,OM,41,55,337,0.1216617210682492,0.0009072725058336,1
2006-2010,IN,OM,111,55,337,0.3293768545994065,4.264234376147191e-10,1
2006-2010,CO,PA,43,28,183,0.2349726775956284,0.0007232318450912,1
2006-2010,ES,PA,22,28,183,0.1202185792349726,0.0314861260781256,1
2006-2010,BR,PE,71,56,804,0.0883084577114427,0.0061892200547204,1
2006-2010,CL,PE,52,56,804,0.0646766169154228,0.0252870723638285,1
2006-2010,ES,PE,148,56,804,0.1840796019900497,1.3823833186581783e-05,1
2006-2010,US,PE,126,56,804,0.1567164179104477,8.483019816508258e-05,1
2006-2010,AU,PG,9,16,35,0.2571428571428571,0.011576560727631,1
2006-2010,ID,PH,22,52,276,0.0797101449275362,0.0144596027693337,1
2006-2010,JP,PH,25,52,276,0.0905797101449275,0.0078885396036281,1
2006-2010,US,PH,46,52,276,0.1666666666666666,9.157068259764377e-05,1
2006-2010,VN,PH,24,52,276,0.0869565217391304,0.009661941297324,1
2006-2010,CN,PK,33,63,608,0.0542763157894736,0.0314329003592549,1
2006-2010,DE,PK,31,63,608,0.0509868421052631,0.0389832910839944,1
2006-2010,GB,PK,180,63,608,0.2960526315789473,3.52770096515826e-10,1
2006-2010,SE,PK,29,63,608,0.0476973684210526,0.0483113347290102,1
2006-2010,US,PK,73,63,608,0.1200657894736842,0.0003596769198392,1
2006-2010,BE,PL,43,82,1049,0.0409914204003813,0.0336993787448177,1
2006-2010,DE,PL,135,82,1049,0.1286939942802669,1.425040839568566e-05,1
2006-2010,ES,PL,42,82,1049,0.0400381315538608,0.0365235153418439,1
2006-2010,FR,PL,86,82,1049,0.0819828408007626,0.0009792976524107,1
2006-2010,GB,PL,103,82,1049,0.098188751191611,0.0002314022113399,1
2006-2010,IT,PL,52,82,1049,0.0495710200190657,0.0162739613251535,1
2006-2010,UA,PL,67,82,1049,0.0638703527168732,0.0047666796653655,1
2006-2010,US,PL,112,82,1049,0.1067683508102955,0.000106682287229,1
2006-2010,CO,PR,71,23,215,0.3302325581395349,0.0001480228316583,1
2006-2010,US,PR,102,23,215,0.4744186046511628,7.146273584273151e-07,1
2006-2010,DE,PS,20,36,170,0.1176470588235294,0.0125164687302895,1
2006-2010,GB,PS,19,36,170,0.1117647058823529,0.015793591725164,1
2006-2010,JO,PS,23,36,170,0.1352941176470588,0.0061715530706655,1
2006-2010,BR,PT,808,105,3551,0.2275415375950436,2.182800635256474e-12,1
2006-2010,DE,PT,124,105,3551,0.0349197409180512,0.0248082963596803,1
2006-2010,ES,PT,586,105,3551,0.1650239369191777,7.1465862831320005e-09,1
2006-2010,FR,PT,186,105,3551,0.0523796113770768,0.0037151573370343,1
2006-2010,GB,PT,433,105,3551,0.1219374823993241,1.3385839374877663e-06,1
2006-2010,IT,PT,165,105,3551,0.0464657842861165,0.0070953410107055,1
2006-2010,US,PT,242,105,3551,0.068149816952971,0.0006486252711531,1
2006-2010,BR,PY,68,20,133,0.5112781954887218,1.2364387227901653e-06,1
2006-2010,CA,QA,27,57,390,0.0692307692307692,0.0179950479631456,1
2006-2010,EG,QA,32,57,390,0.082051282051282,0.0082762099367377,1
2006-2010,GB,QA,46,57,390,0.1179487179487179,0.0008864511148032,1
2006-2010,IN,QA,38,57,390,0.0974358974358974,0.0032119676407543,1
2006-2010,US,QA,61,57,390,0.1564102564102564,7.300494728638022e-05,1
2006-2010,FR,RE,25,9,35,0.7142857142857143,4.440743054270215e-05,1
2006-2010,DE,RO,36,49,378,0.0952380952380952,0.0081968445418943,1
2006-2010,FR,RO,73,49,378,0.1931216931216931,3.363457128773448e-05,1
2006-2010,GB,RO,28,49,378,0.074074074074074,0.0248690809867347,1
2006-2010,IT,RO,23,49,378,0.0608465608465608,0.049130881296014,1
2006-2010,US,RO,33,49,378,0.0873015873015873,0.0124655134410781,1
2006-2010,BA,RS,43,43,271,0.1586715867158671,0.0007055915274959,1
2006-2010,DE,RS,21,43,271,0.077490774907749,0.033788596106122,1
2006-2010,GB,RS,23,43,271,0.084870848708487,0.0241135070249057,1
2006-2010,US,RS,30,43,271,0.1107011070110701,0.0072444525368253,1
2006-2010,DE,RU,57,78,821,0.0694275274056029,0.0039243299252055,1
2006-2010,KZ,RU,65,78,821,0.0791717417783191,0.001744838178498,1
2006-2010,UA,RU,118,78,821,0.1437271619975639,6.473466849498092e-06,1
2006-2010,US,RU,75,78,821,0.0913520097442143,0.0006258447554257,1
2006-2010,UZ,RU,36,78,821,0.0438489646772229,0.0316621550409307,1
2006-2010,CA,SA,96,73,2110,0.0454976303317535,0.0349900679788832,1
2006-2010,EG,SA,425,73,2110,0.2014218009478673,9.265234027518689e-08,1
2006-2010,GB,SA,163,73,2110,0.0772511848341232,0.0030620461223254,1
2006-2010,IN,SA,240,73,2110,0.1137440758293838,0.0001675941631248,1
2006-2010,JO,SA,155,73,2110,0.0734597156398104,0.0041136758135491,1
2006-2010,PK,SA,140,73,2110,0.0663507109004739,0.0071323312023623,1
2006-2010,US,SA,221,73,2110,0.104739336492891,0.000347027737609,1
2006-2010,GB,SD,21,47,160,0.13125,0.0015458295660995,1
2006-2010,SA,SD,17,47,160,0.10625,0.0057008356546956,1
2006-2010,CN,SE,229,122,3452,0.0663383545770567,0.0002471335653872,1
2006-2010,DE,SE,270,122,3452,0.0782155272305909,5.249959829205063e-05,1
2006-2010,DK,SE,105,122,3452,0.0304171494785631,0.0238109083319759,1
2006-2010,ES,SE,92,122,3452,0.0266512166859791,0.0380616255141251,1
2006-2010,FR,SE,116,122,3452,0.033603707995365,0.0159876946712322,1
2006-2010,GB,SE,221,122,3452,0.0640208574739281,0.0003335851336615,1
2006-2010,IN,SE,169,122,3452,0.0489571263035921,0.0023025632987271,1
2006-2010,IR,SE,130,122,3452,0.03765932792584,0.0096114690042299,1
2006-2010,IT,SE,96,122,3452,0.0278099652375434,0.032952698039018,1
2006-2010,NL,SE,89,122,3452,0.0257821552723059,0.0424019386026457,1
2006-2010,PK,SE,145,122,3452,0.0420046349942062,0.0055586886891864,1
2006-2010,US,SE,286,122,3452,0.0828505214368482,2.8526923761499227e-05,1
2006-2010,AU,SG,116,63,2112,0.0549242424242424,0.0301252480495862,1
2006-2010,CN,SG,491,63,2112,0.2324810606060606,7.50799995208842e-08,1
2006-2010,GB,SG,161,63,2112,0.0762310606060606,0.0073270312366485,1
2006-2010,IN,SG,283,63,2112,0.1339962121212121,0.0001337294566683,1
2006-2010,US,SG,379,63,2112,0.1794507575757575,4.725940274823199e-06,1
2006-2010,GB,SI,17,33,184,0.092391304347826,0.0449527992096504,1
2006-2010,HR,SI,19,33,184,0.1032608695652173,0.0305714387928846,1
2006-2010,CZ,SK,50,38,190,0.2631578947368421,1.2383804429988087e-05,1
2006-2010,DE,SK,16,38,190,0.0842105263157894,0.0385868166273472,1
2006-2010,PL,SK,19,38,190,0.1,0.0202755595904452,1
2006-2010,US,SK,15,38,190,0.0789473684210526,0.0477006795542985,1
2006-2010,GB,SL,6,13,20,0.3,0.0138412872009999,1
2006-2010,FR,SN,22,31,87,0.2528735632183908,0.0001591560384991,1
2006-2010,SD,SS,7,17,37,0.1891891891891892,0.0348909255766512,1
2006-2010,UG,SS,7,17,37,0.1891891891891892,0.0348909255766512,1
2006-2010,US,SV,13,15,51,0.2549019607843137,0.0162550341884477,1
2006-2010,US,SX,9,4,12,0.75,0.015625,1
2006-2010,FR,SY,43,35,216,0.199074074074074,0.0005273998078724,1
2006-2010,GB,SY,24,35,216,0.1111111111111111,0.0182311572402048,1
2006-2010,IQ,SY,26,35,216,0.1203703703703703,0.0127701174990039,1
2006-2010,ZA,SZ,7,15,28,0.25,0.017817948013544,1
2006-2010,ZW,SZ,7,15,28,0.25,0.017817948013544,1
2006-2010,AU,TH,49,56,755,0.0649006622516556,0.0249560713284815,1
2006-2010,GB,TH,75,56,755,0.0993377483443708,0.0031688950727733,1
2006-2010,ID,TH,62,56,755,0.0821192052980132,0.008979363730421,1
2006-2010,US,TH,143,56,755,0.1894039735099337,9.643748556490016e-06,1
2006-2010,VN,TH,56,56,755,0.0741721854304635,0.0144265447225393,1
2006-2010,FR,TN,101,32,179,0.5642458100558659,6.5537326806760186e-12,1
2006-2010,DE,TR,111,73,1505,0.0737541528239202,0.0040206078468381,1
2006-2010,GB,TR,181,73,1505,0.120265780730897,9.8470678983609e-05,1
2006-2010,US,TR,562,73,1505,0.373421926910299,2.411092555597276e-15,1
2006-2010,GB,TT,15,27,64,0.234375,0.0009647588188889,1
2006-2010,US,TT,13,27,64,0.203125,0.0027298906746059,1
2006-2010,GB,TW,121,83,1398,0.086552217453505,0.0005971253653417,1
2006-2010,ID,TW,62,83,1398,0.044349070100143,0.0242404965521177,1
2006-2010,IN,TW,126,83,1398,0.0901287553648068,0.000432867591823,1
2006-2010,JP,TW,78,83,1398,0.055793991416309,0.0090255630265677,1
2006-2010,US,TW,591,83,1398,0.4227467811158798,2.7042185751763842e-20,1
2006-2010,VN,TW,60,83,1398,0.0429184549356223,0.0274039550077051,1
2006-2010,GB,TZ,31,48,255,0.1215686274509803,0.0022608324670729,1
2006-2010,IN,TZ,20,48,255,0.0784313725490196,0.0215179575480374,1
2006-2010,KE,TZ,20,48,255,0.0784313725490196,0.0215179575480374,1
2006-2010,UG,TZ,26,48,255,0.1019607843137254,0.0063808596112437,1
2006-2010,US,TZ,24,48,255,0.0941176470588235,0.0096022846166359,1
2006-2010,ZA,TZ,17,48,255,0.0666666666666666,0.0390596638372939,1
2006-2010,DE,UA,23,58,368,0.0625,0.0252558945030011,1
2006-2010,PL,UA,31,58,368,0.0842391304347826,0.0066309947684809,1
2006-2010,RU,UA,99,58,368,0.2690217391304347,1.7480517912013266e-08,1
2006-2010,US,UA,45,58,368,0.1222826086956521,0.0005904975614698,1
2006-2010,GB,UG,42,44,249,0.1686746987951807,0.0003549383528289,1
2006-2010,RW,UG,18,44,249,0.072289156626506,0.0396956767364395,1
2006-2010,US,UG,24,44,249,0.0963855421686747,0.0128019566918029,1
2006-2010,AU,US,509,194,30808,0.0165216826798234,0.0401424960655946,1
2006-2010,BR,US,987,194,30808,0.0320371332121526,0.0018652134777457,1
2006-2010,CA,US,1749,194,30808,0.0567709685795897,1.2621522689246775e-05,1
2006-2010,CN,US,4858,194,30808,0.157686315242794,4.1347981945872676e-15,1
2006-2010,CO,US,571,194,30808,0.0185341469748117,0.0270341364374647,1
2006-2010,DE,US,1361,194,30808,0.0441768371851467,0.0001632553006234,1
2006-2010,ES,US,831,194,30808,0.0269735133731498,0.0051057532727883,1
2006-2010,FR,US,1006,194,30808,0.032653856141262,0.0016493302315464,1
2006-2010,GB,US,2104,194,30808,0.0682939496234744,1.1771471069980072e-06,1
2006-2010,IN,US,2948,194,30808,0.0956894313165411,3.7093520133248205e-09,1
2006-2010,IT,US,819,194,30808,0.0265840041547649,0.005515772796149,1
2006-2010,JP,US,948,194,30808,0.0307712282524019,0.0024003549673513,1
2006-2010,KR,US,1442,194,30808,0.0468060244092443,9.593757709669266e-05,1
2006-2010,TR,US,855,194,30808,0.0277525318099195,0.0043744799519456,1
2006-2010,TW,US,523,194,30808,0.0169761101012723,0.0367168969183513,1
2006-2010,AR,UY,21,29,173,0.1213872832369942,0.0266888324267466,1
2006-2010,BR,UY,20,29,173,0.1156069364161849,0.0320678006611796,1
2006-2010,ES,UY,35,29,173,0.2023121387283237,0.0017837070614395,1
2006-2010,US,UY,23,29,173,0.1329479768786127,0.0184189286670813,1
2006-2010,RU,UZ,14,18,45,0.3111111111111111,0.0017722951989436,1
2006-2010,IT,VA,10,8,19,0.5263157894736842,0.0053508448598574,1
2006-2010,CO,VE,191,35,519,0.3680154142581888,1.675022014840458e-07,1
2006-2010,CU,VE,64,35,519,0.1233140655105973,0.0113945537005084,1
2006-2010,ES,VE,93,35,519,0.1791907514450867,0.0012140489638693,1
2006-2010,US,VI,8,5,12,0.6666666666666666,0.0123456790123456,1
2006-2010,AU,VN,60,46,426,0.1408450704225352,0.0010794856739957,1
2006-2010,FR,VN,57,46,426,0.1338028169014084,0.0015586712238132,1
2006-2010,JP,VN,31,46,426,0.0727699530516431,0.0333762349208929,1
2006-2010,RU,VN,34,46,426,0.0798122065727699,0.0236832367423882,1
2006-2010,AL,XK,7,12,20,0.35,0.0087507831740087,1
2006-2010,EG,YE,17,30,124,0.1370967741935483,0.0138963480559776,1
2006-2010,IN,YE,18,30,124,0.1451612903225806,0.0105837902152747,1
2006-2010,MY,YE,19,30,124,0.1532258064516129,0.0080400880209013,1
2006-2010,GB,ZA,242,98,1804,0.1341463414634146,8.552954162326872e-07,1
2006-2010,IN,ZA,58,98,1804,0.032150776053215,0.0420094985786804,1
2006-2010,KE,ZA,90,98,1804,0.0498891352549889,0.0069840217786251,1
2006-2010,NG,ZA,149,98,1804,0.0825942350332594,0.0002335942218128,1
2006-2010,US,ZA,170,98,1804,0.0942350332594235,6.768701187666028e-05,1
2006-2010,ZW,ZA,281,98,1804,0.1557649667405765,7.361170934101316e-08,1
2006-2010,GB,ZM,21,31,100,0.21,0.0008488144000416,1
2006-2010,ZA,ZM,13,31,100,0.13,0.0153312504592053,1
2006-2010,ZA,ZW,25,28,89,0.2808988764044944,0.0001359343197283,1
2011-2015,ES,AD,14,8,21,0.6666666666666666,0.0004572473708276,1
2011-2015,CA,AE,87,100,1988,0.0437625754527163,0.0119126379704315,1
2011-2015,EG,AE,98,100,1988,0.0492957746478873,0.0067065163404194,1
2011-2015,GB,AE,231,100,1988,0.1161971830985915,4.888580397361793e-06,1
2011-2015,IN,AE,276,100,1988,0.1388329979879275,3.746714902285141e-07,1
2011-2015,JO,AE,108,100,1988,0.0543259557344064,0.0039664816643499,1
2011-2015,PK,AE,94,100,1988,0.0472837022132796,0.0082679123892927,1
2011-2015,SA,AE,69,100,1988,0.0347082494969818,0.0302831377985676,1
2011-2015,US,AE,259,100,1988,0.130281690140845,9.965124020218242e-07,1
2011-2015,IN,AF,24,54,174,0.1379310344827586,0.0003834657418984,1
2011-2015,IR,AF,14,54,174,0.0804597701149425,0.0117286741783661,1
2011-2015,PK,AF,28,54,174,0.160919540229885,9.153584554318942e-05,1
2011-2015,US,AF,23,54,174,0.132183908045977,0.0005453408711412,1
2011-2015,US,AG,12,6,19,0.631578947368421,0.0067876930607378,1
2011-2015,IT,AL,45,32,198,0.2272727272727272,0.0003379196582013,1
2011-2015,XK,AL,24,32,198,0.1212121212121212,0.0182140195610508,1
2011-2015,RU,AM,19,32,83,0.2289156626506024,0.0003163430735377,1
2011-2015,BR,AO,40,35,307,0.1302931596091205,0.0086831663292111,1
2011-2015,CU,AO,66,35,307,0.2149837133550488,0.0002666089235012,1
2011-2015,PT,AO,119,35,307,0.3876221498371335,5.736699598960133e-08,1
2011-2015,BR,AR,294,62,2250,0.1306666666666666,0.000195148974199,1
2011-2015,CL,AR,115,62,2250,0.0511111111111111,0.0407508841874065,1
2011-2015,CO,AR,523,62,2250,0.2324444444444444,9.810677209793376e-08,1
2011-2015,EC,AR,171,62,2250,0.076,0.0080536035015565,1
2011-2015,ES,AR,300,62,2250,0.1333333333333333,0.0001617996911659,1
2011-2015,US,AR,135,62,2250,0.06,0.022950865591001,1
2011-2015,CH,AT,147,113,3447,0.0426457789382071,0.0075881782588774,1
2011-2015,DE,AT,757,113,3447,0.2196112561647809,8.686235877266681e-13,1
2011-2015,ES,AT,140,113,3447,0.0406150275601972,0.0096206870693152,1
2011-2015,FR,AT,115,113,3447,0.0333623440673049,0.0223632770739812,1
2011-2015,GB,AT,255,113,3447,0.0739773716275021,0.0001826497652292,1
2011-2015,IT,AT,207,113,3447,0.0600522193211488,0.0009718906441856,1
2011-2015,NL,AT,99,113,3447,0.0287206266318537,0.0382425270270135,1
2011-2015,US,AT,301,113,3447,0.0873223092544241,3.593790087637904e-05,1
2011-2015,BD,AU,341,155,12642,0.0269735801297263,0.0148317844775655,1
2011-2015,BR,AU,367,155,12642,0.0290302167378579,0.0107073026793852,1
2011-2015,CA,AU,405,155,12642,0.0320360702420503,0.0066422130711716,1
2011-2015,CN,AU,1160,155,12642,0.0917576332858724,3.656541502649586e-07,1
2011-2015,DE,AU,426,155,12642,0.0336971998101566,0.0050984558245365,1
2011-2015,FR,AU,290,155,12642,0.0229394083214681,0.0280485579526198,1
2011-2015,GB,AU,1599,155,12642,0.1264831514000949,9.031878171656943e-10,1
2011-2015,ID,AU,514,155,12642,0.0406581237146021,0.0016745724950547,1
2011-2015,IN,AU,455,155,12642,0.0359911406423034,0.0035357200520324,1
2011-2015,IR,AU,279,155,12642,0.0220692928334124,0.0321695377793685,1
2011-2015,MY,AU,340,155,12642,0.0268944787217212,0.015018627685308,1
2011-2015,NZ,AU,478,155,12642,0.0378104730264198,0.002643238333152,1
2011-2015,US,AU,1428,155,12642,0.1129568106312292,9.627065545288284e-09,1
2011-2015,VN,AU,365,155,12642,0.0288720139218478,0.0109793431058446,1
2011-2015,GB,AZ,13,30,115,0.1130434782608695,0.0308437809997729,1
2011-2015,RU,AZ,17,30,115,0.1478260869565217,0.0096676033789503,1
2011-2015,TR,AZ,22,30,115,0.1913043478260869,0.0021172304813162,1
2011-2015,HR,BA,23,33,150,0.1533333333333333,0.004861818936088,1
2011-2015,RS,BA,38,33,150,0.2533333333333333,8.710767772158923e-05,1
2011-2015,US,BA,16,33,150,0.1066666666666666,0.0270665721454735,1
2011-2015,GB,BB,8,13,35,0.2285714285714285,0.0444169402201329,1
2011-2015,US,BB,8,13,35,0.2285714285714285,0.0444169402201329,1
2011-2015,AU,BD,81,67,1064,0.0761278195488721,0.0053750775143825,1
2011-2015,DE,BD,48,67,1064,0.0451127819548872,0.0475157161491075,1
2011-2015,GB,BD,227,67,1064,0.2133458646616541,1.3235269296260756e-07,1
2011-2015,IN,BD,52,67,1064,0.0488721804511278,0.0366240509878262,1
2011-2015,JP,BD,147,67,1064,0.1381578947368421,5.473041092698176e-05,1
2011-2015,US,BD,84,67,1064,0.0789473684210526,0.0043931248962956,1
2011-2015,BR,BE,138,145,5132,0.0268901013250194,0.0197384117831075,1
2011-2015,CN,BE,181,145,5132,0.0352689010132502,0.005682037851787,1
2011-2015,DE,BE,243,145,5132,0.0473499610288386,0.0009255675004348,1
2011-2015,ES,BE,356,145,5132,0.0693686671862821,3.191424246725608e-05,1
2011-2015,FR,BE,409,145,5132,0.0796960249415432,6.398923141636929e-06,1
2011-2015,GB,BE,355,145,5132,0.0691738113795791,3.289103013099486e-05,1
2011-2015,IN,BE,116,145,5132,0.0226032735775526,0.0371712133152863,1
2011-2015,IT,BE,315,145,5132,0.0613795791114575,0.0001092848096254,1
2011-2015,NL,BE,418,145,5132,0.0814497272018706,4.8620787630418914e-06,1
2011-2015,PT,BE,186,145,5132,0.0362431800467654,0.0049126391219406,1
2011-2015,US,BE,270,145,5132,0.0526110678098207,0.0004169425131751,1
2011-2015,FR,BF,35,39,160,0.21875,8.433758354584419e-05,1
2011-2015,DE,BG,19,50,275,0.069090909090909,0.0299541018811708,1
2011-2015,GB,BG,35,50,275,0.1272727272727272,0.0012677944498497,1
2011-2015,US,BG,22,50,275,0.08,0.0168113867737429,1
2011-2015,GB,BH,33,40,199,0.1658291457286432,0.0008490738265638,1
2011-2015,IN,BH,26,40,199,0.1306532663316583,0.0042513615661718,1
2011-2015,US,BH,15,40,199,0.0753768844221105,0.0470570954607017,1
2011-2015,BE,BI,7,16,31,0.2258064516129032,0.0215150925283301,1
2011-2015,BE,BJ,14,29,105,0.1333333333333333,0.0181910853298736,1
2011-2015,FR,BJ,16,29,105,0.1523809523809524,0.0097638210718547,1
2011-2015,NG,BJ,14,29,105,0.1333333333333333,0.0181910853298736,1
2011-2015,GB,BN,35,42,148,0.2364864864864864,1.568504798360778e-05,1
2011-2015,MY,BN,18,42,148,0.1216216216216216,0.0049084809903089,1
2011-2015,BR,BO,22,27,202,0.1089108910891089,0.0498826511368081,1
2011-2015,ES,BO,34,27,202,0.1683168316831683,0.0082967063524076,1
2011-2015,AR,BR,284,146,9456,0.0300338409475465,0.0120144658000022,1
2011-2015,CA,BR,241,146,9456,0.0254864636209813,0.0236723853904138,1
2011-2015,CO,BR,1098,146,9456,0.1161167512690355,1.6875668055240622e-08,1
2011-2015,DE,BR,428,146,9456,0.0452622673434856,0.0012111351147931,1
2011-2015,ES,BR,706,146,9456,0.0746615905245347,1.2989291864515634e-05,1
2011-2015,FR,BR,730,146,9456,0.0771996615905245,8.722139762505779e-06,1
2011-2015,GB,BR,494,146,9456,0.0522419627749577,0.0004179593314018,1
2011-2015,IT,BR,329,146,9456,0.0347927241962775,0.0058882347230286,1
2011-2015,PE,BR,457,146,9456,0.04832910321489,0.0007595988532298,1
2011-2015,PT,BR,1048,146,9456,0.11082910321489,4.0073726057334864e-08,1
2011-2015,US,BR,1359,146,9456,0.1437182741116751,1.6959692830127148e-10,1
2011-2015,US,BS,10,8,21,0.4761904761904761,0.0108196629740258,1
2011-2015,IN,BT,50,15,96,0.5208333333333334,3.36366224833722e-05,1
2011-2015,GB,BW,36,44,254,0.1417322834645669,0.0013988766156453,1
2011-2015,US,BW,23,44,254,0.0905511811023622,0.0168836103505116,1
2011-2015,ZA,BW,53,44,254,0.2086614173228346,4.261678214257851e-05,1
2011-2015,ZW,BW,21,44,254,0.0826771653543307,0.0244599063245228,1
2011-2015,RU,BY,22,35,104,0.2115384615384615,0.0003094122079282,1
2011-2015,UA,BY,12,35,104,0.1153846153846153,0.015475781650727,1
2011-2015,AU,CA,207,145,9939,0.0208270449743434,0.0482786358896701,1
2011-2015,BR,CA,641,145,9939,0.0644934097997786,6.772462038053915e-05,1
2011-2015,CN,CA,882,145,9939,0.088741322064594,1.5431264249944152e-06,1
2011-2015,DE,CA,297,145,9939,0.0298822819197102,0.0126683152591966,1
2011-2015,ES,CA,216,145,9939,0.0217325686688801,0.0422565174120492,1
2011-2015,FR,CA,705,145,9939,0.0709326894053727,2.5049200233379418e-05,1
2011-2015,GB,CA,709,145,9939,0.0713351443807224,2.3534094938301407e-05,1
2011-2015,IN,CA,425,145,9939,0.0427608411308984,0.0018490375610876,1
2011-2015,IR,CA,342,145,9939,0.0344099003923936,0.0064589779973079,1
2011-2015,US,CA,2166,145,9939,0.2179293691518261,4.240535496712312e-16,1
2011-2015,BE,CD,26,45,117,0.2222222222222222,1.5763162233000357e-05,1
2011-2015,CM,CD,9,45,117,0.0769230769230769,0.0295438659827011,1
2011-2015,US,CD,9,45,117,0.0769230769230769,0.0295438659827011,1
2011-2015,FR,CG,11,20,41,0.2682926829268293,0.0026449079499705,1
2011-2015,AT,CH,181,140,8215,0.0220328667072428,0.0451930953413401,1
2011-2015,CA,CH,216,140,8215,0.0262933657942787,0.0246325817857916,1
2011-2015,CN,CH,193,140,8215,0.0234936092513694,0.0367144893870481,1
2011-2015,DE,CH,1246,140,8215,0.1516737674984783,1.1755541746082464e-10,1
2011-2015,ES,CH,354,140,8215,0.0430919050517346,0.0021926118763284,1
2011-2015,FR,CH,782,140,8215,0.0951917224589166,9.148766415805324e-07,1
2011-2015,GB,CH,715,140,8215,0.0870359099208764,3.1846645330561818e-06,1
2011-2015,IT,CH,727,140,8215,0.088496652465003,2.5491726265022657e-06,1
2011-2015,NL,CH,247,140,8215,0.0300669506999391,0.0143583426299606,1
2011-2015,US,CH,1027,140,8215,0.1250152160681679,8.671008112683924e-09,1
2011-2015,FR,CI,40,35,108,0.3703703703703703,1.475350966271179e-07,1
2011-2015,CO,CL,436,68,2965,0.1470489038785834,2.354598267635715e-05,1
2011-2015,EC,CL,139,68,2965,0.0468802698145025,0.0400755791654345,1
2011-2015,ES,CL,636,68,2965,0.2145025295109612,9.434111089860749e-08,1
2011-2015,FR,CL,143,68,2965,0.04822934232715,0.0364472600198017,1
2011-2015,GB,CL,147,68,2965,0.0495784148397976,0.0331429759657385,1
2011-2015,PE,CL,146,68,2965,0.0492411467116357,0.0339402734858636,1
2011-2015,US,CL,344,68,2965,0.1160202360876897,0.0002580094764568,1
2011-2015,FR,CM,41,48,250,0.164,0.0002206454822527,1
2011-2015,NG,CM,28,48,250,0.112,0.0037619185783157,1
2011-2015,AU,CN,403,147,12032,0.0334940159574468,0.0069161420025729,1
2011-2015,CA,CN,348,147,12032,0.0289228723404255,0.0137734855546901,1
2011-2015,DE,CN,541,147,12032,0.0449634308510638,0.0012103757237589,1
2011-2015,FR,CN,314,147,12032,0.0260970744680851,0.0210517343906355,1
2011-2015,GB,CN,1041,147,12032,0.0865192819148936,1.8285639542439167e-06,1
2011-2015,HK,CN,631,147,12032,0.0524434840425531,0.0003840147218495,1
2011-2015,JP,CN,651,147,12032,0.0541057180851063,0.000297180024252,1
2011-2015,PK,CN,775,147,12032,0.0644115691489361,6.003258643729581e-05,1
2011-2015,SG,CN,400,147,12032,0.0332446808510638,0.0071815677025431,1
2011-2015,US,CN,3467,147,12032,0.2881482712765957,2.8110814666593414e-22,1
2011-2015,AR,CO,298,94,4744,0.0628161888701517,0.0023972004725174,1
2011-2015,BR,CO,263,94,4744,0.0554384485666104,0.0049706651844394,1
2011-2015,CL,CO,221,94,4744,0.0465851602023608,0.0118363387851422,1
2011-2015,ES,CO,1244,94,4744,0.2622259696458685,5.210421430769966e-13,1
2011-2015,FR,CO,212,94,4744,0.0446880269814502,0.0142398540370387,1
2011-2015,GB,CO,180,94,4744,0.0379426644182124,0.0273961068434065,1
2011-2015,MX,CO,429,94,4744,0.0904300168634064,0.0001485111741303,1
2011-2015,US,CO,525,94,4744,0.1106661045531197,1.832443476936168e-05,1
2011-2015,VE,CO,282,94,4744,0.0594435075885328,0.0033480686937705,1
2011-2015,CO,CR,96,57,512,0.1875,8.91474039066662e-06,1
2011-2015,ES,CR,58,57,512,0.11328125,0.0011912692878027,1
2011-2015,MX,CR,45,57,512,0.087890625,0.0057893192208088,1
2011-2015,US,CR,69,57,512,0.134765625,0.0003016413347433,1
2011-2015,AO,CU,40,51,514,0.0778210116731517,0.0174084912659869,1
2011-2015,CO,CU,37,51,514,0.0719844357976653,0.0238650859185239,1
2011-2015,EC,CU,138,51,514,0.2684824902723735,1.6264334462235485e-07,1
2011-2015,ES,CU,57,51,514,0.1108949416342412,0.002803199801461,1
2011-2015,VE,CU,69,51,514,0.1342412451361867,0.0007410450306206,1
2011-2015,BR,CV,16,23,110,0.1454545454545454,0.0314900757768755,1
2011-2015,PT,CV,62,23,110,0.5636363636363636,1.1930761079263637e-08,1
2011-2015,VE,CW,12,13,36,0.3333333333333333,0.0077073466292589,1
2011-2015,GB,CY,188,60,844,0.2227488151658767,3.492385466559875e-07,1
2011-2015,GR,CY,173,60,844,0.2049763033175355,1.3256361509329351e-06,1
2011-2015,IR,CY,43,60,844,0.0509478672985782,0.045720829182113,1
2011-2015,NG,CY,56,60,844,0.0663507109004739,0.0174117523290418,1
2011-2015,TR,CY,115,60,844,0.1362559241706161,0.0001764898848878,1
2011-2015,DE,CZ,84,98,1485,0.0565656565656565,0.0035239774310663,1
2011-2015,ES,CZ,87,98,1485,0.0585858585858585,0.0028623953807613,1
2011-2015,FR,CZ,75,98,1485,0.0505050505050505,0.006558249324782,1
2011-2015,GB,CZ,103,98,1485,0.0693602693602693,0.0009371609206429,1
2011-2015,IN,CZ,64,98,1485,0.0430976430976431,0.0139366872613253,1
2011-2015,IT,CZ,52,98,1485,0.035016835016835,0.0315075376708839,1
2011-2015,PL,CZ,65,98,1485,0.0437710437710437,0.0130167750847529,1
2011-2015,RU,CZ,47,98,1485,0.0316498316498316,0.044171885951748,1
2011-2015,SK,CZ,161,98,1485,0.1084175084175084,1.464429775861774e-05,1
2011-2015,UA,CZ,46,98,1485,0.0309764309764309,0.0472531764004802,1
2011-2015,US,CZ,112,98,1485,0.0754208754208754,0.0004972515065473,1
2011-2015,AT,DE,642,159,18877,0.0340096413625046,0.0042237782436145,1
2011-2015,BR,DE,630,159,18877,0.0333739471314297,0.0046864329099069,1
2011-2015,CH,DE,762,159,18877,0.0403665836732531,0.0014881519669641,1
2011-2015,CN,DE,1247,159,18877,0.0660592255125284,2.043878915169732e-05,1
2011-2015,ES,DE,1017,159,18877,0.0538750860835937,0.0001584381050321,1
2011-2015,FR,DE,888,159,18877,0.0470413730995391,0.0004939685092056,1
2011-2015,GB,DE,1526,159,18877,0.0808391163850188,1.6438506837975103e-06,1
2011-2015,IN,DE,911,159,18877,0.0482597870424325,0.0004035620176638,1
2011-2015,IT,DE,948,159,18877,0.0502198442549133,0.0002913724199516,1
2011-2015,NL,DE,665,159,18877,0.0352280553053981,0.0034601681057299,1
2011-2015,US,DE,1927,159,18877,0.1020818986067701,4.0869829068468985e-08,1
2011-2015,CN,DK,232,104,3775,0.0614569536423841,0.0014547294331942,1
2011-2015,DE,DK,339,104,3775,0.0898013245033112,6.180569821438877e-05,1
2011-2015,ES,DK,207,104,3775,0.0548344370860927,0.0030013223554772,1
2011-2015,FR,DK,109,104,3775,0.0288741721854304,0.0489076707770184,1
2011-2015,GB,DK,347,104,3775,0.0919205298013245,4.861354595977512e-05,1
2011-2015,IT,DK,216,104,3775,0.0572185430463576,0.0023138558524683,1
2011-2015,NL,DK,129,104,3775,0.0341721854304635,0.0278400467637419,1
2011-2015,SE,DK,235,104,3775,0.062251655629139,0.0013331822543385,1
2011-2015,US,DK,407,104,3775,0.1078145695364238,7.886386671536253e-06,1
2011-2015,US,DM,7,13,22,0.3181818181818182,0.0100930619475132,1
2011-2015,ES,DO,83,27,212,0.3915094339622642,2.4581030384509875e-06,1
2011-2015,US,DO,41,27,212,0.1933962264150943,0.0037425403041999,1
2011-2015,ES,DZ,14,49,223,0.0627802690582959,0.0445028994490195,1
2011-2015,FR,DZ,96,49,223,0.4304932735426009,1.836306534140374e-12,1
2011-2015,CO,EC,133,69,2410,0.0551867219917012,0.021063337508919,1
2011-2015,CU,EC,377,69,2410,0.1564315352697095,9.46635642289094e-06,1
2011-2015,ES,EC,649,69,2410,0.2692946058091286,5.425969031117927e-10,1
2011-2015,MX,EC,109,69,2410,0.0452282157676348,0.0429705759153203,1
2011-2015,US,EC,201,69,2410,0.083402489626556,0.0026800925046578,1
2011-2015,VE,EC,106,69,2410,0.0439834024896265,0.0469514909604264,1
2011-2015,DE,EE,26,63,327,0.0795107033639143,0.0058770862171169,1
2011-2015,FI,EE,27,63,327,0.0825688073394495,0.0047814225748944,1
2011-2015,GB,EE,32,63,327,0.0978593272171253,0.001686569824066,1
2011-2015,IT,EE,16,63,327,0.0489296636085626,0.0445844542329206,1
2011-2015,US,EE,18,63,327,0.055045871559633,0.0298858119487179,1
2011-2015,CA,EG,81,84,1665,0.0486486486486486,0.0159330152246166,1
2011-2015,DE,EG,149,84,1665,0.0894894894894895,0.0004174956613869,1
2011-2015,GB,EG,189,84,1665,0.1135135135135135,4.537179179630943e-05,1
2011-2015,IQ,EG,84,84,1665,0.0504504504504504,0.0136133015099275,1
2011-2015,JP,EG,79,84,1665,0.0474474474474474,0.0176922247028612,1
2011-2015,SA,EG,210,84,1665,0.1261261261261261,1.3811686268037898e-05,1
2011-2015,US,EG,254,84,1665,0.1525525525525525,1.079842461312042e-06,1
2011-2015,IN,ER,12,11,32,0.375,0.0090949470177292,1
2011-2015,SD,ER,9,11,32,0.28125,0.0367941332634282,1
2011-2015,AR,ES,321,158,15407,0.0208346855325501,0.0366771234906428,1
2011-2015,BR,ES,890,158,15407,0.0577659505419614,8.768608878689632e-05,1
2011-2015,CL,ES,586,158,15407,0.0380346595703251,0.0022700199769636,1
2011-2015,CO,ES,1812,158,15407,0.1176088790809372,2.943047752940569e-09,1
2011-2015,DE,ES,614,158,15407,0.0398520153177127,0.0016869158750525,1
2011-2015,EC,ES,1036,158,15407,0.0672421626533393,1.7935701618335093e-05,1
2011-2015,FR,ES,685,158,15407,0.0444603102485883,0.0007925939263274,1
2011-2015,GB,ES,1147,158,15407,0.0744466800804829,5.309168914070562e-06,1
2011-2015,IT,ES,860,158,15407,0.0558187836697605,0.0001212525648576,1
2011-2015,MX,ES,892,158,15407,0.0578957616667748,8.580969201363767e-05,1
2011-2015,PE,ES,553,158,15407,0.0358927760109041,0.0032186808111519,1
2011-2015,PT,ES,811,158,15407,0.0526384111118322,0.0002055778044966,1
2011-2015,US,ES,997,158,15407,0.0647108457194781,2.7447704196133693e-05,1
2011-2015,DE,ET,34,76,704,0.0482954545454545,0.0244152270237184,1
2011-2015,GB,ET,29,76,704,0.0411931818181818,0.0426416034097477,1
2011-2015,IN,ET,254,76,704,0.3607954545454545,2.648433651622027e-15,1
2011-2015,NL,ET,49,76,704,0.0696022727272727,0.0044683590564988,1
2011-2015,US,ET,32,76,704,0.0454545454545454,0.0305313524973067,1
2011-2015,CN,FI,111,103,2285,0.0485776805251641,0.0062241522166072,1
2011-2015,DE,FI,148,103,2285,0.0647702407002188,0.0010806085795876,1
2011-2015,ES,FI,95,103,2285,0.0415754923413566,0.0131494280866799,1
2011-2015,FR,FI,86,103,2285,0.0376367614879649,0.0199793127569674,1
2011-2015,GB,FI,203,103,2285,0.0888402625820568,7.562077403936316e-05,1
2011-2015,IN,FI,97,103,2285,0.0424507658643326,0.0119793582255728,1
2011-2015,IT,FI,86,103,2285,0.0376367614879649,0.0199793127569674,1
2011-2015,RU,FI,121,103,2285,0.0529540481400437,0.0038890838512104,1
2011-2015,SE,FI,111,103,2285,0.0485776805251641,0.0062241522166072,1
2011-2015,US,FI,153,103,2285,0.0669584245076586,0.0008509451880457,1
2011-2015,AU,FJ,26,35,149,0.174496644295302,0.0014738071629034,1
2011-2015,GB,FJ,13,35,149,0.087248322147651,0.0448734807850082,1
2011-2015,IN,FJ,29,35,149,0.1946308724832214,0.0006365451882734,1
2011-2015,NZ,FJ,13,35,149,0.087248322147651,0.0448734807850082,1
2011-2015,DK,FO,8,7,16,0.5,0.015625,1
2011-2015,BE,FR,347,156,13783,0.0251759413770586,0.0192117553565252,1
2011-2015,BR,FR,964,156,13783,0.0699412319524051,1.3155600134460392e-05,1
2011-2015,CA,FR,410,156,13783,0.0297467895233258,0.009272326385616,1
2011-2015,CH,FR,406,156,13783,0.0294565769426104,0.0097122642947258,1
2011-2015,CN,FR,606,156,13783,0.0439672059783791,0.0009403346004394,1
2011-2015,CO,FR,279,156,13783,0.0202423275048973,0.0420140294018309,1
2011-2015,DE,FR,700,156,13783,0.0507872016251904,0.0003099957304095,1
2011-2015,ES,FR,1055,156,13783,0.0765435681636799,4.360573642371795e-06,1
2011-2015,GB,FR,972,156,13783,0.0705216571138358,1.194229049207028e-05,1
2011-2015,IN,FR,348,156,13783,0.0252484945222375,0.018991390578595,1
2011-2015,IT,FR,1007,156,13783,0.0730610171950954,7.81497839276082e-06,1
2011-2015,LB,FR,293,156,13783,0.0212580715374011,0.0357742053452206,1
2011-2015,NL,FR,264,156,13783,0.0191540303272146,0.0499029067631259,1
2011-2015,PT,FR,335,156,13783,0.0243053036349125,0.0220628373461595,1
2011-2015,US,FR,1196,156,13783,0.0867735616338968,7.756464102856171e-07,1
2011-2015,FR,GA,15,20,42,0.3571428571428571,0.0002260346406327,1
2011-2015,AU,GB,1080,184,36019,0.0299841750187401,0.0038064835973113,1
2011-2015,BR,GB,1120,184,36019,0.0310947000194341,0.0030866235878924,1
2011-2015,CA,GB,907,184,36019,0.0251811543907382,0.0093988935331725,1
2011-2015,CH,GB,639,184,36019,0.0177406368860878,0.037791179331445,1
2011-2015,CN,GB,1825,184,36019,0.0506677031566673,7.371245274649973e-05,1
2011-2015,DE,GB,1780,184,36019,0.0494183625308864,9.377001583563457e-05,1
2011-2015,ES,GB,2198,184,36019,0.0610233487881395,9.904376597128452e-06,1
2011-2015,FR,GB,1331,184,36019,0.0369527193980954,0.0010174486304634,1
2011-2015,GR,GB,938,184,36019,0.0260418112662761,0.0079960839295422,1
2011-2015,IE,GB,880,184,36019,0.0244315500152697,0.0108185149853605,1
2011-2015,IN,GB,1035,184,36019,0.0287348343929592,0.004817478549753,1
2011-2015,IQ,GB,925,184,36019,0.0256808906410505,0.0085570357351828,1
2011-2015,IT,GB,1903,184,36019,0.0528332269080207,4.853345020070225e-05,1
2011-2015,MY,GB,669,184,36019,0.0185735306366084,0.0323572298756373,1
2011-2015,NG,GB,1291,184,36019,0.0358421943974013,0.0012563372711563,1
2011-2015,NL,GB,951,184,36019,0.0264027318915017,0.0074717172460296,1
2011-2015,PT,GB,902,184,36019,0.0250423387656514,0.0096470250677073,1
2011-2015,TR,GB,606,184,36019,0.0168244537605152,0.0448214054395375,1
2011-2015,US,GB,3964,184,36019,0.1100530275687831,5.415465322103251e-10,1
2011-2015,US,GD,58,5,72,0.8055555555555556,0.001429493408017,1
2011-2015,DE,GE,18,42,124,0.1451612903225806,0.0016115782007358,1
2011-2015,GB,GE,9,42,124,0.0725806451612903,0.0455325908546537,1
2011-2015,US,GE,12,42,124,0.0967741935483871,0.0154045791446283,1
2011-2015,FR,GF,24,4,28,0.8571428571428571,0.0029154518950437,1
2011-2015,GB,GH,181,63,686,0.2638483965014577,5.6489830229203494e-09,1
2011-2015,NG,GH,68,63,686,0.0991253644314868,0.001545931625316,1
2011-2015,US,GH,68,63,686,0.0991253644314868,0.001545931625316,1
2011-2015,DK,GL,14,6,19,0.7368421052631579,0.0012620658543943,1
2011-2015,GB,GM,22,30,75,0.2933333333333333,4.23861118732653e-05,1
2011-2015,NG,GM,9,30,75,0.12,0.0245469474207405,1
2011-2015,FR,GN,7,20,31,0.2258064516129032,0.0077293221688291,1
2011-2015,FR,GP,14,12,27,0.5185185185185185,0.0003223854772907,1
2011-2015,ES,GQ,8,9,18,0.4444444444444444,0.0090744426271167,1
2011-2015,CY,GR,49,75,1190,0.0411764705882352,0.0445310098462952,1
2011-2015,DE,GR,73,75,1190,0.061344537815126,0.0092354841542339,1
2011-2015,ES,GR,49,75,1190,0.0411764705882352,0.0445310098462952,1
2011-2015,FR,GR,75,75,1190,0.0630252100840336,0.0080884451241961,1
2011-2015,GB,GR,374,75,1190,0.3142857142857143,7.491979920508803e-13,1
2011-2015,IT,GR,65,75,1190,0.0546218487394958,0.0156607125439777,1
2011-2015,US,GR,106,75,1190,0.0890756302521008,0.001003902971974,1
2011-2015,ES,GT,26,36,153,0.1699346405228758,0.0014754692227141,1
2011-2015,MX,GT,18,36,153,0.1176470588235294,0.0125164687302895,1
2011-2015,US,GT,17,36,153,0.1111111111111111,0.0162054731024043,1
2011-2015,US,GU,8,3,10,0.8,0.0399999999999999,1
2011-2015,PT,GW,9,10,19,0.4736842105263157,0.0030989715656432,1
2011-2015,CU,GY,8,16,39,0.2051282051282051,0.0319489288459965,1
2011-2015,CN,HK,1380,64,2595,0.5317919075144508,1.728429588392178e-21,1
2011-2015,GB,HK,231,64,2595,0.0890173410404624,0.002812787552857,1
2011-2015,US,HK,316,64,2595,0.1217726396917148,0.0002800519936794,1
2011-2015,ES,HN,28,28,132,0.2121212121212121,0.0016010467690192,1
2011-2015,US,HN,19,28,132,0.1439393939393939,0.0150529573625124,1
2011-2015,BA,HR,24,47,291,0.0824742268041237,0.0190739451498971,1
2011-2015,DE,HR,23,47,291,0.0790378006872852,0.0226528595315269,1
2011-2015,GB,HR,19,47,291,0.0652920962199312,0.0447808251927883,1
2011-2015,IT,HR,21,47,291,0.0721649484536082,0.0318900836155861,1
2011-2015,SI,HR,33,47,291,0.1134020618556701,0.0039393900256031,1
2011-2015,US,HR,34,47,291,0.1168384879725085,0.0032949299039671,1
2011-2015,BR,HT,11,26,67,0.1641791044776119,0.0112935533462219,1
2011-2015,FR,HT,8,26,67,0.1194029850746268,0.0416322826622927,1
2011-2015,US,HT,12,26,67,0.1791044776119403,0.0071977568222901,1
2011-2015,AT,HU,38,83,954,0.0398322851153039,0.0356830620387535,1
2011-2015,BR,HU,56,83,954,0.0587002096436058,0.0070095942726369,1
2011-2015,DE,HU,68,83,954,0.0712788259958071,0.0023259397939969,1
2011-2015,GB,HU,94,83,954,0.0985324947589098,0.0002022582644204,1
2011-2015,IT,HU,46,83,954,0.0482180293501048,0.0173809236966624,1
2011-2015,RO,HU,52,83,954,0.0545073375262054,0.010091816676236,1
2011-2015,TR,HU,35,83,954,0.0366876310272536,0.046655753517133,1
2011-2015,US,HU,84,83,954,0.0880503144654088,0.0005219296738558,1
2011-2015,AU,ID,252,80,1569,0.1606118546845124,9.841553973857332e-07,1
2011-2015,DE,ID,64,80,1569,0.0407903123008285,0.0372538319444879,1
2011-2015,GB,ID,97,80,1569,0.0618228170809432,0.0064640461251397,1
2011-2015,JP,ID,157,80,1569,0.10006373486297,0.0002413951260849,1
2011-2015,MY,ID,186,80,1569,0.1185468451242829,4.685324610936853e-05,1
2011-2015,NL,ID,99,80,1569,0.0630975143403441,0.0058057308953491,1
2011-2015,TW,ID,76,80,1569,0.0484384958572339,0.0197930292705039,1
2011-2015,US,ID,147,80,1569,0.0936902485659655,0.0004215562880459,1
2011-2015,BR,IE,141,108,2587,0.0545032856590645,0.0024866952584523,1
2011-2015,CA,IE,72,108,2587,0.0278314650173946,0.0487918170890739,1
2011-2015,CN,IE,89,108,2587,0.0344027831465017,0.0236141636914709,1
2011-2015,DE,IE,119,108,2587,0.0459992269037495,0.0064820705119843,1
2011-2015,ES,IE,178,108,2587,0.0688055662930034,0.0004867654300239,1
2011-2015,FR,IE,100,108,2587,0.0386548125241592,0.0147262154885305,1
2011-2015,GB,IE,624,108,2587,0.2412060301507537,1.490233028356084e-13,1
2011-2015,IN,IE,123,108,2587,0.0475454194047158,0.0054492583834892,1
2011-2015,IT,IE,107,108,2587,0.0413606494008504,0.0108921089236106,1
2011-2015,US,IE,266,108,2587,0.1028218013142636,9.078668450364334e-06,1
2011-2015,CN,IL,59,82,1462,0.0403556771545827,0.0355577417111628,1
2011-2015,DE,IL,69,82,1462,0.0471956224350205,0.0199206382052375,1
2011-2015,FR,IL,58,82,1462,0.0396716826265389,0.0376702540336559,1
2011-2015,GB,IL,82,82,1462,0.0560875512995896,0.0093211353891305,1
2011-2015,IN,IL,195,82,1462,0.1333789329685362,9.20807023400546e-06,1
2011-2015,US,IL,428,82,1462,0.292749658002736,6.537722115219622e-13,1
2011-2015,CA,IN,150,138,5504,0.0272529069767441,0.0226982305242917,1
2011-2015,DE,IN,258,138,5504,0.046875,0.0013916530017027,1
2011-2015,ET,IN,163,138,5504,0.0296148255813953,0.0162685529665277,1
2011-2015,FR,IN,150,138,5504,0.0272529069767441,0.0226982305242917,1
2011-2015,GB,IN,604,138,5504,0.1097383720930232,1.2131617467629453e-07,1
2011-2015,JP,IN,124,138,5504,0.0225290697674418,0.0440785713674563,1
2011-2015,KR,IN,189,138,5504,0.0343386627906976,0.0083368805221976,1
2011-2015,NG,IN,146,138,5504,0.0265261627906976,0.0251435684523327,1
2011-2015,NP,IN,149,138,5504,0.0270712209302325,0.0232864798170495,1
2011-2015,SG,IN,141,138,5504,0.0256177325581395,0.0285709004375832,1
2011-2015,US,IN,1310,138,5504,0.2380087209302325,6.716609873756446e-17,1
2011-2015,GB,IQ,248,55,823,0.3013365735115431,3.894686559055304e-09,1
2011-2015,IN,IQ,75,55,823,0.0911300121506683,0.0057424230364356,1
2011-2015,MY,IQ,107,55,823,0.1300121506682867,0.0005416417132981,1
2011-2015,US,IQ,56,55,823,0.0680437424058323,0.022251462043022,1
2011-2015,AU,IR,58,67,1103,0.0525838621940163,0.0282938045044815,1
2011-2015,CA,IR,65,67,1103,0.0589301903898458,0.0181568920182359,1
2011-2015,DE,IR,69,67,1103,0.0625566636446056,0.014072515541785,1
2011-2015,GB,IR,88,67,1103,0.0797824116047144,0.004137852136741,1
2011-2015,IN,IR,79,67,1103,0.0716228467815049,0.0074099165528058,1
2011-2015,MY,IR,191,67,1103,0.1731640979147778,3.545483826802768e-06,1
2011-2015,US,IR,76,67,1103,0.0689029918404351,0.0089880495169404,1
2011-2015,DE,IS,19,47,272,0.0698529411764705,0.0357580962071201,1
2011-2015,DK,IS,21,47,272,0.0772058823529411,0.0248211330502206,1
2011-2015,GB,IS,42,47,272,0.1544117647058823,0.000445975366671,1
2011-2015,SE,IS,23,47,272,0.0845588235294117,0.017179098935838,1
2011-2015,US,IS,37,47,272,0.1360294117647058,0.0011993669548806,1
2011-2015,BR,IT,403,142,7709,0.0522765598650927,0.0005153576544538,1
2011-2015,CH,IT,239,142,7709,0.0310027240887274,0.0117890936145083,1
2011-2015,DE,IT,456,142,7709,0.059151640939162,0.0001846154666907,1
2011-2015,ES,IT,767,142,7709,0.0994940978077571,3.824771342168932e-07,1
2011-2015,FR,IT,532,142,7709,0.0690102477623556,4.180526484581582e-05,1
2011-2015,GB,IT,737,142,7709,0.0956025424828123,7.025316913398846e-07,1
2011-2015,IN,IT,215,142,7709,0.0278894798287715,0.0185312909706076,1
2011-2015,IR,IT,167,142,7709,0.0216629913088597,0.0455906745720216,1
2011-2015,NL,IT,210,142,7709,0.027240887274614,0.0203586238334802,1
2011-2015,PT,IT,205,142,7709,0.0265922947204566,0.0223647443264788,1
2011-2015,US,IT,802,142,7709,0.1040342456868595,1.8753781737419858e-07,1
2011-2015,GB,JE,7,3,9,0.7777777777777778,0.0493827160493827,1
2011-2015,GB,JM,11,21,48,0.2291666666666666,0.005485418082532,1
2011-2015,US,JM,15,21,48,0.3125,0.0005564857529033,1
2011-2015,GB,JO,156,59,971,0.160659114315139,3.876376680287985e-05,1
2011-2015,MY,JO,57,59,971,0.05870236869207,0.0299339492415291,1
2011-2015,SA,JO,63,59,971,0.0648815653964984,0.020429788921002,1
2011-2015,US,JO,209,59,971,0.2152420185375901,7.846446231182407e-07,1
2011-2015,AU,JP,159,138,6896,0.0230568445475638,0.0409348639609668,1
2011-2015,BD,JP,295,138,6896,0.0427784222737819,0.0025044349225769,1
2011-2015,CN,JP,827,138,6896,0.1199245939675174,2.5074033416173523e-08,1
2011-2015,DE,JP,260,138,6896,0.0377030162412993,0.005168327924935,1
2011-2015,EG,JP,162,138,6896,0.023491879350348,0.0385117022516946,1
2011-2015,FR,JP,205,138,6896,0.0297273781902552,0.016012069172538,1
2011-2015,GB,JP,357,138,6896,0.0517691415313225,0.0006874317437512,1
2011-2015,ID,JP,560,138,6896,0.0812064965197215,9.13806956304839e-06,1
2011-2015,IN,JP,317,138,6896,0.0459686774941995,0.0015851880894324,1
2011-2015,KR,JP,186,138,6896,0.0269721577726218,0.0236135687352787,1
2011-2015,TH,JP,156,138,6896,0.0226218097447795,0.0435093093432484,1
2011-2015,US,JP,1121,138,6896,0.1625580046403712,2.784830696421293e-11,1
2011-2015,VN,JP,277,138,6896,0.0401682134570765,0.0036369101606856,1
2011-2015,DE,KE,54,91,1085,0.0497695852534562,0.0101065618680712,1
2011-2015,GB,KE,154,91,1085,0.1419354838709677,1.0394290532967006e-06,1
2011-2015,NL,KE,39,91,1085,0.0359447004608294,0.0370830264749012,1
2011-2015,RW,KE,39,91,1085,0.0359447004608294,0.0370830264749012,1
2011-2015,TZ,KE,38,91,1085,0.0350230414746543,0.0404133558071362,1
2011-2015,UG,KE,72,91,1085,0.0663594470046083,0.0020709692277362,1
2011-2015,US,KE,127,91,1085,0.1170506912442396,1.362132579323699e-05,1
2011-2015,ZA,KE,103,91,1085,0.0949308755760368,0.0001262866562005,1
2011-2015,KZ,KG,11,24,85,0.1294117647058823,0.0412756824297574,1
2011-2015,RU,KG,18,24,85,0.2117647058823529,0.0041984131215718,1
2011-2015,AU,KH,11,42,148,0.0743243243243243,0.0421514891503432,1
2011-2015,FR,KH,25,42,148,0.1689189189189189,0.0005074336197833,1
2011-2015,TH,KH,16,42,148,0.1081081081081081,0.0091791157888372,1
2011-2015,CA,KN,8,17,34,0.2352941176470588,0.0136744823448502,1
2011-2015,US,KN,9,17,34,0.2647058823529412,0.0073009179221872,1
2011-2015,BD,KR,187,113,5634,0.0331913383031593,0.0228107546765389,1
2011-2015,CN,KR,293,113,5634,0.0520056798012069,0.0025248893807629,1
2011-2015,GB,KR,183,113,5634,0.0324813631522896,0.0247654378310856,1
2011-2015,ID,KR,179,113,5634,0.0317713880014199,0.0268859987902816,1
2011-2015,IN,KR,622,113,5634,0.1104011359602414,2.040575195892532e-06,1
2011-2015,JP,KR,229,113,5634,0.0406460773872914,0.0095858765483342,1
2011-2015,PK,KR,317,113,5634,0.0562655307064252,0.001524683071662,1
2011-2015,US,KR,1800,113,5634,0.3194888178913738,1.8947406818988296e-19,1
2011-2015,VN,KR,363,113,5634,0.064430244941427,0.0005761445251144,1
2011-2015,EG,KW,42,55,415,0.1012048192771084,0.0031454276142671,1
2011-2015,GB,KW,73,55,415,0.1759036144578313,2.902769188309774e-05,1
2011-2015,IN,KW,27,55,415,0.0650602409638554,0.0264433187243315,1
2011-2015,US,KW,78,55,415,0.1879518072289156,1.3104408555324836e-05,1
2011-2015,GB,KZ,61,58,458,0.1331877729257642,0.0002895520468228,1
2011-2015,RU,KZ,108,58,458,0.2358078602620087,2.200626212720278e-07,1
2011-2015,US,KZ,66,58,458,0.1441048034934497,0.0001405961971216,1
2011-2015,CA,LB,34,57,562,0.0604982206405693,0.0303574990449603,1
2011-2015,FR,LB,163,57,562,0.2900355871886121,4.669264612536387e-09,1
2011-2015,GB,LB,53,57,562,0.094306049822064,0.0038990799371982,1
2011-2015,US,LB,92,57,562,0.1637010676156583,4.490000325970432e-05,1
2011-2015,CH,LI,7,11,26,0.2692307692307692,0.0434312700804961,1
2011-2015,AU,LK,42,54,501,0.0838323353293413,0.0096532346366499,1
2011-2015,GB,LK,141,54,501,0.281437125748503,2.46963669632321e-08,1
2011-2015,IN,LK,60,54,501,0.1197604790419161,0.001158365917498,1
2011-2015,JP,LK,34,54,501,0.0678642714570858,0.0241209939110516,1
2011-2015,US,LK,61,54,501,0.1217564870259481,0.0010270518821566,1
2011-2015,GB,LR,9,22,51,0.1764705882352941,0.0169535792329796,1
2011-2015,NG,LR,8,22,51,0.1568627450980392,0.0277884209498584,1
2011-2015,ZA,LS,18,15,41,0.4390243902439024,0.0003056438841994,1
2011-2015,DE,LT,22,45,246,0.089430894308943,0.0162094430960888,1
2011-2015,GB,LT,29,45,246,0.1178861788617886,0.004009438689093,1
2011-2015,BE,LU,45,50,576,0.078125,0.0185750437466775,1
2011-2015,DE,LU,126,50,576,0.21875,5.580993121495483e-06,1
2011-2015,FR,LU,96,50,576,0.1666666666666666,0.0001318617829406,1
2011-2015,GB,LU,50,50,576,0.0868055555555555,0.0116842213497019,1
2011-2015,IT,LU,36,50,576,0.0625,0.0423245689314642,1
2011-2015,DE,LV,12,37,124,0.0967741935483871,0.0256252523143617,1
2011-2015,LT,LV,12,37,124,0.0967741935483871,0.0256252523143617,1
2011-2015,GB,LY,58,32,204,0.284313725490196,3.136197029371304e-05,1
2011-2015,MY,LY,27,32,204,0.1323529411764706,0.0122641108429084,1
2011-2015,US,LY,35,32,204,0.1715686274509804,0.0029238336014714,1
2011-2015,ES,MA,24,55,295,0.0813559322033898,0.0102318188937618,1
2011-2015,FR,MA,112,55,295,0.3796610169491525,6.338259012392245e-12,1
2011-2015,US,MA,17,55,295,0.0576271186440678,0.0405536656977231,1
2011-2015,FR,MC,9,14,26,0.3461538461538461,0.0039919257454365,1
2011-2015,RO,MD,17,20,54,0.3148148148148148,0.0007591914713375,1
2011-2015,RU,MD,8,20,54,0.1481481481481481,0.047524479089848,1
2011-2015,RS,ME,20,16,48,0.4166666666666667,0.0003081427183677,1
2011-2015,FR,MG,21,15,55,0.3818181818181818,0.0011902198409483,1
2011-2015,AL,MK,16,30,100,0.16,0.0063694113258132,1
2011-2015,XK,MK,13,30,100,0.13,0.0176221269646038,1
2011-2015,DZ,ML,8,32,76,0.1052631578947368,0.0318093601420547,1
2011-2015,FR,ML,12,32,76,0.1578947368421052,0.004856885137641,1
2011-2015,SN,ML,8,32,76,0.1052631578947368,0.0318093601420547,1
2011-2015,JP,MM,12,29,88,0.1363636363636363,0.0164917128234282,1
2011-2015,TH,MM,23,29,88,0.2613636363636363,0.0002070423392214,1
2011-2015,CN,MN,19,26,168,0.1130952380952381,0.0497650754855557,1
2011-2015,KR,MN,30,26,168,0.1785714285714285,0.0073155185667237,1
2011-2015,RU,MN,25,26,168,0.1488095238095238,0.0178102039808216,1
2011-2015,CN,MO,116,29,260,0.4461538461538462,6.529742203021863e-08,1
2011-2015,FR,MQ,9,7,15,0.6,0.004096,1
2011-2015,GB,MT,77,31,158,0.4873417721518987,1.9716869306702632e-09,1
2011-2015,FR,MU,10,23,66,0.1515151515151515,0.026925886588385,1
2011-2015,GB,MU,13,23,66,0.1969696969696969,0.0080186738476211,1
2011-2015,IN,MU,11,23,66,0.1666666666666666,0.0181139259059644,1
2011-2015,IN,MV,17,17,53,0.320754716981132,0.002053175619918,1
2011-2015,GB,MW,34,33,142,0.2394366197183098,0.0001571567920841,1
2011-2015,US,MW,15,33,142,0.1056338028169014,0.0280861396122222,1
2011-2015,ZA,MW,23,33,142,0.1619718309859155,0.0035016742641776,1
2011-2015,CO,MX,883,90,4294,0.2056357708430368,1.2640127606937175e-09,1
2011-2015,CU,MX,184,90,4294,0.0428504890544946,0.0202861941707443,1
2011-2015,EC,MX,187,90,4294,0.043549138332557,0.0190097753709714,1
2011-2015,ES,MX,799,90,4294,0.1860735910572892,1.1017357914937224e-08,1
2011-2015,FR,MX,163,90,4294,0.0379599441080577,0.0319294019414014,1
2011-2015,GB,MX,239,90,4294,0.0556590591523055,0.0061159628929666,1
2011-2015,US,MX,590,90,4294,0.1374010246856078,1.936401783453205e-06,1
2011-2015,AU,MY,285,95,4719,0.0603941513032422,0.0028634979394778,1
2011-2015,BD,MY,263,95,4719,0.0557321466412375,0.0045598363182935,1
2011-2015,GB,MY,610,95,4719,0.1292646747192201,2.2351126080792056e-06,1
2011-2015,ID,MY,280,95,4719,0.0593346047891502,0.003183506655515,1
2011-2015,IN,MY,312,95,4719,0.0661157024793388,0.0016126825165627,1
2011-2015,IQ,MY,344,95,4719,0.0728968001695274,0.0008129044883198,1
2011-2015,IR,MY,231,95,4719,0.0489510489510489,0.0089344920161626,1
2011-2015,NG,MY,462,95,4719,0.0979020979020979,6.22078578357344e-05,1
2011-2015,PK,MY,339,95,4719,0.0718372536554354,0.0009050415484268,1
2011-2015,US,MY,189,95,4719,0.0400508582326764,0.0214453490326182,1
2011-2015,BR,MZ,35,44,226,0.1548672566371681,0.0007207288525989,1
2011-2015,PT,MZ,64,44,226,0.2831858407079646,6.060141182442164e-07,1
2011-2015,ZA,MZ,17,44,226,0.0752212389380531,0.0346439513006834,1
2011-2015,FR,NC,20,13,36,0.5555555555555556,5.940319206354909e-05,1
2011-2015,NG,NE,11,22,53,0.2075471698113207,0.0075586082425138,1
2011-2015,GB,NG,524,97,1241,0.4222401289282836,1.3419857993462616e-23,1
2011-2015,GH,NG,41,97,1241,0.0330378726833199,0.0397473882223933,1
2011-2015,IN,NG,55,97,1241,0.0443190975020145,0.012883656071458,1
2011-2015,MY,NG,75,97,1241,0.0604351329572925,0.0025175019564287,1
2011-2015,US,NG,82,97,1241,0.0660757453666398,0.0014122735603858,1
2011-2015,ZA,NG,54,97,1241,0.0435132957292506,0.0139694078046816,1
2011-2015,CO,NI,17,40,180,0.0944444444444444,0.0208779990133382,1
2011-2015,ES,NI,29,40,180,0.1611111111111111,0.001057969738046,1
2011-2015,NG,NI,14,40,180,0.0777777777777777,0.0425194594337234,1
2011-2015,US,NI,19,40,180,0.1055555555555555,0.0128997551253699,1
2011-2015,BE,NL,300,136,7610,0.0394218134034165,0.0043844712361844,1
2011-2015,BR,NL,260,136,7610,0.0341655716162943,0.0091592963805708,1
2011-2015,CN,NL,460,136,7610,0.0604467805519053,0.0002209973057634,1
2011-2015,DE,NL,564,136,7610,0.0741130091984231,3.057226251431807e-05,1
2011-2015,ES,NL,459,136,7610,0.0603153745072273,0.000225209326335,1
2011-2015,FR,NL,237,136,7610,0.031143232588699,0.0139650634384477,1
2011-2015,GB,NL,667,136,7610,0.0876478318002628,4.187344047763028e-06,1
2011-2015,GR,NL,169,136,7610,0.0222076215505913,0.0482277997015061,1
2011-2015,ID,NL,261,136,7610,0.0342969776609724,0.008992588740841,1
2011-2015,IN,NL,228,136,7610,0.0299605781865965,0.0164651939962592,1
2011-2015,IT,NL,454,136,7610,0.059658344283837,0.0002474948360391,1
2011-2015,PT,NL,230,136,7610,0.0302233902759526,0.0158737736074146,1
2011-2015,US,NL,615,136,7610,0.0808147174770039,1.1466038025880604e-05,1
2011-2015,CN,NO,93,102,2511,0.037037037037037,0.0221089422352612,1
2011-2015,DE,NO,176,102,2511,0.0700915969733174,0.0006493179234833,1
2011-2015,DK,NO,113,102,2511,0.0450019912385503,0.0095554043829143,1
2011-2015,ES,NO,116,102,2511,0.0461967343687773,0.008420527699269,1
2011-2015,FR,NO,88,102,2511,0.0350457984866587,0.0272381021260323,1
2011-2015,GB,NO,222,102,2511,0.0884109916367981,8.703763386279938e-05,1
2011-2015,IT,NO,100,102,2511,0.0398247710075667,0.0164968210773215,1
2011-2015,NL,NO,106,102,2511,0.0422142572680207,0.0128264114629533,1
2011-2015,SE,NO,175,102,2511,0.0696933492632417,0.000678014057708,1
2011-2015,US,NO,186,102,2511,0.074074074074074,0.0004209210991678,1
2011-2015,CN,NP,34,53,480,0.0708333333333333,0.0219214011502449,1
2011-2015,GB,NP,37,53,480,0.0770833333333333,0.0154329667343554,1
2011-2015,IN,NP,149,53,480,0.3104166666666667,4.041209198111177e-09,1
2011-2015,US,NP,33,53,480,0.06875,0.0246290045704538,1
2011-2015,AU,NZ,214,98,2090,0.1023923444976076,2.8144604451758123e-05,1
2011-2015,CN,NZ,97,98,2090,0.0464114832535885,0.0099544718126429,1
2011-2015,DE,NZ,86,98,2090,0.0411483253588516,0.0169780893642528,1
2011-2015,GB,NZ,318,98,2090,0.1521531100478469,1.1137580336791098e-07,1
2011-2015,IN,NZ,90,98,2090,0.0430622009569378,0.0139868470775781,1
2011-2015,MY,NZ,82,98,2090,0.0392344497607655,0.0206010790748965,1
2011-2015,US,NZ,286,98,2090,0.1368421052631579,6.320536857375964e-07,1
2011-2015,GB,OM,76,70,764,0.0994764397905759,0.0007247037298664,1
2011-2015,IN,OM,254,70,764,0.3324607329842932,7.742842211623397e-13,1
2011-2015,PK,OM,42,70,764,0.0549738219895288,0.0202127260819982,1
2011-2015,CO,PA,98,39,375,0.2613333333333333,1.0024045996369864e-05,1
2011-2015,ES,PA,55,39,375,0.1466666666666666,0.0024127426567215,1
2011-2015,US,PA,53,39,375,0.1413333333333333,0.0030572781381617,1
2011-2015,BR,PE,146,71,1902,0.0767613038906414,0.0037323290734484,1
2011-2015,CL,PE,114,71,1902,0.0599369085173501,0.0132126560637273,1
2011-2015,CO,PE,112,71,1902,0.0588853838065194,0.014288159396539,1
2011-2015,EC,PE,216,71,1902,0.113564668769716,0.0002164183283293,1
2011-2015,ES,PE,446,71,1902,0.2344900105152471,7.525933322688857e-09,1
2011-2015,US,PE,270,71,1902,0.1419558359621451,2.216536703499002e-05,1
2011-2015,FR,PF,15,8,23,0.6521739130434783,0.0006159352462099,1
2011-2015,AU,PG,17,17,54,0.3148148148148148,0.0023600838221367,1
2011-2015,AU,PH,35,74,556,0.0629496402877697,0.0086834841394313,1
2011-2015,ID,PH,35,74,556,0.0629496402877697,0.0086834841394313,1
2011-2015,JP,PH,47,74,556,0.0845323741007194,0.0015846681350319,1
2011-2015,KR,PH,30,74,556,0.0539568345323741,0.0174381150133503,1
2011-2015,US,PH,87,74,556,0.1564748201438849,4.028633248930242e-06,1
2011-2015,CN,PK,167,77,1666,0.1002400960384153,0.0003263054436843,1
2011-2015,DE,PK,80,77,1666,0.0480192076830732,0.0237542941048096,1
2011-2015,FR,PK,106,77,1666,0.063625450180072,0.0067634720175066,1
2011-2015,GB,PK,384,77,1666,0.2304921968787515,2.2500394698933646e-09,1
2011-2015,MY,PK,81,77,1666,0.0486194477791116,0.0226425054374665,1
2011-2015,SE,PK,82,77,1666,0.04921968787515,0.0215820996714508,1
2011-2015,US,PK,149,77,1666,0.0894357743097239,0.0008083591571774,1
2011-2015,DE,PL,199,101,1925,0.1033766233766233,1.8239198651720876e-05,1
2011-2015,ES,PL,87,101,1925,0.0451948051948052,0.0098056710645009,1
2011-2015,FR,PL,97,101,1925,0.0503896103896103,0.0056825825756137,1
2011-2015,GB,PL,198,101,1925,0.1028571428571428,1.932681868344701e-05,1
2011-2015,IT,PL,93,101,1925,0.0483116883116883,0.0070708813324978,1
2011-2015,UA,PL,161,101,1925,0.0836363636363636,0.0001609847342956,1
2011-2015,US,PL,184,101,1925,0.0955844155844155,4.333150040708008e-05,1
2011-2015,CO,PR,189,31,486,0.3888888888888889,3.8335876885113533e-07,1
2011-2015,US,PR,160,31,486,0.3292181069958848,6.272489228196373e-06,1
2011-2015,EG,PS,24,41,237,0.1012658227848101,0.0139717336264892,1
2011-2015,GB,PS,32,41,237,0.1350210970464135,0.0030214861080624,1
2011-2015,JO,PS,25,41,237,0.1054852320675105,0.0115744562248881,1
2011-2015,US,PS,29,41,237,0.1223628691983122,0.0054025594939039,1
2011-2015,BR,PT,2015,131,6578,0.3063241106719367,2.2405670834180402e-21,1
2011-2015,DE,PT,218,131,6578,0.033140772271207,0.0125089842364315,1
2011-2015,ES,PT,940,131,6578,0.1429005776831863,1.9681414621167677e-09,1
2011-2015,FR,PT,248,131,6578,0.0377014290057768,0.0067651793287121,1
2011-2015,GB,PT,536,131,6578,0.0814837336576467,1.589610536547044e-05,1
2011-2015,IT,PT,309,131,6578,0.0469747643660687,0.0019211978413778,1
2011-2015,NL,PT,150,131,6578,0.0228032836728488,0.0498493916675323,1
2011-2015,US,PT,359,131,6578,0.054575858923685,0.0006783743160056,1
2011-2015,BR,PY,121,28,264,0.4583333333333333,6.46795494603822e-08,1
2011-2015,ES,PY,51,28,264,0.1931818181818181,0.0030404878155492,1
2011-2015,CA,QA,54,80,1318,0.0409711684370258,0.0367029888164845,1
2011-2015,EG,QA,104,80,1318,0.0789074355083459,0.0015134178154049,1
2011-2015,FR,QA,50,80,1318,0.0379362670713201,0.0471089711812661,1
2011-2015,GB,QA,173,80,1318,0.1312594840667678,1.4870173543389711e-05,1
2011-2015,IN,QA,79,80,1318,0.0599393019726858,0.0075738341938597,1
2011-2015,JO,QA,51,80,1318,0.0386949924127465,0.0442624210791632,1
2011-2015,US,QA,216,80,1318,0.1638846737481032,7.228173297790205e-07,1
2011-2015,FR,RE,32,12,48,0.6666666666666666,5.645029269476769e-06,1
2011-2015,DE,RO,51,68,613,0.0831973898858075,0.0029681192828388,1
2011-2015,FR,RO,81,68,613,0.132137030995106,7.520168488784656e-05,1
2011-2015,GB,RO,61,68,613,0.099510603588907,0.0008913872444166,1
2011-2015,IT,RO,46,68,613,0.0750407830342577,0.0053729543794942,1
2011-2015,US,RO,58,68,613,0.0946166394779771,0.0012816754819715,1
2011-2015,BA,RS,60,60,372,0.1612903225806451,3.1123440110837355e-05,1
2011-2015,DE,RS,30,60,372,0.0806451612903225,0.0070065916031037,1
2011-2015,GB,RS,32,60,372,0.086021505376344,0.0049570426146708,1
2011-2015,IT,RS,19,60,372,0.0510752688172043,0.0453601168707124,1
2011-2015,US,RS,31,60,372,0.0833333333333333,0.0058948791690927,1
2011-2015,CN,RU,65,107,2014,0.03227408142999,0.0308852788963273,1
2011-2015,DE,RU,109,107,2014,0.0541211519364448,0.0027451397733141,1
2011-2015,FR,RU,88,107,2014,0.0436941410129096,0.0087753117994002,1
2011-2015,GB,RU,105,107,2014,0.0521350546176762,0.0034286644987384,1
2011-2015,IQ,RU,78,107,2014,0.038728897715988,0.0151937157084955,1
2011-2015,KZ,RU,161,107,2014,0.0799404170804369,0.0001460464580174,1
2011-2015,UA,RU,323,107,2014,0.160377358490566,8.97261402894759e-09,1
2011-2015,US,RU,167,107,2014,0.0829195630585898,0.0001035589164241,1
2011-2015,GB,RW,18,41,203,0.0886699507389162,0.0243796585943911,1
2011-2015,IN,RW,21,41,203,0.1034482758620689,0.0126769273917506,1
2011-2015,KE,RW,29,41,203,0.1428571428571428,0.0020995606024166,1
2011-2015,UG,RW,21,41,203,0.1034482758620689,0.0126769273917506,1
2011-2015,US,RW,15,41,203,0.0738916256157635,0.0463951362021623,1
2011-2015,ZA,RW,16,41,203,0.0788177339901477,0.0374819990162706,1
2011-2015,EG,SA,756,88,5117,0.1477428180574555,9.112724989502444e-07,1
2011-2015,GB,SA,444,88,5117,0.0867695915575532,0.0003719560889535,1
2011-2015,IN,SA,704,88,5117,0.1375806136408051,2.555703168142585e-06,1
2011-2015,JO,SA,256,88,5117,0.0500293140512018,0.0115023812125277,1
2011-2015,PK,SA,359,88,5117,0.0701582958764901,0.0017847804634639,1
2011-2015,SD,SA,346,88,5117,0.0676177447723275,0.0022629656619263,1
2011-2015,US,SA,494,88,5117,0.0965409419581786,0.0001458940070425,1
2011-2015,GB,SC,6,10,20,0.3,0.0403536069999999,1
2011-2015,GB,SD,21,56,265,0.0792452830188679,0.0106639323690156,1
2011-2015,MY,SD,16,56,265,0.060377358490566,0.0325417589486867,1
2011-2015,SA,SD,54,56,265,0.2037735849056604,3.6058858543259055e-06,1
2011-2015,CH,SE,140,128,5861,0.0238867087527725,0.0464011507039491,1
2011-2015,CN,SE,295,128,5861,0.0503327077290564,0.0014176794310735,1
2011-2015,DE,SE,499,128,5861,0.0851390547688107,1.236221264430646e-05,1
2011-2015,DK,SE,246,128,5861,0.041972359665586,0.0043152998720811,1
2011-2015,ES,SE,326,128,5861,0.0556219075243132,0.0006974768328454,1
2011-2015,FR,SE,253,128,5861,0.0431666951032247,0.003683053388215,1
2011-2015,GB,SE,500,128,5861,0.0853096741170448,1.2072824909023156e-05,1
2011-2015,IN,SE,241,128,5861,0.0411192629244156,0.0048317389465861,1
2011-2015,IT,SE,253,128,5861,0.0431666951032247,0.003683053388215,1
2011-2015,NL,SE,211,128,5861,0.0360006824773929,0.0095004517709954,1
2011-2015,US,SE,502,128,5861,0.085650912813513,1.1514061082509265e-05,1
2011-2015,AU,SG,215,90,3710,0.0579514824797843,0.0049263024469461,1
2011-2015,CN,SG,838,90,3710,0.2258760107816711,1.2709744203192926e-10,1
2011-2015,GB,SG,364,90,3710,0.0981132075471698,0.0001019836154047,1
2011-2015,IN,SG,410,90,3710,0.1105121293800539,2.9748337048186087e-05,1
2011-2015,US,SG,565,90,3710,0.1522911051212938,4.111117360385672e-07,1
2011-2015,GB,SI,23,53,309,0.0744336569579288,0.0179140091877114,1
2011-2015,HR,SI,40,53,309,0.1294498381877022,0.0007400782312953,1
2011-2015,IT,SI,24,53,309,0.0776699029126213,0.0149310995262668,1
2011-2015,RS,SI,19,53,309,0.0614886731391585,0.036885439338012,1
2011-2015,US,SI,20,53,309,0.0647249190938511,0.0308210119066759,1
2011-2015,CZ,SK,81,39,296,0.2736486486486486,5.291471441584463e-06,1
2011-2015,PL,SK,23,39,296,0.0777027027027027,0.0462482780399332,1
2011-2015,GB,SL,13,26,68,0.1911764705882352,0.0049698630300924,1
2011-2015,US,SL,12,26,68,0.1764705882352941,0.0077979035190448,1
2011-2015,IT,SM,7,4,10,0.7,0.027,1
2011-2015,FR,SN,46,46,178,0.2584269662921348,1.435247504305542e-06,1
2011-2015,KE,SO,14,25,100,0.14,0.0267893903146421,1
2011-2015,UG,SO,24,25,100,0.24,0.0013788791819032,1
2011-2015,KE,SS,9,27,79,0.1139240506329113,0.0430769222953033,1
2011-2015,SD,SS,9,27,79,0.1139240506329113,0.0430769222953033,1
2011-2015,UG,SS,18,27,79,0.2278481012658227,0.0012030158151667,1
2011-2015,ES,SV,33,27,104,0.3173076923076923,4.896099610910369e-05,1
2011-2015,US,SV,14,27,104,0.1346153846153846,0.0233044267056511,1
2011-2015,FR,SY,24,25,106,0.2264150943396226,0.0021095590711564,1
2011-2015,ZA,SZ,21,27,59,0.3559322033898305,1.0770136544361242e-05,1
2011-2015,CM,TD,6,26,40,0.15,0.0171978098522078,1
2011-2015,CN,TG,6,21,40,0.15,0.0387595310845143,1
2011-2015,AU,TH,59,79,1450,0.0406896551724137,0.0391572302723076,1
2011-2015,CN,TH,55,79,1450,0.0379310344827586,0.0489873581834684,1
2011-2015,GB,TH,156,79,1450,0.1075862068965517,0.0001393700255379,1
2011-2015,ID,TH,140,79,1450,0.096551724137931,0.0003634602214185,1
2011-2015,JP,TH,79,79,1450,0.0544827586206896,0.0126536931667138,1
2011-2015,US,TH,239,79,1450,0.1648275862068965,7.916605264815453e-07,1
2011-2015,VN,TH,89,79,1450,0.0613793103448275,0.0071487414730385,1
2011-2015,RU,TJ,9,9,26,0.3461538461538461,0.0334044701301696,1
2011-2015,BR,TL,24,22,92,0.2608695652173913,0.001750422118903,1
2011-2015,PT,TL,31,22,92,0.3369565217391304,0.000178806030102,1
2011-2015,FR,TN,161,42,303,0.5313531353135313,3.196497367554039e-14,1
2011-2015,CY,TR,120,122,4231,0.0283620893405814,0.0307637040918119,1
2011-2015,DE,TR,239,122,4231,0.056487827936658,0.0008799305201938,1
2011-2015,FR,TR,107,122,4231,0.0252895296620184,0.0450766242763965,1
2011-2015,GB,TR,503,122,4231,0.1188844244859371,2.2334605220825978e-07,1
2011-2015,IQ,TR,207,122,4231,0.0489246041125029,0.0023121103228851,1
2011-2015,IR,TR,224,122,4231,0.0529425667690853,0.0013852698093027,1
2011-2015,PK,TR,107,122,4231,0.0252895296620184,0.0450766242763965,1
2011-2015,US,TR,1024,122,4231,0.2420231623729614,2.7438987778764784e-15,1
2011-2015,GB,TT,19,25,81,0.2345679012345679,0.0016359125904384,1
2011-2015,US,TT,21,25,81,0.2592592592592592,0.0007447140648643,1
2011-2015,CN,TW,187,85,2475,0.0755555555555555,0.0013614089943772,1
2011-2015,GB,TW,161,85,2475,0.065050505050505,0.0035172619438161,1
2011-2015,ID,TW,280,85,2475,0.1131313131313131,4.170450683357969e-05,1
2011-2015,IN,TW,227,85,2475,0.0917171717171717,0.0003094373297317,1
2011-2015,JP,TW,99,85,2475,0.04,0.0324178027432528,1
2011-2015,US,TW,765,85,2475,0.3090909090909091,3.2460574232642016e-14,1
2011-2015,VN,TW,139,85,2475,0.0561616161616161,0.0077875590783486,1
2011-2015,CN,TZ,24,61,454,0.052863436123348,0.0384375911812,1
2011-2015,GB,TZ,46,61,454,0.1013215859030837,0.0016453512063836,1
2011-2015,IN,TZ,42,61,454,0.092511013215859,0.0029544850079278,1
2011-2015,UG,TZ,38,61,454,0.0837004405286343,0.0052753182651995,1
2011-2015,US,TZ,38,61,454,0.0837004405286343,0.0052753182651995,1
2011-2015,DE,UA,40,69,501,0.0798403193612774,0.0034889726699982,1
2011-2015,FR,UA,26,69,501,0.0518962075848303,0.0266808766797035,1
2011-2015,GB,UA,23,69,501,0.0459081836327345,0.0409384702808007,1
2011-2015,PL,UA,43,69,501,0.0858283433133732,0.0022381394655082,1
2011-2015,RU,UA,97,69,501,0.1936127744510978,4.41537372123894e-07,1
2011-2015,US,UA,52,69,501,0.1037924151696606,0.0005804780862651,1
2011-2015,GB,UG,70,63,486,0.1440329218106996,6.491391531315296e-05,1
2011-2015,KE,UG,30,63,486,0.0617283950617283,0.0192473769101941,1
2011-2015,NG,UG,40,63,486,0.0823045267489712,0.0048675738119686,1
2011-2015,US,UG,53,63,486,0.1090534979423868,0.0007776799096143,1
2011-2015,ZA,UG,28,63,486,0.0576131687242798,0.0252470675471639,1
2011-2015,AU,US,1014,198,55411,0.0182996155997906,0.0262939193639635,1
2011-2015,BR,US,3012,198,55411,0.054357438053816,1.6528032214576735e-05,1
2011-2015,CA,US,2865,198,55411,0.0517045352005919,2.8701440328579166e-05,1
2011-2015,CH,US,867,198,55411,0.0156467127465665,0.044745174291629,1
2011-2015,CN,US,9950,198,55411,0.1795672339427189,1.1653874802230912e-17,1
2011-2015,CO,US,843,198,55411,0.0152135857501218,0.0487959271019806,1
2011-2015,DE,US,2074,198,55411,0.0374293912761004,0.0005447805024868,1
2011-2015,ES,US,1695,198,55411,0.0305895941239104,0.002197922698957,1
2011-2015,FR,US,1777,198,55411,0.0320694446950966,0.0016266995557274,1
2011-2015,GB,US,3623,198,55411,0.0653841295049719,1.639573259899186e-06,1
2011-2015,IN,US,4837,198,55411,0.0872931367418021,1.5320371982178937e-08,1
2011-2015,IR,US,882,198,55411,0.0159174171193445,0.0423852195657212,1
2011-2015,IT,US,1369,198,55411,0.0247062857555359,0.0072390031377946,1
2011-2015,JP,US,1317,198,55411,0.0237678439299056,0.0087490807820538,1
2011-2015,KR,US,1761,198,55411,0.0317806933641334,0.0017251484021865,1
2011-2015,SA,US,854,198,55411,0.0154121022901589,0.0468959316322619,1
2011-2015,TR,US,1113,198,55411,0.0200862644601252,0.0183656166687301,1
2011-2015,AR,UY,49,30,307,0.1596091205211726,0.0064559266002983,1
2011-2015,BR,UY,54,30,307,0.1758957654723127,0.0036600096061885,1
2011-2015,ES,UY,74,30,307,0.2410423452768729,0.0003359764376091,1
2011-2015,RU,UZ,28,23,83,0.3373493975903614,0.0001170202809879,1
2011-2015,IT,VA,17,10,31,0.5483870967741935,0.0007814425886438,1
2011-2015,CO,VE,396,42,809,0.4894932014833127,1.0667501971853057e-12,1
2011-2015,CU,VE,68,42,809,0.0840543881334981,0.0273311018799067,1
2011-2015,ES,VE,110,42,809,0.1359703337453646,0.0024984739142173,1
2011-2015,US,VI,15,6,20,0.75,0.0009765625,1
2011-2015,AU,VN,135,53,1029,0.1311953352769679,0.0006667322917247,1
2011-2015,FR,VN,121,53,1029,0.1175898931000971,0.0014957693694758,1
2011-2015,GB,VN,85,53,1029,0.0826044703595724,0.0112965080425484,1
2011-2015,JP,VN,77,53,1029,0.0748299319727891,0.0175195048787317,1
2011-2015,KR,VN,107,53,1029,0.1039844509232264,0.0033144266106733,1
2011-2015,US,VN,97,53,1029,0.0942662779397473,0.0058080180149327,1
2011-2015,FJ,VU,5,9,15,0.3333333333333333,0.0390184423106234,1
2011-2015,AL,XK,15,16,50,0.3,0.0047475615099429,1
2011-2015,EG,YE,26,33,173,0.1502890173410404,0.0054535514135832,1
2011-2015,IN,YE,21,33,173,0.1213872832369942,0.0159044814566716,1
2011-2015,MY,YE,45,33,173,0.2601156069364161,6.504946493372392e-05,1
2011-2015,DE,ZA,89,123,3501,0.0254213081976578,0.043217857293931,1
2011-2015,GB,ZA,366,123,3501,0.104541559554413,1.411051929707722e-06,1
2011-2015,GH,ZA,119,123,3501,0.0339902884890031,0.0147143839660008,1
2011-2015,IN,ZA,160,123,3501,0.0457012282205084,0.0033227105815132,1
2011-2015,KE,ZA,149,123,3501,0.0425592687803484,0.0049619422063551,1
2011-2015,NG,ZA,524,123,3501,0.149671522422165,2.5679130453307712e-09,1
2011-2015,US,ZA,285,123,3501,0.0814053127677806,3.170438812488316e-05,1
2011-2015,ZW,ZA,360,123,3501,0.1028277634961439,1.7817662457321993e-06,1
2011-2015,GB,ZM,36,47,229,0.1572052401746725,0.0003830046323798,1
2011-2015,US,ZM,23,47,229,0.1004366812227074,0.0076817461132053,1
2011-2015,ZA,ZM,31,47,229,0.1353711790393013,0.0012421286082123,1
2011-2015,ZW,ZM,18,47,229,0.0786026200873362,0.0231505202987152,1
2011-2015,GB,ZW,29,39,246,0.1178861788617886,0.0085101225917265,1
2011-2015,ZA,ZW,92,39,246,0.3739837398373983,1.863173599858757e-08,1
2016-2020,ES,AD,28,10,38,0.7368421052631579,6.05267883914696e-06,1
2016-2020,EG,AE,127,111,2833,0.0448288033886339,0.0064407130626835,1
2016-2020,FR,AE,85,111,2833,0.0300035298270384,0.0350523327179009,1
2016-2020,GB,AE,337,111,2833,0.1189551711966113,8.908010369197651e-07,1
2016-2020,IN,AE,401,111,2833,0.1415460642428521,5.115281857862661e-08,1
2016-2020,JO,AE,149,111,2833,0.0525944228732792,0.0026239349692073,1
2016-2020,MY,AE,93,111,2833,0.0328273914578185,0.0254354082702119,1
2016-2020,PK,AE,126,111,2833,0.0444758206847864,0.0067078746369525,1
2016-2020,SA,AE,136,111,2833,0.0480056477232615,0.0044645831164616,1
2016-2020,US,AE,324,111,2833,0.1143663960465937,1.5774280068786066e-06,1
2016-2020,IN,AF,61,53,287,0.2125435540069686,4.015875177565244e-06,1
2016-2020,IR,AF,35,53,287,0.1219512195121951,0.0011560310272548,1
2016-2020,JP,AF,23,53,287,0.0801393728222996,0.0129880983045916,1
2016-2020,PK,AF,32,53,287,0.1114982578397212,0.0021390983483895,1
2016-2020,US,AG,10,11,22,0.4545454545454545,0.0023312328394264,1
2016-2020,IT,AL,36,43,209,0.1722488038277512,0.0003562807146218,1
2016-2020,MK,AL,23,43,209,0.1100478468899521,0.0074713596134419,1
2016-2020,TR,AL,20,43,209,0.0956937799043062,0.0146302503789825,1
2016-2020,US,AL,18,43,209,0.0861244019138756,0.022764462880544,1
2016-2020,XK,AL,16,43,209,0.0765550239234449,0.0352584293252372,1
2016-2020,DE,AM,13,41,145,0.0896551724137931,0.023347326613056,1
2016-2020,RU,AM,25,41,145,0.1724137931034483,0.0005158575040609,1
2016-2020,US,AM,20,41,145,0.1379310344827586,0.0026404650956892,1
2016-2020,BR,AO,51,36,317,0.1608832807570978,0.0021566670565749,1
2016-2020,CU,AO,87,36,317,0.2744479495268139,1.328617850297009e-05,1
2016-2020,PT,AO,95,36,317,0.2996845425867508,3.848397538118732e-06,1
2016-2020,BR,AR,383,64,3009,0.1272848122299767,0.0001883517427138,1
2016-2020,CL,AR,182,64,3009,0.0604852110335659,0.0196303529053664,1
2016-2020,CO,AR,509,64,3009,0.1691591890993685,8.50398956711366e-06,1
2016-2020,EC,AR,349,64,3009,0.1159853772017281,0.0004235895916049,1
2016-2020,ES,AR,354,64,3009,0.1176470588235294,0.0003762419994293,1
2016-2020,US,AR,180,64,3009,0.0598205383848454,0.0205247493491945,1
2016-2020,CH,AT,240,116,5448,0.0440528634361233,0.0056220643907613,1
2016-2020,DE,AT,1205,116,5448,0.2211820851688693,3.274404127772953e-13,1
2016-2020,ES,AT,200,116,5448,0.0367107195301027,0.0135526323842598,1
2016-2020,FR,AT,180,116,5448,0.0330396475770925,0.0209892417297811,1
2016-2020,GB,AT,488,116,5448,0.0895741556534508,2.0564891490888772e-05,1
2016-2020,IT,AT,350,116,5448,0.0642437591776798,0.0004827410228295,1
2016-2020,NL,AT,149,116,5448,0.0273494860499265,0.0412130133822356,1
2016-2020,US,AT,415,116,5448,0.0761747430249632,0.0001103648104237,1
2016-2020,BD,AU,537,152,16626,0.0322988090941898,0.0070296322050815,1
2016-2020,BR,AU,444,152,16626,0.0267051605918441,0.0167844657140841,1
2016-2020,CA,AU,450,152,16626,0.0270660411403825,0.0158703927396847,1
2016-2020,CN,AU,1815,152,16626,0.1091663659328762,2.6259561627059663e-08,1
2016-2020,DE,AU,555,152,16626,0.0333814507398051,0.0059364096710335,1
2016-2020,GB,AU,1971,152,16626,0.1185492601948755,5.307683746171603e-09,1
2016-2020,ID,AU,525,152,16626,0.0315770479971129,0.0078673079477425,1
2016-2020,IN,AU,841,152,16626,0.0505834235534704,0.0003944376107106,1
2016-2020,IR,AU,369,152,16626,0.0221941537351136,0.033740154309773,1
2016-2020,LK,AU,453,152,16626,0.0272464814146517,0.0154320765077123,1
2016-2020,MY,AU,344,152,16626,0.0206904847828702,0.0425516211194642,1
2016-2020,NZ,AU,510,152,16626,0.0306748466257668,0.0090550711082672,1
2016-2020,SG,AU,384,152,16626,0.0230963551064597,0.029350211031889,1
2016-2020,US,AU,1659,152,16626,0.0997834716708769,1.277598391751499e-07,1
2016-2020,GB,AZ,24,43,217,0.1105990783410138,0.0072794431164387,1
2016-2020,RU,AZ,18,43,217,0.0829493087557603,0.026334215644146,1
2016-2020,TR,AZ,61,43,217,0.2811059907834101,9.548261602198745e-07,1
2016-2020,HR,BA,20,31,172,0.1162790697674418,0.0245162607129478,1
2016-2020,RS,BA,59,31,172,0.3430232558139535,3.3612428954341035e-06,1
2016-2020,US,BB,18,16,53,0.3396226415094339,0.001980991541792,1
2016-2020,AU,BD,181,83,1879,0.0963278339542309,0.0002471122506596,1
2016-2020,CN,BD,118,83,1879,0.0627993613624268,0.0049008478647325,1
2016-2020,DE,BD,73,83,1879,0.038850452368281,0.0388024548200676,1
2016-2020,GB,BD,230,83,1879,0.1224055348589675,2.239225311464397e-05,1
2016-2020,IN,BD,83,83,1879,0.0441724321447578,0.0246106612641016,1
2016-2020,JP,BD,250,83,1879,0.1330494944119212,8.232522854764262e-06,1
2016-2020,KR,BD,91,83,1879,0.0484300159659393,0.0170663330822029,1
2016-2020,MY,BD,180,83,1879,0.0957956359765832,0.0002593349794953,1
2016-2020,US,BD,141,83,1879,0.0750399148483235,0.0016675748823496,1
2016-2020,BR,BE,190,149,7997,0.0237589095910966,0.0284739904747066,1
2016-2020,CH,BE,173,149,7997,0.0216331124171564,0.0392878599343715,1
2016-2020,CN,BE,356,149,7997,0.04451669376016,0.0011830942471012,1
2016-2020,DE,BE,482,149,7997,0.0602726022258346,0.0001009902757528,1
2016-2020,ES,BE,501,149,7997,0.0626484931849443,6.94332214865961e-05,1
2016-2020,FR,BE,674,149,7997,0.0842816056021007,2.1916280070753745e-06,1
2016-2020,GB,BE,632,149,7997,0.0790296361135425,5.109247768046101e-06,1
2016-2020,IN,BE,219,149,7997,0.0273852694760535,0.016415145385531,1
2016-2020,IT,BE,475,149,7997,0.0593972739777416,0.0001159104239329,1
2016-2020,NL,BE,666,149,7997,0.083281230461423,2.576002477323082e-06,1
2016-2020,PT,BE,227,149,7997,0.0283856446167312,0.0140961519303144,1
2016-2020,US,BE,475,149,7997,0.0593972739777416,0.0001159104239329,1
2016-2020,BJ,BF,17,38,215,0.0790697674418604,0.0474666981677715,1
2016-2020,FR,BF,37,38,215,0.1720930232558139,0.0009232452215613,1
2016-2020,BR,BG,20,61,358,0.0558659217877094,0.0317702343249411,1
2016-2020,DE,BG,34,61,358,0.0949720670391061,0.002510261779884,1
2016-2020,GB,BG,42,61,358,0.1173184357541899,0.0005600713515735,1
2016-2020,IT,BG,18,61,358,0.0502793296089385,0.0452640514648954,1
2016-2020,US,BG,27,61,358,0.0754189944134078,0.0090510304903257,1
2016-2020,EG,BH,22,40,236,0.0932203389830508,0.0220074155900133,1
2016-2020,GB,BH,34,40,236,0.1440677966101695,0.0023181166834369,1
2016-2020,IN,BH,39,40,236,0.1652542372881356,0.0008721972328089,1
2016-2020,CD,BI,7,28,60,0.1166666666666666,0.0351046557769244,1
2016-2020,FR,BJ,22,35,169,0.1301775147928994,0.0087225089666986,1
2016-2020,NG,BJ,27,35,169,0.1597633136094674,0.0026894021774275,1
2016-2020,GB,BN,36,30,134,0.2686567164179104,0.0001146877526093,1
2016-2020,MY,BN,22,30,134,0.1641791044776119,0.0055116737778114,1
2016-2020,BR,BO,36,38,359,0.1002785515320334,0.0200446616043618,1
2016-2020,ES,BO,53,38,359,0.1476323119777158,0.0027114286609801,1
2016-2020,PE,BO,34,38,359,0.0947075208913649,0.0251877723138413,1
2016-2020,AR,BR,292,143,11738,0.0248764695859601,0.0279555710513549,1
2016-2020,CA,BR,417,143,11738,0.0355256432100868,0.0058786458941428,1
2016-2020,CO,BR,864,143,11738,0.0736070880899642,1.927177583111388e-05,1
2016-2020,DE,BR,481,143,11738,0.0409780201056398,0.002628183288226,1
2016-2020,ES,BR,654,143,11738,0.0557164764014312,0.0002914355281893,1
2016-2020,FR,BR,754,143,11738,0.0642358153007326,8.046953750797821e-05,1
2016-2020,GB,BR,814,143,11738,0.0693474186403135,3.696896169403651e-05,1
2016-2020,IT,BR,370,143,11738,0.0315215539274152,0.0105870334036274,1
2016-2020,PE,BR,413,143,11738,0.0351848696541148,0.0061810603230506,1
2016-2020,PT,BR,1308,143,11738,0.1114329528028625,5.176173933200508e-08,1
2016-2020,US,BR,2145,143,11738,0.1827398193900153,3.590609532412284e-13,1
2016-2020,US,BS,14,24,50,0.28,0.0005231755239499,1
2016-2020,IN,BT,50,18,116,0.4310344827586206,6.862163908890465e-05,1
2016-2020,GB,BW,28,45,213,0.1314553990610328,0.0020269988319291,1
2016-2020,ZA,BW,60,45,213,0.2816901408450704,4.76124363040446e-07,1
2016-2020,ZW,BW,24,45,213,0.1126760563380281,0.0051953741877168,1
2016-2020,CN,BY,16,38,127,0.1259842519685039,0.0068582378020488,1
2016-2020,RU,BY,31,38,127,0.2440944881889764,3.186382785287876e-05,1
2016-2020,US,BZ,7,15,30,0.2333333333333333,0.0242377408771387,1
2016-2020,AU,CA,376,162,14938,0.0251707055830767,0.0165006111405673,1
2016-2020,BR,CA,837,162,14938,0.0560315972687106,9.292886984333757e-05,1
2016-2020,CN,CA,1219,162,14938,0.081603963047262,1.116426561881014e-06,1
2016-2020,DE,CA,480,162,14938,0.0321328156379702,0.0052040111047856,1
2016-2020,FR,CA,826,162,14938,0.0552952202436738,0.0001053596070699,1
2016-2020,GB,CA,1158,162,14938,0.0775204177266033,2.2805455843376957e-06,1
2016-2020,IN,CA,749,162,14938,0.0501405810684161,0.0002530187526185,1
2016-2020,IR,CA,765,162,14938,0.0512116749230151,0.0002109902834038,1
2016-2020,US,CA,3136,162,14938,0.2099343955014058,3.3401655098735546e-17,1
2016-2020,BE,CD,31,47,171,0.1812865497076023,0.000100941223194,1
2016-2020,FR,CD,11,47,171,0.0643274853801169,0.0469567601110763,1
2016-2020,UG,CD,11,47,171,0.0643274853801169,0.0469567601110763,1
2016-2020,ZA,CD,14,47,171,0.0818713450292397,0.0196590683575381,1
2016-2020,CO,CG,11,37,76,0.1447368421052631,0.0035941112595835,1
2016-2020,NG,CG,7,37,76,0.0921052631578947,0.0308516179344003,1
2016-2020,AT,CH,301,153,12722,0.0236598019179374,0.0262650312817313,1
2016-2020,CA,CH,322,153,12722,0.0253104857726772,0.0203084452326504,1
2016-2020,CN,CH,445,153,12722,0.0349787769218676,0.004462758846225,1
2016-2020,DE,CH,1808,153,12722,0.1421160194937903,7.605729007287649e-11,1
2016-2020,ES,CH,494,153,12722,0.0388303725829272,0.0024299979076979,1
2016-2020,FR,CH,1135,153,12722,0.0892155321490331,6.779124190878915e-07,1
2016-2020,GB,CH,1315,153,12722,0.1033642509039459,6.275374471076879e-08,1
2016-2020,IN,CH,256,153,12722,0.0201226222292092,0.0455096148377858,1
2016-2020,IT,CH,1007,153,12722,0.0791542210344285,3.6008833877372216e-06,1
2016-2020,NL,CH,474,153,12722,0.0372582927212702,0.0031152115211505,1
2016-2020,US,CH,1425,153,12722,0.1120106901430592,1.438719408330228e-08,1
2016-2020,BJ,CI,16,38,177,0.0903954802259887,0.0300293932854248,1
2016-2020,FR,CI,35,38,177,0.1977401129943503,0.0002881760516943,1
2016-2020,AR,CL,172,79,4184,0.0411089866156787,0.0378443789123429,1
2016-2020,BR,CL,283,79,4184,0.0676386233269598,0.004242026793692,1
2016-2020,CO,CL,378,79,4184,0.0903441682600382,0.0006200324669078,1
2016-2020,EC,CL,190,79,4184,0.0454110898661567,0.0266488213069179,1
2016-2020,ES,CL,735,79,4184,0.1756692160611854,2.857053965502958e-07,1
2016-2020,FR,CL,169,79,4184,0.0403919694072657,0.0401164184671109,1
2016-2020,GB,CL,258,79,4184,0.0616634799235181,0.0069818789293142,1
2016-2020,MX,CL,167,79,4184,0.0399139579349904,0.0417053872419557,1
2016-2020,PE,CL,164,79,4184,0.0391969407265774,0.0442060207871206,1
2016-2020,US,CL,426,79,4184,0.1018164435946462,0.0002303975160657,1
2016-2020,VE,CL,295,79,4184,0.0705066921606118,0.0033358679321848,1
2016-2020,DE,CM,22,72,368,0.0597826086956521,0.0125663134515416,1
2016-2020,FR,CM,45,72,368,0.1222826086956521,9.510075388231806e-05,1
2016-2020,NG,CM,27,72,368,0.0733695652173913,0.0044705996795122,1
2016-2020,US,CM,21,72,368,0.0570652173913043,0.015424020164531,1
2016-2020,ZA,CM,24,72,368,0.0652173913043478,0.0083263429860315,1
2016-2020,AU,CN,1121,170,25359,0.0442052131393193,0.0004804266692643,1
2016-2020,CA,CN,785,170,25359,0.0309554793170077,0.0049214197863358,1
2016-2020,DE,CN,1080,170,25359,0.0425884301431444,0.0006392569663145,1
2016-2020,FR,CN,649,170,25359,0.0255924918175006,0.0125073432416259,1
2016-2020,GB,CN,2234,170,25359,0.0880949564257265,1.704062007946157e-07,1
2016-2020,HK,CN,1378,170,25359,0.0543396821641231,7.929447903855789e-05,1
2016-2020,IN,CN,574,170,25359,0.0226349619464489,0.0208736848994313,1
2016-2020,JP,CN,989,170,25359,0.0389999605662683,0.0012029720242521,1
2016-2020,PK,CN,1699,170,25359,0.0669979100122244,8.13134157268642e-06,1
2016-2020,SG,CN,928,170,25359,0.036594502937813,0.001835444605833,1
2016-2020,US,CN,6557,170,25359,0.2585669781931464,1.1019331950876071e-22,1
2016-2020,AR,CO,387,103,7081,0.0546532975568422,0.0032381248594136,1
2016-2020,BR,CO,695,103,7081,0.0981499788165513,2.6527762537067203e-05,1
2016-2020,CL,CO,244,103,7081,0.0344584098291201,0.0279666548340599,1
2016-2020,ES,CO,1654,103,7081,0.2335828272842818,1.642302574395153e-12,1
2016-2020,FR,CO,206,103,7081,0.029091936167208,0.0492228808366491,1
2016-2020,GB,CO,207,103,7081,0.0292331591583109,0.0484979306633762,1
2016-2020,MX,CO,810,103,7081,0.1143906227933907,4.156282433213243e-06,1
2016-2020,US,CO,748,103,7081,0.1056347973450077,1.1337548328667909e-05,1
2016-2020,VE,CO,431,103,7081,0.0608671091653721,0.0016525674465894,1
2016-2020,BR,CR,42,57,655,0.0641221374045801,0.0244497134456006,1
2016-2020,CO,CR,97,57,655,0.1480916030534351,0.000126474316476,1
2016-2020,ES,CR,81,57,655,0.1236641221374045,0.0006159609423737,1
2016-2020,PE,CR,36,57,655,0.0549618320610687,0.0421855334802752,1
2016-2020,US,CR,83,57,655,0.1267175572519084,0.0005065995653836,1
2016-2020,AO,CU,34,62,506,0.067193675889328,0.01436416514101,1
2016-2020,BR,CU,39,62,506,0.0770750988142292,0.0075015012730387,1
2016-2020,CO,CU,39,62,506,0.0770750988142292,0.0075015012730387,1
2016-2020,EC,CU,87,62,506,0.1719367588932806,1.0043240756374005e-05,1
2016-2020,ES,CU,40,62,506,0.0790513833992094,0.0065820229290292,1
2016-2020,MX,CU,35,62,506,0.0691699604743083,0.0126210011885413,1
2016-2020,VE,CU,40,62,506,0.0790513833992094,0.0065820229290292,1
2016-2020,BR,CV,18,20,105,0.1714285714285714,0.0280717260788412,1
2016-2020,PT,CV,52,20,105,0.4952380952380952,2.2837304369139275e-06,1
2016-2020,US,CW,7,19,38,0.1842105263157894,0.0256097742342062,1
2016-2020,VE,CW,7,19,38,0.1842105263157894,0.0256097742342062,1
2016-2020,GB,CY,275,87,1308,0.2102446483180428,1.5288387002532795e-09,1
2016-2020,GR,CY,216,87,1308,0.1651376146788991,1.815017917739856e-07,1
2016-2020,NG,CY,81,87,1308,0.0619266055045871,0.0040960609608486,1
2016-2020,TR,CY,191,87,1308,0.1460244648318042,1.2714723052020684e-06,1
2016-2020,US,CY,58,87,1308,0.0443425076452599,0.0202299652006656,1
2016-2020,AT,CZ,81,115,3013,0.0268835048124792,0.0447498011382766,1
2016-2020,DE,CZ,209,115,3013,0.0693660803186193,0.0002759256338175,1
2016-2020,ES,CZ,136,115,3013,0.0451377364752738,0.0051670569080971,1
2016-2020,FR,CZ,153,115,3013,0.050779953534683,0.0026292190236583,1
2016-2020,GB,CZ,214,115,3013,0.0710255559243279,0.000225127948791,1
2016-2020,IN,CZ,173,115,3013,0.0574178559575174,0.0011813803817582,1
2016-2020,IT,CZ,128,115,3013,0.04248257550614,0.0070912399863107,1
2016-2020,PL,CZ,120,115,3013,0.0398274145370063,0.0097234508910465,1
2016-2020,RU,CZ,83,115,3013,0.0275472950547626,0.0414007024216838,1
2016-2020,SK,CZ,189,115,3013,0.0627281778957849,0.0006204030447474,1
2016-2020,US,CZ,155,115,3013,0.0514437437769664,0.0024276863536635,1
2016-2020,AT,DE,909,162,27760,0.0327449567723342,0.0047000388697768,1
2016-2020,BR,DE,900,162,27760,0.0324207492795389,0.0049605975510213,1
2016-2020,CH,DE,1186,162,27760,0.0427233429394812,0.000885181829863,1
2016-2020,CN,DE,1725,162,27760,0.0621397694524495,3.2676637242530604e-05,1
2016-2020,ES,DE,1228,162,27760,0.044236311239193,0.0006861748906979,1
2016-2020,FR,DE,1279,162,27760,0.0460734870317002,0.0005033870553094,1
2016-2020,GB,DE,2630,162,27760,0.0947406340057636,1.097633406611142e-07,1
2016-2020,IN,DE,1409,162,27760,0.0507564841498559,0.0002279291725776,1
2016-2020,IT,DE,1392,162,27760,0.0501440922190201,0.0002528682166478,1
2016-2020,NL,DE,1100,162,27760,0.0396253602305475,0.0014891896545502,1
2016-2020,SE,DE,532,162,27760,0.0191642651296829,0.0443609771721007,1
2016-2020,TR,DE,689,162,27760,0.0248198847262247,0.0174847235298061,1
2016-2020,US,DE,2732,162,27760,0.0984149855907781,5.7026433106188636e-08,1
2016-2020,BR,DK,146,120,5517,0.026463657785028,0.0411062672747,1
2016-2020,CH,DK,143,120,5517,0.0259198839949247,0.0439305558696693,1
2016-2020,CN,DK,412,120,5517,0.0746782671741888,9.74627661862822e-05,1
2016-2020,DE,DK,502,120,5517,0.0909914808772883,1.1737793219780358e-05,1
2016-2020,ES,DK,315,120,5517,0.0570962479608482,0.0009154113742346,1
2016-2020,FR,DK,180,120,5517,0.032626427406199,0.0193068775717786,1
2016-2020,GB,DK,576,120,5517,0.1044045676998368,2.001301504553533e-06,1
2016-2020,IT,DK,280,120,5517,0.0507522204096429,0.0020331583446953,1
2016-2020,NL,DK,189,120,5517,0.0342577487765089,0.0157937999338403,1
2016-2020,SE,DK,364,120,5517,0.0659778865325357,0.0002968259468886,1
2016-2020,US,DK,510,120,5517,0.0924415443175638,9.70684926192792e-06,1
2016-2020,ES,DO,163,39,461,0.3535791757049891,6.303516153344001e-08,1
2016-2020,US,DO,66,39,461,0.1431670281995661,0.0028187364336236,1
2016-2020,VE,DO,41,39,461,0.088937093275488,0.0290293873461592,1
2016-2020,CN,DZ,16,57,247,0.0647773279352226,0.023509397081647,1
2016-2020,FR,DZ,71,57,247,0.2874493927125506,5.723741545609802e-09,1
2016-2020,AR,EC,178,71,3701,0.0480951094298838,0.0317357719023128,1
2016-2020,CO,EC,183,71,3701,0.0494460956498243,0.0287324395617004,1
2016-2020,CU,EC,290,71,3701,0.0783572007565522,0.0033066208651129,1
2016-2020,ES,EC,1137,71,3701,0.3072142664144826,6.94905105730273e-12,1
2016-2020,MX,EC,180,71,3701,0.04863550391786,0.0304990139262818,1
2016-2020,US,EC,218,71,3701,0.0589029991894082,0.0142694507023705,1
2016-2020,VE,EC,386,71,3701,0.1042961361794109,0.0004482407490427,1
2016-2020,DE,EE,59,85,823,0.071688942891859,0.0019331073074227,1
2016-2020,FI,EE,49,85,823,0.0595382746051032,0.0057630785570881,1
2016-2020,GB,EE,78,85,823,0.094775212636695,0.0002330991839024,1
2016-2020,IN,EE,41,85,823,0.0498177399756986,0.0136703961237698,1
2016-2020,RU,EE,32,85,823,0.0388821385176184,0.0357469058087898,1
2016-2020,SE,EE,32,85,823,0.0388821385176184,0.0357469058087898,1
2016-2020,US,EE,47,85,823,0.0571081409477521,0.0071581109867586,1
2016-2020,CA,EG,86,101,2088,0.0411877394636015,0.0149058889475281,1
2016-2020,CN,EG,83,101,2088,0.0397509578544061,0.0173136351979077,1
2016-2020,DE,EG,136,101,2088,0.0651340996168582,0.0011883158778369,1
2016-2020,GB,EG,243,101,2088,0.1163793103448275,4.232408875886331e-06,1
2016-2020,JP,EG,138,101,2088,0.0660919540229885,0.001072535567573,1
2016-2020,SA,EG,284,101,2088,0.1360153256704981,4.473051388407428e-07,1
2016-2020,US,EG,339,101,2088,0.1623563218390804,2.022700188076173e-08,1
2016-2020,IN,ER,15,13,35,0.4285714285714285,0.0012121138559127,1
2016-2020,AR,ES,546,170,24392,0.0223843883240406,0.021797850825347,1
2016-2020,BR,ES,1015,170,24392,0.0416120039357166,0.0007594352766592,1
2016-2020,CL,ES,995,170,24392,0.040792062971466,0.00087752008575,1
2016-2020,CO,ES,2477,170,24392,0.1015496884224335,1.3819640765395308e-08,1
2016-2020,DE,ES,1107,170,24392,0.0453837323712692,0.0003900070197971,1
2016-2020,EC,ES,2009,170,24392,0.0823630698589701,4.913367926045619e-07,1
2016-2020,FR,ES,1183,170,24392,0.0484995080354214,0.0002244522182709,1
2016-2020,GB,ES,2137,170,24392,0.0876106920301738,1.864024632605765e-07,1
2016-2020,IT,ES,1341,170,24392,0.0549770416530009,7.075526035101006e-05,1
2016-2020,MX,ES,1031,170,24392,0.042267956707117,0.0006764552191219,1
2016-2020,NL,ES,463,170,24392,0.0189816333224007,0.0392135697536448,1
2016-2020,PE,ES,859,170,24392,0.0352164644145621,0.0023369547497949,1
2016-2020,PT,ES,1066,170,24392,0.0437028533945555,0.0005250411332001,1
2016-2020,US,ES,1635,170,24392,0.0670301738274844,8.083958733092243e-06,1
2016-2020,BE,ET,41,83,1072,0.0382462686567164,0.0408543357772473,1
2016-2020,CN,ET,53,83,1072,0.0494402985074626,0.0156426630056152,1
2016-2020,DE,ET,45,83,1072,0.0419776119402985,0.029703250355587,1
2016-2020,IN,ET,319,83,1072,0.2975746268656716,2.637640782931885e-13,1
2016-2020,NL,ET,50,83,1072,0.0466417910447761,0.0199067818047161,1
2016-2020,US,ET,43,83,1072,0.0401119402985074,0.0348408170657154,1
2016-2020,ZA,ET,55,83,1072,0.0513059701492537,0.0133151401008591,1
2016-2020,BR,FI,100,112,3702,0.0270124257158292,0.0478530519682243,1
2016-2020,CN,FI,194,112,3702,0.0524041058887088,0.0025419786625997,1
2016-2020,DE,FI,235,112,3702,0.0634792004321988,0.0006893414980038,1
2016-2020,ES,FI,154,112,3702,0.041599135602377,0.0089482650276973,1
2016-2020,FR,FI,126,112,3702,0.0340356564019448,0.021413202471875,1
2016-2020,GB,FI,331,112,3702,0.0894111291193949,3.053370670090744e-05,1
2016-2020,IN,FI,135,112,3702,0.0364667747163695,0.0161883705312645,1
2016-2020,IR,FI,105,112,3702,0.0283630470016207,0.0410153665908179,1
2016-2020,IT,FI,157,112,3702,0.0424095083738519,0.0081463035027647,1
2016-2020,RU,FI,140,112,3702,0.037817396002161,0.0138542359200559,1
2016-2020,SE,FI,211,112,3702,0.0569962182603997,0.0014824881073426,1
2016-2020,US,FI,249,112,3702,0.0672609400324149,0.0004399245480228,1
2016-2020,AU,FJ,31,41,138,0.2246376811594203,3.803537052748101e-05,1
2016-2020,IN,FJ,10,41,138,0.072463768115942,0.0493441111000049,1
2016-2020,NZ,FJ,11,41,138,0.0797101449275362,0.0360566506598002,1
2016-2020,DK,FO,16,10,33,0.4848484848484848,0.0025551407808884,1
2016-2020,BE,FR,547,168,17818,0.030699292849927,0.0054773997685323,1
2016-2020,BR,FR,1111,168,17818,0.0623526770681333,2.140915407663786e-05,1
2016-2020,CA,FR,588,168,17818,0.0330003367381299,0.0036829507874592,1
2016-2020,CH,FR,680,168,17818,0.0381636547311707,0.0015062522565458,1
2016-2020,CN,FR,722,168,17818,0.0405208216410371,0.000999856354272,1
2016-2020,DE,FR,1031,168,17818,0.0578628353350544,4.754016486981337e-05,1
2016-2020,ES,FR,1160,168,17818,0.0651027051296441,1.3109068292862894e-05,1
2016-2020,GB,FR,1459,168,17818,0.0818834886070266,6.366961647164543e-07,1
2016-2020,IN,FR,554,168,17818,0.0310921540015714,0.0051188564130414,1
2016-2020,IT,FR,1193,168,17818,0.0669547648445392,9.413492821648278e-06,1
2016-2020,LB,FR,391,168,17818,0.0219441014704231,0.0245886107343176,1
2016-2020,NL,FR,362,168,17818,0.020316533842182,0.0324582449743158,1
2016-2020,US,FR,1463,168,17818,0.0821079806936805,6.112180555062202e-07,1
2016-2020,FR,GA,12,24,44,0.2727272727272727,0.0006592314865452,1
2016-2020,AU,GB,1502,192,43577,0.0344677237992519,0.0012315670485638,1
2016-2020,BR,GB,981,192,43577,0.0225118755306698,0.0129209534012094,1
2016-2020,CA,GB,1188,192,43577,0.0272620877986093,0.0050957247245306,1
2016-2020,CH,GB,977,192,43577,0.0224200839892603,0.0131547827882841,1
2016-2020,CN,GB,3173,192,43577,0.0728136402230534,5.356775898923174e-07,1
2016-2020,DE,GB,2281,192,43577,0.052344126488744,3.4695712300583085e-05,1
2016-2020,ES,GB,2206,192,43577,0.0506230350873167,4.9067033448056624e-05,1
2016-2020,FR,GB,1631,192,43577,0.0374280010097069,0.0006850870885754,1
2016-2020,GR,GB,883,192,43577,0.0202629827661381,0.0200409263175151,1
2016-2020,IE,GB,987,192,43577,0.022649562842784,0.0125779396576041,1
2016-2020,IN,GB,1903,192,43577,0.0436698258255501,0.0001977429662861,1
2016-2020,IT,GB,2168,192,43577,0.0497510154439268,5.847175232331961e-05,1
2016-2020,NG,GB,930,192,43577,0.0213415333776992,0.0162386944597731,1
2016-2020,NL,GB,1187,192,43577,0.0272391399132569,0.0051187370140289,1
2016-2020,PT,GB,794,192,43577,0.0182206209697776,0.0298301928892355,1
2016-2020,TR,GB,804,192,43577,0.0184500998233012,0.028527597323253,1
2016-2020,US,GB,5166,192,43577,0.1185487757303164,3.410927539337294e-11,1
2016-2020,US,GD,60,18,98,0.6122448979591837,1.0126931111833813e-07,1
2016-2020,DE,GE,28,43,230,0.1217391304347826,0.0042873447205656,1
2016-2020,GB,GE,23,43,230,0.1,0.011972515182562,1
2016-2020,US,GE,31,43,230,0.1347826086956521,0.0022869680453352,1
2016-2020,FR,GF,26,16,43,0.6046511627906976,9.00963064061973e-07,1
2016-2020,CN,GH,81,89,990,0.0818181818181818,0.0005466691912405,1
2016-2020,DE,GH,45,89,990,0.0454545454545454,0.0166763892739625,1
2016-2020,GB,GH,176,89,990,0.1777777777777777,3.304079631315291e-08,1
2016-2020,NG,GH,73,89,990,0.0737373737373737,0.0011819644498128,1
2016-2020,US,GH,97,89,990,0.0979797979797979,0.000114559539076,1
2016-2020,ZA,GH,75,89,990,0.0757575757575757,0.0009753470017292,1
2016-2020,GB,GI,7,10,18,0.3888888888888889,0.0118872561331787,1
2016-2020,DK,GL,30,12,49,0.6122448979591837,2.979426870200052e-05,1
2016-2020,GB,GM,25,38,115,0.217391304347826,0.0001151205235859,1
2016-2020,NG,GM,18,38,115,0.1565217391304348,0.0018396452132941,1
2016-2020,FR,GN,13,23,49,0.2653061224489796,0.0011332905209212,1
2016-2020,SN,GN,8,23,49,0.1632653061224489,0.0198121262685614,1
2016-2020,FR,GP,22,15,38,0.5789473684210527,5.504392628197716e-06,1
2016-2020,BE,GR,73,89,1929,0.03784344219803,0.0335448221020771,1
2016-2020,CY,GR,115,89,1929,0.0596163815448418,0.0044755338588803,1
2016-2020,DE,GR,121,89,1929,0.0627268014515292,0.0033436858521174,1
2016-2020,ES,GR,70,89,1929,0.0362882322446863,0.0386678715514083,1
2016-2020,FR,GR,114,89,1929,0.0590979782270606,0.004697938769246,1
2016-2020,GB,GR,565,89,1929,0.2928978745463971,5.681049266625908e-14,1
2016-2020,IT,GR,108,89,1929,0.0559875583203732,0.0062811504684033,1
2016-2020,NL,GR,97,89,1929,0.0502851218247796,0.010671003652067,1
2016-2020,US,GR,157,89,1929,0.0813893208916537,0.0005696014836303,1
2016-2020,ES,GT,35,39,268,0.1305970149253731,0.0049023332000689,1
2016-2020,MX,GT,32,39,268,0.1194029850746268,0.0079713878392131,1
2016-2020,US,GT,34,39,268,0.126865671641791,0.0057687326008601,1
2016-2020,US,GU,14,6,19,0.7368421052631579,0.0012620658543943,1
2016-2020,BR,GW,13,17,42,0.3095238095238095,0.0026691889607041,1
2016-2020,PT,GW,12,17,42,0.2857142857142857,0.0045914665968271,1
2016-2020,CN,HK,1860,88,3944,0.4716024340770791,7.899331273490471e-25,1
2016-2020,GB,HK,399,88,3944,0.1011663286004056,9.334734984779173e-05,1
2016-2020,US,HK,490,88,3944,0.1242393509127789,9.71699872438618e-06,1
2016-2020,ES,HN,48,31,186,0.2580645161290322,0.0001291172493553,1
2016-2020,US,HN,19,31,186,0.1021505376344086,0.0394553416074359,1
2016-2020,BA,HR,24,66,482,0.0497925311203319,0.0361575158062323,1
2016-2020,DE,HR,39,66,482,0.0809128630705394,0.0041513057305653,1
2016-2020,FR,HR,25,66,482,0.0518672199170124,0.0313686276431453,1
2016-2020,GB,HR,33,66,482,0.0684647302904564,0.0099530154836524,1
2016-2020,IT,HR,53,66,482,0.1099585062240663,0.0005148331538139,1
2016-2020,SI,HR,45,66,482,0.0933609958506224,0.0017109444823665,1
2016-2020,US,HR,31,66,482,0.0643153526970954,0.0132867185811053,1
2016-2020,FR,HT,13,23,66,0.1969696969696969,0.0080186738476211,1
2016-2020,US,HT,14,23,66,0.2121212121212121,0.0052735974786883,1
2016-2020,BR,HU,67,104,1881,0.035619351408825,0.0238558106434428,1
2016-2020,DE,HU,110,104,1881,0.0584795321637426,0.0020158854992875,1
2016-2020,GB,HU,114,104,1881,0.0606060606060606,0.0015970505309523,1
2016-2020,IN,HU,57,104,1881,0.0303030303030303,0.0420254100404225,1
2016-2020,JO,HU,55,104,1881,0.0292397660818713,0.0470471909118906,1
2016-2020,RO,HU,72,104,1881,0.0382775119617224,0.0179525623974165,1
2016-2020,US,HU,109,104,1881,0.0579479000531632,0.0021365692127646,1
2016-2020,AU,ID,384,87,2779,0.1381792011514933,2.791640586305069e-06,1
2016-2020,DE,ID,107,87,2779,0.0385030586541921,0.0341601685003741,1
2016-2020,GB,ID,323,87,2779,0.1162288593019071,2.427862848296535e-05,1
2016-2020,JP,ID,365,87,2779,0.1313422094278517,5.507948014560116e-06,1
2016-2020,KR,ID,103,87,2779,0.0370636919755307,0.0388499406237024,1
2016-2020,MY,ID,246,87,2779,0.0885210507376754,0.0003453117044378,1
2016-2020,NL,ID,186,87,2779,0.0669305505577545,0.0025858386311415,1
2016-2020,TW,ID,191,87,2779,0.0687297589060813,0.0021903442089506,1
2016-2020,US,ID,149,87,2779,0.0536164087801367,0.0087453933364878,1
2016-2020,BR,IE,159,122,4686,0.0339308578745198,0.0153459379682324,1
2016-2020,CA,IE,125,122,4686,0.0266752027315407,0.0379483017777594,1
2016-2020,CN,IE,169,122,4686,0.0360648740930431,0.0117431487566821,1
2016-2020,DE,IE,179,122,4686,0.0381988903115663,0.0089808642322415,1
2016-2020,ES,IE,257,122,4686,0.0548442168160478,0.0010862028022625,1
2016-2020,FR,IE,175,122,4686,0.037345283824157,0.0099985191617283,1
2016-2020,GB,IE,1074,122,4686,0.2291933418693982,2.0912229819838342e-14,1
2016-2020,IN,IE,297,122,4686,0.0633802816901408,0.0003623755492892,1
2016-2020,IT,IE,242,122,4686,0.0516431924882629,0.0016352482271091,1
2016-2020,US,IE,475,122,4686,0.1013657703798548,2.4184539161149685e-06,1
2016-2020,CN,IL,105,92,2314,0.0453759723422644,0.0146131847261565,1
2016-2020,DE,IL,147,92,2314,0.0635263612791702,0.0025473912930976,1
2016-2020,FR,IL,81,92,2314,0.0350043215211754,0.0390668620935497,1
2016-2020,GB,IL,147,92,2314,0.0635263612791702,0.0025473912930976,1
2016-2020,IN,IL,447,92,2314,0.193171996542783,3.28902870144118e-09,1
2016-2020,IT,IL,80,92,2314,0.03457216940363,0.0406914427970008,1
2016-2020,US,IL,550,92,2314,0.2376836646499567,1.8806396247856568e-11,1
2016-2020,GB,IM,7,7,14,0.5,0.015625,1
2016-2020,AU,IN,178,140,8038,0.0221448121423239,0.0444796787043512,1
2016-2020,CA,IN,203,140,8038,0.0252550385668076,0.0285659619814557,1
2016-2020,CN,IN,215,140,8038,0.0267479472505598,0.0230845092406945,1
2016-2020,DE,IN,411,140,8038,0.051132122418512,0.0006785759916733,1
2016-2020,ET,IN,302,140,8038,0.0375715352077631,0.0048777083746688,1
2016-2020,FR,IN,195,140,8038,0.0242597661109728,0.0329196817791252,1
2016-2020,GB,IN,829,140,8038,0.1031351082358795,2.685692521157433e-07,1
2016-2020,JP,IN,182,140,8038,0.0226424483702413,0.041441239469356,1
2016-2020,KR,IN,306,140,8038,0.0380691714356805,0.0045393560297884,1
2016-2020,SA,IN,178,140,8038,0.0221448121423239,0.0444796787043512,1
2016-2020,SG,IN,233,140,8038,0.0289873102761881,0.0167595313574298,1
2016-2020,US,IN,1618,140,8038,0.2012938541925852,2.7026925442849398e-14,1
2016-2020,GB,IQ,336,58,1303,0.2578664620107444,4.1445494633464995e-08,1
2016-2020,IN,IQ,91,58,1303,0.0698388334612432,0.0161368081124358,1
2016-2020,IR,IQ,72,58,1303,0.0552570990023023,0.039163123436775,1
2016-2020,MY,IQ,188,58,1303,0.1442824251726784,0.0001389427035977,1
2016-2020,TR,IQ,100,58,1303,0.076745970836531,0.0105513751080405,1
2016-2020,US,IQ,137,58,1303,0.1051419800460475,0.0017782207695968,1
2016-2020,AF,IR,100,69,1418,0.0705218617771509,0.0069225196938827,1
2016-2020,CA,IR,92,69,1418,0.0648801128349788,0.0104466234089518,1
2016-2020,DE,IR,66,69,1418,0.0465444287729196,0.0391229263070534,1
2016-2020,GB,IR,78,69,1418,0.0550070521861777,0.0213374536733015,1
2016-2020,IN,IR,67,69,1418,0.0472496473906911,0.0372031776382743,1
2016-2020,IQ,IR,135,69,1418,0.0952045133991537,0.0011102708455773,1
2016-2020,MY,IR,139,69,1418,0.0980253878702397,0.0008978697229075,1
2016-2020,US,IR,113,69,1418,0.0796897038081805,0.0035280204696516,1
2016-2020,DE,IS,32,62,441,0.0725623582766439,0.0101010804698197,1
2016-2020,DK,IS,28,62,441,0.0634920634920634,0.0182893888488504,1
2016-2020,FR,IS,25,62,441,0.0566893424036281,0.0284406298883184,1
2016-2020,GB,IS,44,62,441,0.0997732426303854,0.0016423546899633,1
2016-2020,SE,IS,33,62,441,0.0748299319727891,0.0086999346607907,1
2016-2020,US,IS,67,62,441,0.1519274376417233,4.309369927866638e-05,1
2016-2020,BE,IT,290,156,12014,0.0241385050774096,0.0226552173999606,1
2016-2020,BR,IT,489,156,12014,0.040702513733977,0.0015950066563164,1
2016-2020,CH,IT,482,156,12014,0.040119860163143,0.0017524109017027,1
2016-2020,CN,IT,300,156,12014,0.0249708673214582,0.0198484579926019,1
2016-2020,DE,IT,863,156,12014,0.071832861661395,9.595313565589594e-06,1
2016-2020,ES,IT,922,156,12014,0.0767437989012818,4.216442290819958e-06,1
2016-2020,FR,IT,878,156,12014,0.0730814050274679,7.788380693667099e-06,1
2016-2020,GB,IT,1427,156,12014,0.1187780922257366,3.0776501318895063e-09,1
2016-2020,IN,IT,334,156,12014,0.0278008989512235,0.0126490628529609,1
2016-2020,IR,IT,302,156,12014,0.025137339770268,0.0193300330227186,1
2016-2020,NL,IT,380,156,12014,0.0316297652738471,0.0068615453316622,1
2016-2020,PT,IT,305,156,12014,0.0253870484434826,0.0185775162723817,1
2016-2020,TR,IT,234,156,12014,0.0194772765107374,0.0474174003476665,1
2016-2020,US,IT,1042,156,12014,0.0867321458298651,7.811178363684193e-07,1
2016-2020,GB,JE,8,4,11,0.7272727272727273,0.0202854996243425,1
2016-2020,GB,JM,14,27,68,0.2058823529411764,0.0024946293350844,1
2016-2020,US,JM,15,27,68,0.2205882352941176,0.0015344080887819,1
2016-2020,GB,JO,212,60,1066,0.198874296435272,2.081322091423025e-06,1
2016-2020,MY,JO,79,60,1066,0.074108818011257,0.010642335127835,1
2016-2020,SA,JO,100,60,1066,0.0938086303939962,0.0029920950232008,1
2016-2020,US,JO,176,60,1066,0.1651031894934334,2.378676134692192e-05,1
2016-2020,AU,JP,236,144,10109,0.0233455336828568,0.0341157157443637,1
2016-2020,BD,JP,427,144,10109,0.0422395884855079,0.002088017295769,1
2016-2020,CN,JP,1391,144,10109,0.1376001582748046,6.402351937375373e-10,1
2016-2020,DE,JP,375,144,10109,0.0370956573350479,0.0044914832760248,1
2016-2020,FR,JP,294,144,10109,0.0290829953506776,0.0146906616727205,1
2016-2020,GB,JP,570,144,10109,0.0563853991492729,0.000248676800329,1
2016-2020,ID,JP,671,144,10109,0.0663764961915125,5.427052641093324e-05,1
2016-2020,IN,JP,465,144,10109,0.0459986150954594,0.0011898925298607,1
2016-2020,KR,JP,280,144,10109,0.0276980908101691,0.0180120361058209,1
2016-2020,TH,JP,233,144,10109,0.0230487684241764,0.03563054902117,1
2016-2020,US,JP,1453,144,10109,0.1437333069541992,2.3072482443731607e-10,1
2016-2020,VN,JP,322,144,10109,0.0318528044316945,0.009763803348316,1
2016-2020,DE,KE,70,90,1293,0.054137664346481,0.0070580700100049,1
2016-2020,GB,KE,172,90,1293,0.1330239752513534,3.038301070137748e-06,1
2016-2020,RW,KE,55,90,1293,0.0425367362722351,0.0208866439042868,1
2016-2020,TZ,KE,45,90,1293,0.0348027842227378,0.0427394945217109,1
2016-2020,UG,KE,71,90,1293,0.0549110595514307,0.0065624893456336,1
2016-2020,US,KE,139,90,1293,0.1075019334880123,4.018354712393762e-05,1
2016-2020,ZA,KE,117,90,1293,0.0904872389791183,0.0002157659553279,1
2016-2020,KZ,KG,14,39,131,0.1068702290076335,0.0136380887230429,1
2016-2020,RU,KG,30,39,131,0.2290076335877862,5.103909543894976e-05,1
2016-2020,TR,KG,23,39,131,0.1755725190839694,0.0006513185893367,1
2016-2020,FR,KH,15,52,232,0.0646551724137931,0.0330795198277106,1
2016-2020,GB,KH,15,52,232,0.0646551724137931,0.0330795198277106,1
2016-2020,JP,KH,21,52,232,0.0905172413793103,0.0079162224707439,1
2016-2020,TH,KH,24,52,232,0.1034482758620689,0.0038136677448546,1
2016-2020,US,KH,15,52,232,0.0646551724137931,0.0330795198277106,1
2016-2020,CO,KM,9,7,16,0.5625,0.0070124268531799,1
2016-2020,US,KN,20,20,47,0.425531914893617,2.6671793387405225e-05,1
2016-2020,BD,KR,261,127,7188,0.0363105175292153,0.0094640498500443,1
2016-2020,CN,KR,462,127,7188,0.0642737896494157,0.0002316050967053,1
2016-2020,GB,KR,271,127,7188,0.0377017250973845,0.0078890210061329,1
2016-2020,ID,KR,213,127,7188,0.0296327212020033,0.022591968929741,1
2016-2020,IN,KR,769,127,7188,0.1069838619922092,6.430914167655614e-07,1
2016-2020,JP,KR,261,127,7188,0.0363105175292153,0.0094640498500443,1
2016-2020,PK,KR,358,127,7188,0.0498052309404563,0.0016010026133179,1
2016-2020,US,KR,1995,127,7188,0.2775459098497496,1.622153783836848e-18,1
2016-2020,VN,KR,449,127,7188,0.0624652198107957,0.0002954002644586,1
2016-2020,EG,KW,46,58,468,0.0982905982905982,0.0027466041984969,1
2016-2020,GB,KW,63,58,468,0.1346153846153846,0.0002635862175342,1
2016-2020,IN,KW,25,58,468,0.0534188034188034,0.0437520865504902,1
2016-2020,US,KW,98,58,468,0.2094017094017094,1.5257544545821408e-06,1
2016-2020,CN,KZ,38,72,734,0.0517711171662125,0.0229528045371584,1
2016-2020,GB,KZ,94,72,734,0.1280653950953678,5.947821121679277e-05,1
2016-2020,RU,KZ,176,72,734,0.2397820163487738,3.5205285493001126e-09,1
2016-2020,TR,KZ,60,72,734,0.0817438692098092,0.0023465639802432,1
2016-2020,US,KZ,60,72,734,0.0817438692098092,0.0023465639802432,1
2016-2020,FR,LB,170,64,638,0.2664576802507837,3.324956625420442e-09,1
2016-2020,GB,LB,80,64,638,0.1253918495297805,0.0002158995681452,1
2016-2020,US,LB,107,64,638,0.1677115987460815,9.489690942900728e-06,1
2016-2020,CH,LI,12,13,47,0.2553191489361702,0.0290832031542972,1
2016-2020,DE,LI,13,13,47,0.2765957446808511,0.0205386885496197,1
2016-2020,AU,LK,85,59,810,0.1049382716049382,0.0016124018440002,1
2016-2020,GB,LK,230,59,810,0.2839506172839506,3.860935368772345e-09,1
2016-2020,IN,LK,75,59,810,0.0925925925925925,0.003568901583193,1
2016-2020,JP,LK,53,59,810,0.0654320987654321,0.0197437624016418,1
2016-2020,US,LK,94,59,810,0.1160493827160493,0.0007813114680234,1
2016-2020,GH,LR,9,30,90,0.1,0.0471012869724624,1
2016-2020,US,LR,11,30,90,0.1222222222222222,0.0228114490433315,1
2016-2020,ZA,LS,44,11,60,0.7333333333333333,1.8183912073024132e-06,1
2016-2020,DE,LT,31,67,495,0.0626262626262626,0.0140037254303109,1
2016-2020,GB,LT,54,67,495,0.109090909090909,0.0004886566071486,1
2016-2020,IT,LT,24,67,495,0.0484848484848484,0.0376215548915337,1
2016-2020,TR,LT,26,67,495,0.0525252525252525,0.0284095588255843,1
2016-2020,UA,LT,25,67,495,0.0505050505050505,0.0326975712001357,1
2016-2020,US,LT,41,67,495,0.0828282828282828,0.0033246287714067,1
2016-2020,BE,LU,80,76,1176,0.0680272108843537,0.0050727379817598,1
2016-2020,DE,LU,182,76,1176,0.1547619047619047,3.337564745084333e-06,1
2016-2020,FR,LU,175,76,1176,0.1488095238095238,5.649456648986454e-06,1
2016-2020,GB,LU,86,76,1176,0.0731292517006802,0.0033607655367031,1
2016-2020,IT,LU,67,76,1176,0.0569727891156462,0.0122833501111437,1
2016-2020,NL,LU,50,76,1176,0.042517006802721,0.0384441407091749,1
2016-2020,US,LU,75,76,1176,0.0637755102040816,0.0071367386392904,1
2016-2020,DE,LV,19,60,263,0.0722433460076045,0.0119842426307367,1
2016-2020,GB,LV,27,60,263,0.1026615969581749,0.0016765596678323,1
2016-2020,RU,LV,20,60,263,0.0760456273764258,0.0094054803710754,1
2016-2020,US,LV,19,60,263,0.0722433460076045,0.0119842426307367,1
2016-2020,GB,LY,59,37,204,0.2892156862745098,4.597926802133874e-06,1
2016-2020,MY,LY,40,37,204,0.196078431372549,0.0003869835482884,1
2016-2020,US,LY,24,37,204,0.1176470588235294,0.0110439429973143,1
2016-2020,ES,MA,32,70,398,0.0804020100502512,0.0030779596280887,1
2016-2020,FR,MA,111,70,398,0.278894472361809,1.5919114320307846e-10,1
2016-2020,US,MA,24,70,398,0.0603015075376884,0.0136838586291816,1
2016-2020,FR,MC,7,17,29,0.2413793103448276,0.0120335821402447,1
2016-2020,US,MC,5,17,29,0.1724137931034483,0.0484185635575517,1
2016-2020,RO,MD,43,28,106,0.4056603773584906,7.923854149564225e-07,1
2016-2020,RU,MD,13,28,106,0.1226415094339622,0.0292267987294891,1
2016-2020,RS,ME,23,23,65,0.3538461538461538,6.720329119825756e-05,1
2016-2020,FR,MG,18,26,63,0.2857142857142857,0.0002222281690191,1
2016-2020,AL,MK,23,32,172,0.1337209302325581,0.0116786452531688,1
2016-2020,TR,MK,17,32,172,0.0988372093023255,0.0397100824824644,1
2016-2020,XK,MK,33,32,172,0.191860465116279,0.0013554295630828,1
2016-2020,FR,ML,16,39,109,0.146788990825688,0.002399634643999,1
2016-2020,AU,MM,19,35,187,0.1016042780748663,0.0261758598335665,1
2016-2020,GB,MM,29,35,187,0.1550802139037433,0.0032488251180419,1
2016-2020,JP,MM,24,35,187,0.1283422459893048,0.009370525082393,1
2016-2020,TH,MM,37,35,187,0.1978609625668449,0.0005552495121611,1
2016-2020,CN,MN,26,25,163,0.1595092024539877,0.0154451135694222,1
2016-2020,JP,MN,31,25,163,0.1901840490797546,0.0063280782856111,1
2016-2020,KR,MN,29,25,163,0.1779141104294478,0.0090784698386687,1
2016-2020,RU,MN,22,25,163,0.1349693251533742,0.0308145761204551,1
2016-2020,CN,MO,302,37,540,0.5592592592592592,1.5509403695418505e-13,1
2016-2020,HK,MO,50,37,540,0.0925925925925925,0.0302610175486619,1
2016-2020,US,MP,6,4,9,0.6666666666666666,0.037037037037037,1
2016-2020,FR,MQ,14,12,27,0.5185185185185185,0.0003223854772907,1
2016-2020,MA,MR,10,13,34,0.2941176470588235,0.0153033988037429,1
2016-2020,GB,MT,88,48,242,0.3636363636363636,5.944997526131567e-10,1
2016-2020,IT,MT,18,48,242,0.0743801652892562,0.0264444574146409,1
2016-2020,GB,MU,19,17,67,0.2835820895522388,0.0048157391496112,1
2016-2020,ZA,MU,16,17,67,0.2388059701492537,0.0127035755386434,1
2016-2020,IN,MV,18,24,86,0.2093023255813953,0.004510665412483,1
2016-2020,MY,MV,11,24,86,0.127906976744186,0.0429481715739396,1
2016-2020,GB,MW,66,44,267,0.247191011235955,4.982487644356975e-06,1
2016-2020,US,MW,24,44,267,0.0898876404494382,0.0174214992295477,1
2016-2020,ZA,MW,57,44,267,0.2134831460674157,3.276766046589224e-05,1
2016-2020,BR,MX,233,113,6430,0.0362363919129082,0.0160213313037208,1
2016-2020,CO,MX,1582,113,6430,0.2460342146189735,1.8339330712999347e-14,1
2016-2020,CU,MX,277,113,6430,0.0430793157076205,0.0072128271097008,1
2016-2020,EC,MX,333,113,6430,0.0517884914463452,0.0025905076249882,1
2016-2020,ES,MX,934,113,6430,0.1452566096423017,2.3206205098303324e-08,1
2016-2020,FR,MX,174,113,6430,0.0270606531881804,0.0463026575647721,1
2016-2020,GB,MX,287,113,6430,0.0446345256609642,0.0060115816244768,1
2016-2020,PE,MX,236,113,6430,0.0367029548989113,0.0151755886770233,1
2016-2020,US,MX,716,113,6430,0.111353032659409,1.8099953940997911e-06,1
2016-2020,AU,MY,237,109,4621,0.0512876000865613,0.0033926129181017,1
2016-2020,BD,MY,306,109,4621,0.0662194330231551,0.0006115638492784,1
2016-2020,CN,MY,204,109,4621,0.0441462886821034,0.0076256087656012,1
2016-2020,GB,MY,633,109,4621,0.1369833369400562,1.2304715055765813e-07,1
2016-2020,ID,MY,348,109,4621,0.075308374810647,0.0002126511933591,1
2016-2020,IN,MY,274,109,4621,0.0592945249945899,0.0013583026268686,1
2016-2020,IQ,MY,162,109,4621,0.0350573468946115,0.0211915348998522,1
2016-2020,NG,MY,310,109,4621,0.0670850465267258,0.0005532760463699,1
2016-2020,PK,MY,399,109,4621,0.0863449469811729,5.814121844911341e-05,1
2016-2020,SA,MY,154,109,4621,0.0333261198874702,0.025718063656602,1
2016-2020,US,MY,155,109,4621,0.0335425232633629,0.0251036587941188,1
2016-2020,BR,MZ,79,44,276,0.286231884057971,5.046115608391126e-07,1
2016-2020,ES,MZ,22,44,276,0.0797101449275362,0.0281034272457046,1
2016-2020,PT,MZ,65,44,276,0.2355072463768115,9.661733385285965e-06,1
2016-2020,FR,NC,36,14,53,0.6792452830188679,3.8040802760062666e-07,1
2016-2020,NG,NE,13,29,74,0.1756756756756756,0.0044745279767972,1
2016-2020,GB,NG,477,103,1807,0.2639734366353071,2.6493285367181267e-14,1
2016-2020,GH,NG,79,103,1807,0.0437188710570005,0.0104647710053343,1
2016-2020,IN,NG,100,103,1807,0.0553403431101272,0.0030066826567679,1
2016-2020,MY,NG,170,103,1807,0.0940785832872163,4.199849605436042e-05,1
2016-2020,US,NG,148,103,1807,0.0819037078029883,0.000163907872508,1
2016-2020,ZA,NG,125,103,1807,0.0691754288876591,0.0006676049803976,1
2016-2020,CO,NI,18,49,239,0.0753138075313807,0.0233200722370643,1
2016-2020,CR,NI,18,49,239,0.0753138075313807,0.0233200722370643,1
2016-2020,ES,NI,28,49,239,0.1171548117154811,0.0025261469396539,1
2016-2020,MX,NI,16,49,239,0.0669456066945606,0.0359363679074387,1
2016-2020,NG,NI,19,49,239,0.0794979079497908,0.0187581253619379,1
2016-2020,US,NI,19,49,239,0.0794979079497908,0.0187581253619379,1
2016-2020,BE,NL,565,151,12125,0.0465979381443298,0.0007787768291513,1
2016-2020,BR,NL,351,151,12125,0.0289484536082474,0.0121995168239486,1
2016-2020,CH,NL,291,151,12125,0.024,0.026150057611508,1
2016-2020,CN,NL,803,151,12125,0.0662268041237113,3.437245017823924e-05,1
2016-2020,DE,NL,1138,151,12125,0.0938556701030927,3.798451505911202e-07,1
2016-2020,ES,NL,611,151,12125,0.0503917525773195,0.0004282246634541,1
2016-2020,FR,NL,431,151,12125,0.0355463917525773,0.0043873404281225,1
2016-2020,GB,NL,1322,151,12125,0.1090309278350515,3.01574295878735e-08,1
2016-2020,ID,NL,250,151,12125,0.0206185567010309,0.0439319674740655,1
2016-2020,IN,NL,374,151,12125,0.0308453608247422,0.009098333439375,1
2016-2020,IT,NL,647,151,12125,0.053360824742268,0.0002677139306222,1
2016-2020,PT,NL,253,151,12125,0.0208659793814433,0.0422981233239426,1
2016-2020,US,NL,996,151,12125,0.0821443298969072,2.607109491539041e-06,1
2016-2020,CN,NO,107,123,3795,0.0281949934123847,0.0305248910347775,1
2016-2020,DE,NO,318,123,3795,0.083794466403162,2.307464749300985e-05,1
2016-2020,DK,NO,192,123,3795,0.050592885375494,0.0017750181194611,1
2016-2020,ES,NO,131,123,3795,0.0345191040843214,0.0137635207278385,1
2016-2020,FI,NO,107,123,3795,0.0281949934123847,0.0305248910347775,1
2016-2020,FR,NO,143,123,3795,0.0376811594202898,0.0092239430512099,1
2016-2020,GB,NO,431,123,3795,0.1135704874835309,4.09820086937974e-07,1
2016-2020,IN,NO,108,123,3795,0.0284584980237154,0.0295315063213372,1
2016-2020,IT,NO,158,123,3795,0.0416337285902503,0.00558271606611,1
2016-2020,NL,NO,133,123,3795,0.0350461133069828,0.0128765728005976,1
2016-2020,SE,NO,256,123,3795,0.0674571805006587,0.0001993386228333,1
2016-2020,US,NO,302,123,3795,0.0795783926218708,4.040082740869677e-05,1
2016-2020,BD,NP,45,59,748,0.0601604278074866,0.0273600051635621,1
2016-2020,CN,NP,82,59,748,0.1096256684491978,0.0011890842199672,1
2016-2020,GB,NP,43,59,748,0.0574866310160427,0.0322608725440509,1
2016-2020,IN,NP,227,59,748,0.303475935828877,7.767750636653344e-10,1
2016-2020,US,NP,49,59,748,0.0655080213903743,0.019650948483356,1
2016-2020,AU,NZ,391,119,3146,0.1242848061029879,1.580594324845338e-07,1
2016-2020,CA,NZ,86,119,3146,0.0273363000635727,0.0379839011385212,1
2016-2020,CN,NZ,193,119,3146,0.0613477431659249,0.000569584265985,1
2016-2020,DE,NZ,112,119,3146,0.0356007628734901,0.0138774369636808,1
2016-2020,GB,NZ,408,119,3146,0.1296884933248569,7.61408306273824e-08,1
2016-2020,IN,NZ,141,119,3146,0.0448188175460902,0.0044680646667398,1
2016-2020,US,NZ,373,119,3146,0.1185632549268912,3.408441561254088e-07,1
2016-2020,EG,OM,34,59,599,0.0567612687813021,0.0337329462993378,1
2016-2020,GB,OM,81,59,599,0.1352253756260434,0.0002189628144392,1
2016-2020,IN,OM,128,59,599,0.2136894824707846,8.799478102703414e-07,1
2016-2020,MY,OM,54,59,599,0.0901502504173622,0.00417101194384,1
2016-2020,CO,PA,149,54,563,0.2646536412078152,8.39601396534749e-08,1
2016-2020,ES,PA,73,54,563,0.1296625222024866,0.0006359856467665,1
2016-2020,US,PA,98,54,563,0.1740674955595026,3.9633422415768507e-05,1
2016-2020,VE,PA,41,54,563,0.0728241563055062,0.0181799101293749,1
2016-2020,BR,PE,419,85,3408,0.1229460093896713,1.6376143351590876e-05,1
2016-2020,CL,PE,183,85,3408,0.0536971830985915,0.009694628280113,1
2016-2020,CO,PE,151,85,3408,0.0443075117370892,0.0222191012245311,1
2016-2020,EC,PE,313,85,3408,0.0918427230046948,0.0003058649058139,1
2016-2020,ES,PE,711,85,3408,0.2086267605633802,2.9109468112380286e-09,1
2016-2020,MX,PE,167,85,3408,0.0490023474178403,0.0146917447607656,1
2016-2020,US,PE,407,85,3408,0.1194248826291079,2.292864465582788e-05,1
2016-2020,VE,PE,158,85,3408,0.0463615023474178,0.0185454378063485,1
2016-2020,FR,PF,19,10,33,0.5757575757575758,0.0004451709970114,1
2016-2020,AU,PG,14,21,53,0.2641509433962264,0.0021665800933778,1
2016-2020,AU,PH,49,83,822,0.059610705596107,0.0064748462915299,1
2016-2020,CN,PH,47,83,822,0.0571776155717761,0.0080029585442867,1
2016-2020,GB,PH,39,83,822,0.0474452554744525,0.0185769944122616,1
2016-2020,ID,PH,40,83,822,0.048661800486618,0.0167287970574116,1
2016-2020,JP,PH,82,83,822,0.0997566909975669,0.0001809305817777,1
2016-2020,KR,PH,49,83,822,0.059610705596107,0.0064748462915299,1
2016-2020,SG,PH,30,83,822,0.0364963503649635,0.0474215616858631,1
2016-2020,US,PH,128,83,822,0.1557177615571776,9.375351063320348e-07,1
2016-2020,CN,PK,597,93,2660,0.2244360902255639,6.995494242215854e-11,1
2016-2020,DE,PK,118,93,2660,0.0443609022556391,0.0153829518971996,1
2016-2020,GB,PK,281,93,2660,0.1056390977443609,3.460812712431739e-05,1
2016-2020,KR,PK,198,93,2660,0.0744360902255639,0.0008116894490345,1
2016-2020,MY,PK,294,93,2660,0.1105263157894736,2.0904776888685143e-05,1
2016-2020,SA,PK,141,93,2660,0.0530075187969924,0.0066662383815435,1
2016-2020,US,PK,254,93,2660,0.0954887218045112,9.77432434520296e-05,1
2016-2020,DE,PL,329,111,3853,0.0853880093433688,5.445753508775641e-05,1
2016-2020,ES,PL,202,111,3853,0.0524266805086945,0.0026755349782592,1
2016-2020,FR,PL,204,111,3853,0.052945756553335,0.0025190337063185,1
2016-2020,GB,PL,331,111,3853,0.0859070853880093,5.116084253810731e-05,1
2016-2020,IN,PL,191,111,3853,0.0495717622631715,0.0037250010953865,1
2016-2020,IT,PL,210,111,3853,0.0545029846872566,0.002101928046812,1
2016-2020,TR,PL,136,111,3853,0.0352971710355567,0.0191995358219719,1
2016-2020,UA,PL,255,111,3853,0.0661821956916688,0.0005355949822134,1
2016-2020,US,PL,294,111,3853,0.0763041785621593,0.0001615056384745,1
2016-2020,CO,PR,76,34,417,0.1822541966426858,0.0013073885966209,1
2016-2020,US,PR,199,34,417,0.4772182254196642,5.064941980348588e-10,1
2016-2020,GB,PS,34,50,264,0.1287878787878787,0.0011643178302132,1
2016-2020,JO,PS,25,50,264,0.0946969696969697,0.0076366824108882,1
2016-2020,MY,PS,26,50,264,0.0984848484848484,0.0062183974864052,1
2016-2020,US,PS,17,50,264,0.0643939393939393,0.0383317187630579,1
2016-2020,BR,PT,3725,143,10012,0.3720535357570915,2.018421933145259e-29,1
2016-2020,DE,PT,340,143,10012,0.0339592489013184,0.0074020746755945,1
2016-2020,ES,PT,1138,143,10012,0.1136636036755893,3.6224203845579514e-08,1
2016-2020,FR,PT,356,143,10012,0.0355573312025569,0.0058512828689027,1
2016-2020,GB,PT,819,143,10012,0.0818018377946464,5.457220773277578e-06,1
2016-2020,IT,PT,374,143,10012,0.0373551737914502,0.0044893504218089,1
2016-2020,US,PT,433,143,10012,0.0432481022772672,0.0018771768506591,1
2016-2020,BR,PY,294,38,510,0.5764705882352941,1.565641328551761e-14,1
2016-2020,ES,PY,57,38,510,0.1117647058823529,0.0124605427309849,1
2016-2020,CA,QA,49,93,1164,0.0420962199312714,0.0191255357892248,1
2016-2020,GB,QA,159,93,1164,0.1365979381443298,1.3539527002431986e-06,1
2016-2020,IN,QA,93,93,1164,0.0798969072164948,0.0004709308351178,1
2016-2020,JO,QA,48,93,1164,0.0412371134020618,0.0207697713003475,1
2016-2020,PK,QA,45,93,1164,0.0386597938144329,0.0265884959955952,1
2016-2020,SA,QA,45,93,1164,0.0386597938144329,0.0265884959955952,1
2016-2020,SD,QA,39,93,1164,0.0335051546391752,0.0434868425801099,1
2016-2020,US,QA,123,93,1164,0.1056701030927835,3.449792122017187e-05,1
2016-2020,FR,RE,48,20,80,0.6,2.7487790694400032e-08,1
2016-2020,DE,RO,63,80,793,0.0794451450189155,0.0014451873499167,1
2016-2020,ES,RO,36,80,793,0.0453972257250945,0.0254678734048162,1
2016-2020,FR,RO,97,80,793,0.1223203026481715,3.338475021171379e-05,1
2016-2020,GB,RO,80,80,793,0.1008827238335435,0.0002246420533769,1
2016-2020,HU,RO,32,80,793,0.0403530895334174,0.038619450205807,1
2016-2020,IT,RO,46,80,793,0.0580075662042875,0.0089072931419605,1
2016-2020,MD,RO,50,80,793,0.0630517023959646,0.0058282005694039,1
2016-2020,US,RO,48,80,793,0.0605296343001261,0.0072071531206263,1
2016-2020,BA,RS,57,67,464,0.1228448275862068,0.0001750025158739,1
2016-2020,DE,RS,30,67,464,0.0646551724137931,0.0121376729491804,1
2016-2020,FR,RS,22,67,464,0.0474137931034482,0.040521271124107,1
2016-2020,GB,RS,26,67,464,0.0560344827586206,0.022238453206467,1
2016-2020,IT,RS,26,67,464,0.0560344827586206,0.022238453206467,1
2016-2020,ME,RS,21,67,464,0.0452586206896551,0.047039122779817,1
2016-2020,US,RS,33,67,464,0.0711206896551724,0.0076791493468542,1
2016-2020,CN,RU,175,128,2864,0.0611033519553072,0.0003330114380476,1
2016-2020,DE,RU,146,128,2864,0.0509776536312849,0.0013004921126939,1
2016-2020,EG,RU,84,128,2864,0.0293296089385474,0.0228095306984856,1
2016-2020,FR,RU,124,128,2864,0.0432960893854748,0.0036203348960612,1
2016-2020,GB,RU,154,128,2864,0.0537709497206703,0.0008943905652935,1
2016-2020,IN,RU,79,128,2864,0.0275837988826815,0.0286567942788589,1
2016-2020,IT,RU,79,128,2864,0.0275837988826815,0.0286567942788589,1
2016-2020,KZ,RU,174,128,2864,0.060754189944134,0.0003491136491351,1
2016-2020,UA,RU,201,128,2864,0.07018156424581,9.695392737056474e-05,1
2016-2020,US,RU,149,128,2864,0.0520251396648044,0.0011303063740961,1
2016-2020,CN,RW,32,64,464,0.0689655172413793,0.0110877461504579,1
2016-2020,IN,RW,30,64,464,0.0646551724137931,0.0148326990223799,1
2016-2020,KE,RW,52,64,464,0.1120689655172413,0.0005596182062884,1
2016-2020,TZ,RW,25,64,464,0.0538793103448275,0.0305233362029027,1
2016-2020,UG,RW,30,64,464,0.0646551724137931,0.0148326990223799,1
2016-2020,US,RW,48,64,464,0.1034482758620689,0.0010286012660314,1
2016-2020,ZA,RW,22,64,464,0.0474137931034482,0.0468781208225928,1
2016-2020,CA,SA,165,99,4492,0.0367319679430097,0.0255399748763076,1
2016-2020,CN,SA,170,99,4492,0.0378450578806767,0.0228040227640031,1
2016-2020,EG,SA,582,99,4492,0.1295636687444345,1.2423013610551663e-06,1
2016-2020,GB,SA,497,99,4492,0.1106411398040961,1.0222321457701396e-05,1
2016-2020,IN,SA,386,99,4492,0.0859305431878895,0.0001499551375823,1
2016-2020,MY,SA,162,99,4492,0.0360641139804096,0.0273349685696594,1
2016-2020,PK,SA,203,99,4492,0.0451914514692787,0.0107596282783991,1
2016-2020,SD,SA,237,99,4492,0.052760463045414,0.004932442707783,1
2016-2020,TN,SA,152,99,4492,0.0338379341050756,0.0342687472568329,1
2016-2020,US,SA,686,99,4492,0.1527159394479074,8.84800915726856e-08,1
2016-2020,CN,SD,33,55,315,0.1047619047619047,0.0025391125064294,1
2016-2020,GB,SD,22,55,315,0.0698412698412698,0.0200484865942385,1
2016-2020,MY,SD,25,55,315,0.0793650793650793,0.0115006392795013,1
2016-2020,SA,SD,65,55,315,0.2063492063492063,3.801811356569476e-06,1
2016-2020,CH,SE,211,132,8363,0.0252301805572163,0.0351699476583509,1
2016-2020,CN,SE,479,132,8363,0.0572760970943441,0.0004409323528119,1
2016-2020,DE,SE,676,132,8363,0.0808322372354418,1.602200051154656e-05,1
2016-2020,DK,SE,336,132,8363,0.0401769699868468,0.0046456102489627,1
2016-2020,ES,SE,432,132,8363,0.051656104268803,0.0009605649931736,1
2016-2020,FI,SE,249,132,8363,0.0297740045438239,0.0190700030471452,1
2016-2020,FR,SE,360,132,8363,0.0430467535573358,0.0031382268535117,1
2016-2020,GB,SE,811,132,8363,0.0969747698194427,1.5728411759597184e-06,1
2016-2020,IN,SE,352,132,8363,0.0420901590338395,0.0035770678559962,1
2016-2020,IT,SE,340,132,8363,0.040655267248595,0.0043519620514981,1
2016-2020,NL,SE,286,132,8363,0.0341982542149946,0.0104791529363605,1
2016-2020,US,SE,730,132,8363,0.0872892502690422,6.362747561466793e-06,1
2016-2020,AU,SG,319,86,4622,0.0690177412375595,0.0022909700931926,1
2016-2020,CN,SG,1117,86,4622,0.24167027260926,6.136728342186252e-11,1
2016-2020,GB,SG,533,86,4622,0.1153180441367373,2.998536916022178e-05,1
2016-2020,IN,SG,428,86,4622,0.0926006057983556,0.0002587445576974,1
2016-2020,US,SG,610,86,4622,0.1319774989182172,5.958453747043594e-06,1
2016-2020,DE,SI,46,65,572,0.0804195804195804,0.0046745712433786,1
2016-2020,ES,SI,27,65,572,0.0472027972027972,0.0452929181991175,1
2016-2020,GB,SI,52,65,572,0.0909090909090909,0.0022432007933015,1
2016-2020,HR,SI,56,65,572,0.0979020979020979,0.0013684693076213,1
2016-2020,IT,SI,39,65,572,0.0681818181818181,0.0108942047909062,1
2016-2020,US,SI,32,65,572,0.0559440559440559,0.0251104667801062,1
2016-2020,NO,SJ,10,11,33,0.303030303030303,0.0270482368929188,1
2016-2020,CZ,SK,108,58,506,0.2134387351778656,1.1396084172877074e-06,1
2016-2020,DE,SK,29,58,506,0.0573122529644268,0.0345914004834687,1
2016-2020,UA,SK,36,58,506,0.0711462450592885,0.0148935573634819,1
2016-2020,GB,SL,17,29,91,0.1868131868131868,0.0030572374259838,1
2016-2020,NG,SL,12,29,91,0.1318681318681318,0.0190721463725163,1
2016-2020,IT,SM,15,5,19,0.7894736842105263,0.0019643802610477,1
2016-2020,FR,SN,55,51,224,0.2455357142857142,7.61963756074005e-07,1
2016-2020,US,SN,17,51,224,0.0758928571428571,0.0193248599913675,1
2016-2020,KE,SO,17,38,169,0.1005917159763313,0.0197881267380972,1
2016-2020,SD,SO,19,38,169,0.1124260355029585,0.0121218390798305,1
2016-2020,TR,SO,20,38,169,0.1183431952662721,0.009464198936642,1
2016-2020,UG,SO,25,38,169,0.1479289940828402,0.0026767273523394,1
2016-2020,KE,SS,18,33,96,0.1875,0.0013012113080773,1
2016-2020,UG,SS,18,33,96,0.1875,0.0013012113080773,1
2016-2020,PT,ST,17,10,27,0.6296296296296297,0.0001311372652397,1
2016-2020,ES,SV,24,34,148,0.1621621621621621,0.0029125876408922,1
2016-2020,MX,SV,13,34,148,0.0878378378378378,0.0481257767739221,1
2016-2020,US,SV,17,34,148,0.1148648648648648,0.0178367673861349,1
2016-2020,US,SX,8,5,13,0.6153846153846154,0.0218829872903609,1
2016-2020,IN,SY,11,34,113,0.0973451327433628,0.0340578346914323,1
2016-2020,ZA,SZ,33,35,110,0.3,5.411695603795199e-06,1
2016-2020,CM,TD,6,13,27,0.2222222222222222,0.0490079308752863,1
2016-2020,BJ,TG,12,22,72,0.1666666666666666,0.0217367110871573,1
2016-2020,FR,TG,14,22,72,0.1944444444444444,0.01066609480987,1
2016-2020,AU,TH,84,89,2040,0.0411764705882352,0.0247174751531173,1
2016-2020,CN,TH,159,89,2040,0.0779411764705882,0.0007920621767162,1
2016-2020,GB,TH,206,89,2040,0.1009803921568627,8.544495470924343e-05,1
2016-2020,ID,TH,171,89,2040,0.0838235294117647,0.00045098675558,1
2016-2020,IN,TH,117,89,2040,0.0573529411764705,0.0055299636873379,1
2016-2020,JP,TH,132,89,2040,0.0647058823529411,0.0027761431656062,1
2016-2020,MM,TH,80,89,2040,0.0392156862745098,0.0295855430923314,1
2016-2020,NP,TH,70,89,2040,0.034313725490196,0.0462991660769998,1
2016-2020,US,TH,233,89,2040,0.1142156862745098,2.316662089889259e-05,1
2016-2020,VN,TH,80,89,2040,0.0392156862745098,0.0295855430923314,1
2016-2020,RU,TJ,19,19,50,0.38,0.000183252712161,1
2016-2020,PT,TL,18,14,57,0.3157894736842105,0.007202226373881,1
2016-2020,DZ,TN,20,50,312,0.0641025641025641,0.0389210559195865,1
2016-2020,FR,TN,95,50,312,0.3044871794871794,1.8747866471666962e-08,1
2016-2020,SA,TN,39,50,312,0.125,0.0014401064585163,1
2016-2020,AZ,TR,174,137,5841,0.029789419619928,0.0163597578311529,1
2016-2020,CY,TR,226,137,5841,0.0386920047936997,0.0046698979769562,1
2016-2020,DE,TR,322,137,5841,0.0551275466529703,0.0004474593055468,1
2016-2020,FR,TR,129,137,5841,0.0220852593733949,0.0479661635429097,1
2016-2020,GB,TR,644,137,5841,0.1102550933059407,1.2592426925691706e-07,1
2016-2020,IQ,TR,286,137,5841,0.0489642184557438,0.001083359402822,1
2016-2020,IR,TR,235,137,5841,0.0402328368430063,0.0037545739024506,1
2016-2020,IT,TR,149,137,5841,0.0255093305940763,0.02976906425422,1
2016-2020,PK,TR,140,137,5841,0.0239684985447697,0.0369046871418895,1
2016-2020,US,TR,1100,137,5841,0.1883239171374764,4.743008192274012e-13,1
2016-2020,GB,TT,19,35,94,0.202127659574468,0.0004631652125591,1
2016-2020,US,TT,14,35,94,0.1489361702127659,0.0041563540542346,1
2016-2020,CN,TW,195,94,3474,0.0561312607944732,0.0046427899739975,1
2016-2020,GB,TW,209,94,3474,0.0601611974668969,0.0031186278255059,1
2016-2020,ID,TW,456,94,3474,0.1312607944732297,2.0735579805301266e-06,1
2016-2020,IN,TW,395,94,3474,0.1137017846862406,1.3333014630466371e-05,1
2016-2020,JP,TW,163,94,3474,0.0469199769717904,0.0114559496871923,1
2016-2020,US,TW,743,94,3474,0.2138744962579159,1.9087339607392878e-10,1
2016-2020,VN,TW,284,94,3474,0.0817501439263097,0.0003592202510007,1
2016-2020,CN,TZ,35,63,480,0.0729166666666666,0.0091487964157122,1
2016-2020,GB,TZ,44,63,480,0.0916666666666666,0.0025775412088664,1
2016-2020,IN,TZ,24,63,480,0.05,0.0415779935857241,1
2016-2020,KE,TZ,49,63,480,0.1020833333333333,0.0012607646771314,1
2016-2020,UG,TZ,25,63,480,0.0520833333333333,0.0362869006323464,1
2016-2020,US,TZ,28,63,480,0.0583333333333333,0.0240783232769512,1
2016-2020,ZA,TZ,29,63,480,0.0604166666666666,0.0209888613736674,1
2016-2020,CN,UA,47,78,752,0.0625,0.0069468557795429,1
2016-2020,DE,UA,53,78,752,0.0704787234042553,0.0035972349713916,1
2016-2020,FR,UA,31,78,752,0.0412234042553191,0.0391058434934658,1
2016-2020,GB,UA,46,78,752,0.0611702127659574,0.0077479757974502,1
2016-2020,PL,UA,99,78,752,0.1316489361702127,1.9034489455355987e-05,1
2016-2020,RU,UA,94,78,752,0.125,3.424680671886829e-05,1
2016-2020,US,UA,81,78,752,0.1077127659574468,0.0001544757553381,1
2016-2020,GB,UG,83,74,687,0.1208151382823871,8.276652357383855e-05,1
2016-2020,KE,UG,49,74,687,0.0713245997088791,0.0045088702846152,1
2016-2020,NG,UG,53,74,687,0.0771470160116448,0.0028488791056841,1
2016-2020,TZ,UG,29,74,687,0.0422125181950509,0.0429188847698911,1
2016-2020,US,UG,79,74,687,0.1149927219796215,0.0001340045305244,1
2016-2020,ZA,UG,51,74,687,0.074235807860262,0.0035853176326231,1
2016-2020,US,UM,7,9,17,0.4117647058823529,0.0143353608329685,1
2016-2020,AU,US,1537,211,71874,0.0213846453515875,0.0106788720575782,1
2016-2020,BD,US,1035,211,71874,0.0144002003506135,0.047547465606908,1
2016-2020,BR,US,3197,211,71874,0.0444806188607841,7.084269760359795e-05,1
2016-2020,CA,US,3877,211,71874,0.0539416200573225,8.76529942710617e-06,1
2016-2020,CH,US,1380,211,71874,0.0192002671341514,0.0170557635476494,1
2016-2020,CN,US,11373,211,71874,0.1582352450121045,1.9500911910114486e-16,1
2016-2020,CO,US,1111,211,71874,0.0154576063666972,0.0379514579773425,1
2016-2020,DE,US,2872,211,71874,0.0399588168183209,0.0001909287528011,1
2016-2020,ES,US,1901,211,71874,0.0264490636391462,0.0035918860572403,1
2016-2020,FR,US,2027,211,71874,0.0282021315079166,0.0024600722035799,1
2016-2020,GB,US,5181,211,71874,0.0720844811753902,1.5023530398214908e-07,1
2016-2020,IN,US,7217,211,71874,0.1004118318167904,2.234520265265612e-10,1
2016-2020,IT,US,1503,211,71874,0.0209115952917605,0.0118195387014357,1
2016-2020,JP,US,1703,211,71874,0.0236942427025071,0.00650172469796,1
2016-2020,KR,US,2451,211,71874,0.0341013440186993,0.0006849012670548,1
2016-2020,MX,US,1152,211,71874,0.0160280490859003,0.0336024473791664,1
2016-2020,TR,US,1174,211,71874,0.0163341403010824,0.0314771703818364,1
2016-2020,AR,UY,76,35,537,0.1415270018621973,0.0055809193872815,1
2016-2020,BR,UY,130,35,537,0.2420856610800744,8.073915500269852e-05,1
2016-2020,ES,UY,82,35,537,0.1527001862197393,0.0035748825055056,1
2016-2020,KR,UZ,27,44,244,0.110655737704918,0.0064566318321621,1
2016-2020,RU,UZ,58,44,244,0.2377049180327868,8.536779594545779e-06,1
2016-2020,IT,VA,17,13,36,0.4722222222222222,0.0004671035868654,1
2016-2020,US,VC,8,11,21,0.3809523809523809,0.0082649565682853,1
2016-2020,CO,VE,186,42,670,0.2776119402985074,1.620290615696577e-06,1
2016-2020,EC,VE,159,42,670,0.2373134328358209,1.5003410599107784e-05,1
2016-2020,ES,VE,86,42,670,0.1283582089552238,0.0035798087140446,1
2016-2020,US,VI,15,8,23,0.6521739130434783,0.0006159352462099,1
2016-2020,AU,VN,174,90,1669,0.1042540443379269,5.5520348348475686e-05,1
2016-2020,DE,VN,73,90,1669,0.0437387657279808,0.0186772520593107,1
2016-2020,FR,VN,139,90,1669,0.0832834032354703,0.0004354350439946,1
2016-2020,GB,VN,145,90,1669,0.0868783702816057,0.0003069361906713,1
2016-2020,JP,VN,153,90,1669,0.0916716596764529,0.0001921387455384,1
2016-2020,KR,VN,205,90,1669,0.1228280407429598,8.60085970923091e-06,1
2016-2020,TH,VN,58,90,1669,0.0347513481126423,0.0429426788258464,1
2016-2020,TW,VN,75,90,1669,0.0449370880766926,0.0167049913039533,1
2016-2020,US,VN,133,90,1669,0.0796884361893349,0.0006168850316109,1
2016-2020,AU,VU,6,10,20,0.3,0.0403536069999999,1
2016-2020,US,WS,6,11,19,0.3157894736842105,0.0224852392801321,1
2016-2020,AL,XK,42,20,95,0.4421052631578947,1.5293011740109137e-05,1
2016-2020,MK,XK,16,20,95,0.1684210526315789,0.0300722715268288,1
2016-2020,EG,YE,22,33,144,0.1527777777777778,0.0049649494889147,1
2016-2020,IN,YE,20,33,144,0.1388888888888889,0.0083539943680384,1
2016-2020,MY,YE,29,33,144,0.2013888888888889,0.0007494301210871,1
2016-2020,FR,YT,8,3,10,0.8,0.0399999999999999,1
2016-2020,DE,ZA,109,123,3974,0.0274282838449924,0.0336077570185942,1
2016-2020,GB,ZA,364,123,3974,0.0915953699043784,8.129790871891806e-06,1
2016-2020,GH,ZA,160,123,3974,0.0402617010568696,0.0066472921144978,1
2016-2020,IN,ZA,144,123,3974,0.0362355309511826,0.011077739947541,1
2016-2020,KE,ZA,181,123,3974,0.0455460493205837,0.0033892807996627,1
2016-2020,NG,ZA,623,123,3974,0.1567689984901862,9.235936482076807e-10,1
2016-2020,US,ZA,310,123,3974,0.0780070457976849,4.974706591088809e-05,1
2016-2020,ZW,ZA,421,123,3974,0.1059386009058882,1.166315521433302e-06,1
2016-2020,GB,ZM,38,60,309,0.1229773462783171,0.0004341480708123,1
2016-2020,IN,ZM,26,60,309,0.0841423948220064,0.0055956354110051,1
2016-2020,US,ZM,24,60,309,0.0776699029126213,0.0084780593880477,1
2016-2020,ZA,ZM,50,60,309,0.1618122977346278,3.0001004405049435e-05,1
2016-2020,GB,ZW,24,43,343,0.0699708454810495,0.0475177257435046,1
2016-2020,ZA,ZW,173,43,343,0.5043731778425656,1.572177787622568e-13,1
2021-2025,ES,AD,49,12,69,0.7101449275362319,1.2133607834999487e-06,1
2021-2025,AU,AE,98,108,3065,0.031973898858075,0.0308969932849993,1
2021-2025,CN,AE,99,108,3065,0.032300163132137,0.0298024150457595,1
2021-2025,EG,AE,168,108,3065,0.0548123980424143,0.0024011967638658,1
2021-2025,GB,AE,260,108,3065,0.0848287112561174,7.598981390348891e-05,1
2021-2025,IN,AE,479,108,3065,0.1562805872756933,1.2682079193606456e-08,1
2021-2025,JO,AE,93,108,3065,0.030342577487765,0.0369965227311012,1
2021-2025,MY,AE,87,108,3065,0.0283849918433931,0.0459072162030391,1
2021-2025,PK,AE,182,108,3065,0.0593800978792822,0.0014299323717454,1
2021-2025,SA,AE,115,108,3065,0.0375203915171288,0.0167068461093031,1
2021-2025,US,AE,227,108,3065,0.0740619902120717,0.0002656223487306,1
2021-2025,IN,AF,47,41,201,0.2338308457711442,2.36040505822812e-05,1
2021-2025,IR,AF,39,41,201,0.1940298507462686,0.0001789609534503,1
2021-2025,PK,AF,27,41,201,0.1343283582089552,0.0031198063269534,1
2021-2025,IT,AL,29,44,157,0.1847133757961783,0.000153583174935,1
2021-2025,MK,AL,11,44,157,0.0700636942675159,0.0440035530794353,1
2021-2025,TR,AL,12,44,157,0.0764331210191082,0.0327445512138443,1
2021-2025,XK,AL,11,44,157,0.0700636942675159,0.0440035530794353,1
2021-2025,GB,AM,16,48,196,0.0816326530612244,0.0182714235917018,1
2021-2025,RU,AM,51,48,196,0.2602040816326531,7.051162951579488e-07,1
2021-2025,US,AM,29,48,196,0.1479591836734693,0.0005390620892656,1
2021-2025,BR,AO,42,41,302,0.1390728476821192,0.0025041261330887,1
2021-2025,CU,AO,67,41,302,0.2218543046357615,4.389719525954249e-05,1
2021-2025,PT,AO,92,41,302,0.304635761589404,4.880834379533193e-07,1
2021-2025,BR,AR,245,66,2212,0.110759493670886,0.0004855684087478,1
2021-2025,CL,AR,205,66,2212,0.0926763110307414,0.0017969924008589,1
2021-2025,CO,AR,278,66,2212,0.1256781193490054,0.0001616730243027,1
2021-2025,EC,AR,204,66,2212,0.0922242314647378,0.001856128672827,1
2021-2025,ES,AR,263,66,2212,0.1188969258589511,0.0002671385544191,1
2021-2025,MX,AR,124,66,2212,0.0560578661844484,0.0235206413843619,1
2021-2025,PE,AR,162,66,2212,0.0732368896925858,0.0071280050300779,1
2021-2025,US,AR,164,66,2212,0.0741410488245931,0.0066898122374705,1
2021-2025,CH,AT,258,118,5149,0.0501068168576422,0.0024431391680242,1
2021-2025,DE,AT,1156,118,5149,0.2245096135171878,1.2034857406313094e-13,1
2021-2025,ES,AT,194,118,5149,0.0376772188774519,0.0111822639248996,1
2021-2025,FR,AT,157,118,5149,0.0304913575451543,0.0267022050822818,1
2021-2025,GB,AT,339,118,5149,0.0658380268013206,0.000346254632074,1
2021-2025,IT,AT,336,118,5149,0.0652553893959992,0.0003724581419976,1
2021-2025,NL,AT,158,118,5149,0.0306855700135948,0.0260835879281428,1
2021-2025,US,AT,362,118,5149,0.0703049135754515,0.0001976253588793,1
2021-2025,BD,AU,455,144,11681,0.0389521445081756,0.0034082935694384,1
2021-2025,CA,AU,317,144,11681,0.0271380874925092,0.0195578792320841,1
2021-2025,CN,AU,1050,144,11681,0.0898895642496361,1.4140197431070257e-06,1
2021-2025,DE,AU,343,144,11681,0.0293639243215478,0.0140951371957473,1
2021-2025,GB,AU,1243,144,11681,0.1064121222498073,1.029507246972856e-07,1
2021-2025,ID,AU,417,144,11681,0.0356989983734269,0.0055259169675288,1
2021-2025,IN,AU,766,144,11681,0.0655765773478298,6.13410780435307e-05,1
2021-2025,IR,AU,416,144,11681,0.0356133892646177,0.0055965142557459,1
2021-2025,LK,AU,518,144,11681,0.0443455183631538,0.0015241538792813,1
2021-2025,NZ,AU,445,144,11681,0.0380960534200838,0.0038710969084977,1
2021-2025,PK,AU,267,144,11681,0.0228576320520503,0.0366413724404037,1
2021-2025,US,AU,1054,144,11681,0.0902320006848728,1.339935522134607e-06,1
2021-2025,RU,AZ,22,41,236,0.0932203389830508,0.0199558768485714,1
2021-2025,TR,AZ,82,41,236,0.3474576271186441,3.840154650948322e-08,1
2021-2025,DE,BA,10,36,116,0.0862068965517241,0.0426261060724894,1
2021-2025,RS,BA,31,36,116,0.2672413793103448,1.877728409425196e-05,1
2021-2025,AU,BD,157,79,1746,0.0899198167239404,0.0006430034621951,1
2021-2025,CN,BD,170,79,1746,0.0973654066437571,0.0003387926307098,1
2021-2025,GB,BD,198,79,1746,0.1134020618556701,8.369199573145777e-05,1
2021-2025,IN,BD,119,79,1746,0.06815578465063,0.0040623604768349,1
2021-2025,JP,BD,202,79,1746,0.1156930126002291,6.839721479361406e-05,1
2021-2025,KR,BD,87,79,1746,0.049828178694158,0.018559549875607,1
2021-2025,MY,BD,188,79,1746,0.1076746849942726,0.0001382963408686,1
2021-2025,US,BD,164,79,1746,0.0939289805269186,0.0004556744769953,1
2021-2025,BR,BE,175,142,7309,0.0239430838692023,0.0328091651545903,1
2021-2025,CH,BE,183,142,7309,0.0250376248460801,0.028008362228958,1
2021-2025,CN,BE,357,142,7309,0.0488438910931728,0.0008580330559603,1
2021-2025,DE,BE,481,142,7309,0.065809276234779,6.782856494887741e-05,1
2021-2025,ES,BE,405,142,7309,0.0554111369544397,0.0003230261907501,1
2021-2025,FR,BE,634,142,7309,0.0867423724175673,2.777515233376325e-06,1
2021-2025,GB,BE,552,142,7309,0.0755233274045697,1.5535668395957068e-05,1
2021-2025,IN,BE,219,142,7309,0.0299630592420303,0.0137134439301756,1
2021-2025,IT,BE,486,142,7309,0.0664933643453276,6.11722880423691e-05,1
2021-2025,NL,BE,581,142,7309,0.0794910384457518,8.471317277269235e-06,1
2021-2025,PT,BE,199,142,7309,0.0272267067998358,0.0204005124710451,1
2021-2025,TR,BE,163,142,7309,0.0223012724038856,0.0415826389613554,1
2021-2025,US,BE,356,142,7309,0.048707073471063,0.0008756120260474,1
2021-2025,FR,BF,14,36,111,0.1261261261261261,0.0089270186438055,1
2021-2025,DE,BG,34,59,319,0.1065830721003134,0.0014492465099278,1
2021-2025,GB,BG,37,59,319,0.115987460815047,0.0007844922638332,1
2021-2025,US,BG,30,59,319,0.0940438871473354,0.0032524847021549,1
2021-2025,EG,BH,16,40,203,0.0788177339901477,0.040689014974882,1
2021-2025,GB,BH,30,40,203,0.1477832512315271,0.0019563769773821,1
2021-2025,IN,BH,22,40,203,0.1083743842364532,0.0114056211330226,1
2021-2025,SA,BH,25,40,203,0.1231527093596059,0.0059433952307194,1
2021-2025,BF,BJ,12,36,113,0.1061946902654867,0.0196563356934482,1
2021-2025,FR,BJ,14,36,113,0.1238938053097345,0.0097608196629745,1
2021-2025,ID,BN,10,35,113,0.0884955752212389,0.0428349793173036,1
2021-2025,MY,BN,23,35,113,0.2035398230088495,0.0004360921232874,1
2021-2025,AR,BO,24,35,270,0.0888888888888888,0.0422110018638471,1
2021-2025,BR,BO,24,35,270,0.0888888888888888,0.0422110018638471,1
2021-2025,ES,BO,39,35,270,0.1444444444444444,0.0049709493142813,1
2021-2025,PE,BO,23,35,270,0.0851851851851851,0.0484538654977047,1
2021-2025,BR,BQ,5,5,9,0.5555555555555556,0.0390184423106233,1
2021-2025,AR,BR,232,142,7647,0.0303386949130377,0.0129846183672163,1
2021-2025,CA,BR,224,142,7647,0.0292925330194847,0.0151168123229137,1
2021-2025,CO,BR,530,142,7647,0.069308225447888,3.996027469179447e-05,1
2021-2025,DE,BR,322,142,7647,0.0421080162155093,0.002320769327916,1
2021-2025,ES,BR,440,142,7647,0.0575389041454165,0.0002350411448001,1
2021-2025,FR,BR,410,142,7647,0.0536157970445926,0.0004221968839383,1
2021-2025,GB,BR,363,142,7647,0.0474695959199686,0.0010517618593423,1
2021-2025,IT,BR,195,142,7647,0.025500196155355,0.0261955548058839,1
2021-2025,MZ,BR,234,142,7647,0.030600235386426,0.0125000082754479,1
2021-2025,PE,BR,339,142,7647,0.0443311102393095,0.0016724388109167,1
2021-2025,PT,BR,888,142,7647,0.116123970184386,2.761730090881988e-08,1
2021-2025,US,BR,1294,142,7647,0.1692166862822021,4.44400854802712e-12,1
2021-2025,US,BS,18,15,39,0.4615384615384615,0.0001722525373272,1
2021-2025,IN,BT,33,17,69,0.4782608695652174,3.0147726068215565e-05,1
2021-2025,GB,BW,24,36,157,0.1528662420382165,0.0030082893036946,1
2021-2025,ZA,BW,41,36,157,0.2611464968152866,2.509237611337492e-05,1
2021-2025,ZW,BW,21,36,157,0.1337579617834395,0.0065671049765953,1
2021-2025,CN,BY,23,20,68,0.3382352941176471,0.00039207434023,1
2021-2025,RU,BY,15,20,68,0.2205882352941176,0.0087815702720111,1
2021-2025,AU,CA,263,159,13223,0.0198895863268547,0.0418264079084561,1
2021-2025,BD,CA,307,159,13223,0.0232171216819178,0.0244393734996506,1
2021-2025,BR,CA,747,159,13223,0.0564924752325493,0.0001022746889971,1
2021-2025,CN,CA,711,159,13223,0.0537699463056794,0.0001612443734979,1
2021-2025,DE,CA,395,159,13223,0.0298721923920441,0.0082980228158357,1
2021-2025,FR,CA,651,159,13223,0.0492323980942297,0.0003433611514604,1
2021-2025,GB,CA,874,159,13223,0.0660969522801179,2.0308752415530383e-05,1
2021-2025,IN,CA,830,159,13223,0.0627694169250548,3.562372898136927e-05,1
2021-2025,IR,CA,908,159,13223,0.0686682295999395,1.313705692447511e-05,1
2021-2025,US,CA,2576,159,13223,0.1948120698782424,1.354460888154658e-15,1
2021-2025,BE,CD,25,48,197,0.1269035532994923,0.0016979479581839,1
2021-2025,FR,CD,16,48,197,0.0812182741116751,0.018662954156067,1
2021-2025,ZA,CD,13,48,197,0.065989847715736,0.04041336858984,1
2021-2025,AT,CH,300,156,11233,0.0267070239472981,0.0150576198724561,1
2021-2025,BE,CH,244,156,11233,0.0217217128104691,0.0332410127991682,1
2021-2025,CA,CH,279,156,11233,0.0248375322709872,0.0202736313378344,1
2021-2025,CN,CH,416,156,11233,0.0370337398735867,0.0028821460048281,1
2021-2025,DE,CH,1628,156,11233,0.1449301166206712,2.8856894962401166e-11,1
2021-2025,ES,CH,409,156,11233,0.0364105759814831,0.0031861324763084,1
2021-2025,FR,CH,986,156,11233,0.0877770853734532,6.541110488184226e-07,1
2021-2025,GB,CH,1069,156,11233,0.095166028665539,1.854296214213743e-07,1
2021-2025,IN,CH,255,156,11233,0.0227009703552034,0.0284614795002925,1
2021-2025,IT,CH,832,156,11233,0.0740674797471735,6.603851690346152e-06,1
2021-2025,NL,CH,437,156,11233,0.0389032315498976,0.0021325692125386,1
2021-2025,US,CH,1254,156,11233,0.1116353600997062,1.0755878309079176e-08,1
2021-2025,BJ,CI,11,46,140,0.0785714285714285,0.0251637497737222,1
2021-2025,FR,CI,32,46,140,0.2285714285714285,8.478272895994182e-06,1
2021-2025,AR,CL,218,78,3152,0.0691624365482233,0.0040113481178885,1
2021-2025,BR,CL,177,78,3152,0.0561548223350253,0.011677735009004,1
2021-2025,CO,CL,203,78,3152,0.0644035532994923,0.0059404508577373,1
2021-2025,ES,CL,645,78,3152,0.2046319796954314,2.2067118940254293e-08,1
2021-2025,GB,CL,222,78,3152,0.0704314720812182,0.0036113425782933,1
2021-2025,MX,CL,137,78,3152,0.0434644670050761,0.03265767702811,1
2021-2025,PE,CL,143,78,3152,0.0453680203045685,0.0280136937803733,1
2021-2025,US,CL,317,78,3152,0.1005710659898477,0.000285395939385,1
2021-2025,CD,CM,21,47,239,0.0878661087866108,0.0145443816540477,1
2021-2025,DE,CM,16,47,239,0.0669456066945606,0.0412781530141528,1
2021-2025,FR,CM,24,47,239,0.100418410041841,0.0076889265546774,1
2021-2025,NG,CM,23,47,239,0.0962343096234309,0.0095185130426434,1
2021-2025,AU,CN,888,150,19874,0.0446814934084733,0.0011017434238468,1
2021-2025,CA,CN,643,150,19874,0.0323538291234779,0.0074433900086479,1
2021-2025,DE,CN,1055,150,19874,0.0530844319211029,0.00029537739713,1
2021-2025,GB,CN,2146,150,19874,0.107980275737144,4.03454140727645e-08,1
2021-2025,HK,CN,1487,150,19874,0.0748213746603602,9.281389479475132e-06,1
2021-2025,JP,CN,851,150,19874,0.0428197645164536,0.0014725316596596,1
2021-2025,KR,CN,475,150,19874,0.0239005736137667,0.0272028605870031,1
2021-2025,NL,CN,398,150,19874,0.0200261648384824,0.0490859926569151,1
2021-2025,PK,CN,1148,150,19874,0.057763912649693,0.0001411888175901,1
2021-2025,SG,CN,881,150,19874,0.044329274428902,0.0011639494804595,1
2021-2025,US,CN,4654,150,19874,0.2341753044178323,5.435952781123798e-18,1
2021-2025,AR,CO,232,89,4340,0.0534562211981566,0.0079502736299375,1
2021-2025,BR,CO,374,89,4340,0.0861751152073732,0.0003597015186451,1
2021-2025,ES,CO,989,89,4340,0.2278801843317972,1.3069333863517412e-10,1
2021-2025,MX,CO,651,89,4340,0.15,6.149863307533661e-07,1
2021-2025,PE,CO,169,89,4340,0.0389400921658986,0.030341741871866,1
2021-2025,US,CO,492,89,4340,0.1133640552995391,2.521095975251503e-05,1
2021-2025,VE,CO,180,89,4340,0.0414746543778801,0.0240501006395015,1
2021-2025,BR,CR,33,50,453,0.0728476821192053,0.024569896717118,1
2021-2025,CO,CR,37,50,453,0.0816777041942604,0.0153730946854412,1
2021-2025,ES,CR,62,50,453,0.1368653421633554,0.0007376480756322,1
2021-2025,MX,CR,36,50,453,0.0794701986754966,0.0172923809754774,1
2021-2025,US,CR,53,50,453,0.1169977924944812,0.0022497158933121,1
2021-2025,EC,CU,39,46,315,0.1238095238095238,0.0026117630440651,1
2021-2025,ES,CU,34,46,315,0.1079365079365079,0.0058588108234703,1
2021-2025,GT,CU,32,46,315,0.1015873015873015,0.0080614780917159,1
2021-2025,MX,CU,41,46,315,0.1301587301587301,0.0018827835985242,1
2021-2025,BR,CV,16,16,70,0.2285714285714285,0.0203908719382595,1
2021-2025,PT,CV,27,16,70,0.3857142857142857,0.0006692004641001,1
2021-2025,GB,CY,170,90,902,0.188470066518847,8.474310507668641e-09,1
2021-2025,GR,CY,175,90,902,0.1940133037694013,4.604481423996522e-09,1
2021-2025,NG,CY,33,90,902,0.0365853658536585,0.036255864300678,1
2021-2025,TR,CY,118,90,902,0.130820399113082,3.808445435045387e-06,1
2021-2025,US,CY,38,90,902,0.0421286031042128,0.0216940801020225,1
2021-2025,AT,CZ,72,105,2461,0.0292563998374644,0.0455902263991878,1
2021-2025,DE,CZ,174,105,2461,0.0707029662738724,0.0004876107751314,1
2021-2025,ES,CZ,78,105,2461,0.0316944331572531,0.0350988250861145,1
2021-2025,FR,CZ,111,105,2461,0.045103616416091,0.0082309478707324,1
2021-2025,GB,CZ,150,105,2461,0.0609508329947175,0.0014440642108764,1
2021-2025,IN,CZ,226,105,2461,0.0918325883787078,4.459180288205546e-05,1
2021-2025,IT,CZ,121,105,2461,0.0491670052824055,0.0052825223787561,1
2021-2025,PL,CZ,111,105,2461,0.045103616416091,0.0082309478707324,1
2021-2025,SK,CZ,138,105,2461,0.0560747663551401,0.0024746284076731,1
2021-2025,UA,CZ,110,105,2461,0.0446972775294595,0.0086033106327553,1
2021-2025,US,CZ,121,105,2461,0.0491670052824055,0.0052825223787561,1
2021-2025,AT,DE,963,153,24291,0.0396443127084105,0.0021363928783888,1
2021-2025,BR,DE,811,153,24291,0.0333868510971141,0.0057333728314219,1
2021-2025,CH,DE,1215,153,24291,0.0500185253797702,0.0004099215178072,1
2021-2025,CN,DE,1234,153,24291,0.0508007080811823,0.0003616809600956,1
2021-2025,ES,DE,979,153,24291,0.0403029928780206,0.0019248165553139,1
2021-2025,FR,DE,1154,153,24291,0.0475073072331316,0.0006123097755736,1
2021-2025,GB,DE,2046,153,24291,0.0842287266888971,1.5546278568313636e-06,1
2021-2025,IN,DE,1488,153,24291,0.0612572557737433,6.7155590923083e-05,1
2021-2025,IT,DE,1273,153,24291,0.052406240994607,0.0002796231624878,1
2021-2025,NL,DE,1028,153,24291,0.0423202008974517,0.0013979436217752,1
2021-2025,SE,DE,510,153,24291,0.0209954304063233,0.0397445217479287,1
2021-2025,TR,DE,745,153,24291,0.0306697953974723,0.0087842632900324,1
2021-2025,US,DE,2025,153,24291,0.0833642089662838,1.7943833548164609e-06,1
2021-2025,CH,DK,149,111,4884,0.0305077805077805,0.0331036656788677,1
2021-2025,CN,DK,271,111,4884,0.0554873054873054,0.0018743812312871,1
2021-2025,DE,DK,468,111,4884,0.0958230958230958,1.5412569192582303e-05,1
2021-2025,ES,DK,211,111,4884,0.0432022932022932,0.0077662940989722,1
2021-2025,FR,DK,182,111,4884,0.0372645372645372,0.0153379263053144,1
2021-2025,GB,DK,484,111,4884,0.0990990990990991,1.033885235696028e-05,1
2021-2025,IN,DK,157,111,4884,0.0321457821457821,0.0274849007672366,1
2021-2025,IT,DK,220,111,4884,0.045045045045045,0.0062822832356086,1
2021-2025,NL,DK,197,111,4884,0.0403357903357903,0.0107925186350678,1
2021-2025,NO,DK,132,111,4884,0.027027027027027,0.0491004460013394,1
2021-2025,SE,DK,342,111,4884,0.07002457002457,0.0003403002022394,1
2021-2025,US,DK,429,111,4884,0.0878378378378378,4.0543929777858046e-05,1
2021-2025,ES,DO,84,32,275,0.3054545454545455,1.2380006592223515e-05,1
2021-2025,US,DO,44,32,275,0.16,0.0044942566314938,1
2021-2025,ES,DZ,13,63,202,0.0643564356435643,0.0161750992083452,1
2021-2025,FR,DZ,34,63,202,0.1683168316831683,1.0899098093451802e-05,1
2021-2025,GB,DZ,15,63,202,0.0742574257425742,0.0083636278397666,1
2021-2025,TN,DZ,11,63,202,0.0544554455445544,0.0310658945445535,1
2021-2025,AR,EC,191,59,2522,0.0757335448057097,0.0103809498848342,1
2021-2025,CO,EC,140,59,2522,0.0555114988104678,0.0364256361151059,1
2021-2025,ES,EC,888,59,2522,0.352101506740682,1.1678962329994528e-11,1
2021-2025,MX,EC,251,59,2522,0.0995241871530531,0.0022875943487275,1
2021-2025,PE,EC,145,59,2522,0.0574940523394131,0.0322461426208158,1
2021-2025,US,EC,137,59,2522,0.0543219666931007,0.0391842434521932,1
2021-2025,VE,EC,130,59,2522,0.0515463917525773,0.0464444044763109,1
2021-2025,DE,EE,37,83,731,0.0506155950752394,0.0141335632490404,1
2021-2025,FI,EE,39,83,731,0.0533515731874145,0.0111551351131311,1
2021-2025,GB,EE,46,83,731,0.0629274965800273,0.0048462069024892,1
2021-2025,IN,EE,52,83,731,0.0711354309165526,0.0023555730691094,1
2021-2025,IT,EE,27,83,731,0.0369357045143638,0.0456807408950454,1
2021-2025,UA,EE,40,83,731,0.054719562243502,0.0099077485066654,1
2021-2025,CN,EG,84,101,1404,0.0598290598290598,0.0020925813058065,1
2021-2025,DE,EG,105,101,1404,0.0747863247863247,0.0004209246194438,1
2021-2025,GB,EG,147,101,1404,0.1047008547008547,1.573319731123031e-05,1
2021-2025,JP,EG,96,101,1404,0.0683760683760683,0.000839582967339,1
2021-2025,SA,EG,182,101,1404,0.1296296296296296,9.341353588258612e-07,1
2021-2025,US,EG,172,101,1404,0.1225071225071225,2.110376797871272e-06,1
2021-2025,AR,ES,582,164,20167,0.0288590271235186,0.0084530073585932,1
2021-2025,BR,ES,934,164,20167,0.0463132840779491,0.0004396777912295,1
2021-2025,CL,ES,814,164,20167,0.0403629692071205,0.0012118272831557,1
2021-2025,CO,ES,1616,164,20167,0.0801309069271582,1.2227633741306109e-06,1
2021-2025,DE,ES,1022,164,20167,0.0506768483165567,0.0002082062678609,1
2021-2025,EC,ES,1035,164,20167,0.0513214657608965,0.0001863841796636,1
2021-2025,FR,ES,1041,164,20167,0.0516189815044379,0.0001770944955745,1
2021-2025,GB,ES,1480,164,20167,0.0733872167402191,4.021803333622449e-06,1
2021-2025,IT,ES,1289,164,20167,0.0639162989041503,2.110053193612368e-05,1
2021-2025,MX,ES,808,164,20167,0.0400654534635791,0.0012746305101258,1
2021-2025,NL,ES,451,164,20167,0.022363266722864,0.0250573029433276,1
2021-2025,PE,ES,637,164,20167,0.0315862547726483,0.0053448316920155,1
2021-2025,PT,ES,1029,164,20167,0.051023950017355,0.0001961580195223,1
2021-2025,US,ES,1339,164,20167,0.0663955967669956,1.3694661071889485e-05,1
2021-2025,BE,ET,32,81,534,0.0599250936329588,0.0071284779294354,1
2021-2025,CN,ET,31,81,534,0.0580524344569288,0.0083586904504679,1
2021-2025,IN,ET,87,81,534,0.1629213483146067,6.626760704159941e-07,1
2021-2025,SO,ET,23,81,534,0.0430711610486891,0.0295373445135287,1
2021-2025,US,ET,30,81,534,0.0561797752808988,0.0097981109596435,1
2021-2025,ZA,ET,35,81,534,0.0655430711610486,0.0044130930799803,1
2021-2025,CN,FI,196,116,3914,0.0500766479305058,0.0027175958652703,1
2021-2025,DE,FI,244,116,3914,0.062340316811446,0.000609821787969,1
2021-2025,ES,FI,131,116,3914,0.0334695963208993,0.0199427385941928,1
2021-2025,FR,FI,138,116,3914,0.0352580480327031,0.0161169884605395,1
2021-2025,GB,FI,294,116,3914,0.0751149718957588,0.0001259189690507,1
2021-2025,IN,FI,224,116,3914,0.057230454777721,0.0011392988428062,1
2021-2025,IR,FI,164,116,3914,0.0419008686765457,0.0072811727768276,1
2021-2025,IT,FI,147,116,3914,0.0375574859478794,0.0122490348805327,1
2021-2025,NL,FI,117,116,3914,0.0298926928972917,0.03049820076912,1
2021-2025,SE,FI,209,116,3914,0.0533980582524271,0.0018165609088693,1
2021-2025,US,FI,229,116,3914,0.0585079202861522,0.0009748036583981,1
2021-2025,AU,FJ,28,44,114,0.2456140350877192,5.451610207206955e-06,1
2021-2025,ID,FJ,13,44,114,0.1140350877192982,0.005481639429539,1
2021-2025,DK,FO,18,8,28,0.6428571428571429,0.0007411289544079,1
2021-2025,BE,FR,519,168,13636,0.0380610149603989,0.0015333342613575,1
2021-2025,BR,FR,736,168,13636,0.0539747726606042,9.457010320390125e-05,1
2021-2025,CA,FR,410,168,13636,0.0300674684658257,0.006107096893631,1
2021-2025,CH,FR,636,168,13636,0.0466412437665004,0.0003434093205323,1
2021-2025,CN,FR,407,168,13636,0.0298474625990026,0.0063428434281255,1
2021-2025,DE,FR,929,168,13636,0.0681284834262247,7.628835318078095e-06,1
2021-2025,ES,FR,882,168,13636,0.0646817248459959,1.4132635425424024e-05,1
2021-2025,GB,FR,1076,168,13636,0.0789087709005573,1.0928033634075382e-06,1
2021-2025,IN,FR,572,168,13636,0.0419477852742739,0.0007798174006236,1
2021-2025,IT,FR,1021,168,13636,0.0748753300088002,2.266959720162981e-06,1
2021-2025,NL,FR,306,168,13636,0.0224405984159577,0.0225895300041408,1
2021-2025,PT,FR,248,168,13636,0.0181871516573775,0.0466438895744619,1
2021-2025,US,FR,1080,168,13636,0.0792021120563215,1.0361926721667971e-06,1
2021-2025,CM,GA,5,16,24,0.2083333333333333,0.0300701357440781,1
2021-2025,AU,GB,1039,183,33629,0.0308959528977965,0.0033068471269556,1
2021-2025,BR,GB,803,183,33629,0.0238782003627821,0.01229504642509,1
2021-2025,CA,GB,886,183,33629,0.0263463082458592,0.0077557126249276,1
2021-2025,CH,GB,796,183,33629,0.0236700466858961,0.0127815536818844,1
2021-2025,CN,GB,2508,183,33629,0.0745784888043058,7.478344087019171e-07,1
2021-2025,DE,GB,1765,183,33629,0.0524844628148324,5.4791591162640125e-05,1
2021-2025,ES,GB,1040,183,33629,0.0309256891373516,0.0032884311107589,1
2021-2025,FR,GB,1002,183,33629,0.0297957120342561,0.0040653742304637,1
2021-2025,IE,GB,768,183,33629,0.022837431978352,0.0149266255305651,1
2021-2025,IN,GB,2562,183,33629,0.0761842457402836,5.451754419376875e-07,1
2021-2025,IT,GB,1108,183,33629,0.0329477534271016,0.0022484785530096,1
2021-2025,NG,GB,1133,183,33629,0.0336911594159802,0.0019548048896011,1
2021-2025,NL,GB,814,183,33629,0.0242052989978887,0.0115674832027989,1
2021-2025,PK,GB,677,183,33629,0.0201314341788337,0.0246913185357938,1
2021-2025,TR,GB,768,183,33629,0.022837431978352,0.0149266255305651,1
2021-2025,US,GB,3763,183,33629,0.1118974694460138,4.171435877873645e-10,1
2021-2025,US,GD,35,16,69,0.5072463768115942,2.451587478789753e-05,1
2021-2025,DE,GE,13,46,154,0.0844155844155844,0.0188985129180692,1
2021-2025,GB,GE,14,46,154,0.0909090909090909,0.0137192120211485,1
2021-2025,RU,GE,15,46,154,0.0974025974025974,0.0099365031326187,1
2021-2025,US,GE,11,46,154,0.0714285714285714,0.0356196172367723,1
2021-2025,FR,GF,14,11,27,0.5185185185185185,0.0006695698374499,1
2021-2025,CN,GH,92,79,766,0.1201044386422976,4.630500105278425e-05,1
2021-2025,DE,GH,38,79,766,0.0496083550913838,0.0188974652356868,1
2021-2025,GB,GH,98,79,766,0.1279373368146214,2.3052606747738324e-05,1
2021-2025,NG,GH,51,79,766,0.0665796344647519,0.0046347597757086,1
2021-2025,US,GH,62,79,766,0.0809399477806788,0.0013830038265736,1
2021-2025,ZA,GH,82,79,766,0.1070496083550913,0.0001460602039824,1
2021-2025,GB,GI,9,11,21,0.4285714285714285,0.0037120986837328,1
2021-2025,DK,GL,19,8,29,0.6551724137931034,0.0005797143017647,1
2021-2025,GB,GM,20,35,102,0.196078431372549,0.0005987770428901,1
2021-2025,NG,GM,19,35,102,0.1862745098039215,0.0009041683504099,1
2021-2025,FR,GN,14,25,54,0.2592592592592592,0.0007447140648643,1
2021-2025,FR,GP,23,13,36,0.6388888888888888,4.916886898498013e-06,1
2021-2025,ES,GQ,9,13,26,0.3461538461538461,0.006105298198903,1
2021-2025,CY,GR,131,79,1547,0.0846800258564964,0.0010062115381552,1
2021-2025,DE,GR,111,79,1547,0.0717517776341305,0.0030047050308557,1
2021-2025,ES,GR,89,79,1547,0.0575307045895281,0.009836540899267,1
2021-2025,FR,GR,73,79,1547,0.0471881060116354,0.023044073207605,1
2021-2025,GB,GR,375,79,1547,0.24240465416936,3.9455653654231935e-10,1
2021-2025,IT,GR,85,79,1547,0.0549450549450549,0.0121800927651782,1
2021-2025,NL,GR,74,79,1547,0.0478345184227537,0.0218559548669641,1
2021-2025,US,GR,111,79,1547,0.0717517776341305,0.0030047050308557,1
2021-2025,CU,GT,30,33,245,0.1224489795918367,0.0153008662070558,1
2021-2025,ES,GT,37,33,245,0.1510204081632653,0.0053053253121872,1
2021-2025,MX,GT,33,33,245,0.1346938775510204,0.0097596186904002,1
2021-2025,US,GT,35,33,245,0.1428571428571428,0.0072061406061694,1
2021-2025,US,GU,6,11,17,0.3529411764705882,0.0128658249388667,1
2021-2025,PT,GW,8,12,26,0.3076923076923077,0.0175101847543407,1
2021-2025,CN,HK,2617,76,4847,0.5399216009903033,5.156894532360362e-26,1
2021-2025,GB,HK,440,76,4847,0.0907778007014648,0.0007947898441362,1
2021-2025,US,HK,566,76,4847,0.1167732618114297,9.02434330369497e-05,1
2021-2025,ES,HN,44,29,189,0.2328042328042328,0.0005989265227539,1
2021-2025,MX,HN,21,29,189,0.1111111111111111,0.0369597794910114,1
2021-2025,AT,HR,21,62,403,0.0521091811414392,0.0382170642978558,1
2021-2025,DE,HR,35,62,403,0.086848635235732,0.0039184032182752,1
2021-2025,GB,HR,23,62,403,0.0570719602977667,0.0277454376087703,1
2021-2025,IT,HR,30,62,403,0.0744416873449131,0.0089254665294533,1
2021-2025,SI,HR,34,62,403,0.0843672456575682,0.0046238157619467,1
2021-2025,FR,HT,13,18,53,0.2452830188679245,0.0083623832860595,1
2021-2025,US,HT,13,18,53,0.2452830188679245,0.0083623832860595,1
2021-2025,AT,HU,46,108,1256,0.036624203821656,0.018456239104814,1
2021-2025,BR,HU,37,108,1256,0.0294585987261146,0.0407854337391265,1
2021-2025,DE,HU,71,108,1256,0.0565286624203821,0.0019768425079556,1
2021-2025,GB,HU,61,108,1256,0.0485668789808917,0.0048581894827522,1
2021-2025,ID,HU,54,108,1256,0.0429936305732484,0.0090758356826356,1
2021-2025,IN,HU,47,108,1256,0.037420382165605,0.0168936221437003,1
2021-2025,IQ,HU,41,108,1256,0.0326433121019108,0.0286926276900998,1
2021-2025,RO,HU,41,108,1256,0.0326433121019108,0.0286926276900998,1
2021-2025,US,HU,88,108,1256,0.0700636942675159,0.000421204266031,1
2021-2025,AU,ID,307,103,2579,0.1190383869716944,2.430034614383796e-06,1
2021-2025,GB,ID,231,103,2579,0.0895696006203955,6.968969192288935e-05,1
2021-2025,JP,ID,392,103,2579,0.1519968980224893,4.972089891773657e-08,1
2021-2025,KR,ID,92,103,2579,0.035672741372625,0.024597626315238,1
2021-2025,MY,ID,198,103,2579,0.0767739433889104,0.0002893486318717,1
2021-2025,NL,ID,121,103,2579,0.0469174098487785,0.0074355776626293,1
2021-2025,TH,ID,82,103,2579,0.0317952694842962,0.0370385879822513,1
2021-2025,TW,ID,208,103,2579,0.0806514152772392,0.0001883569318973,1
2021-2025,US,ID,141,103,2579,0.0546723536254362,0.0032314737524684,1
2021-2025,BR,IE,143,121,4718,0.0303094531581178,0.0248873939454295,1
2021-2025,CA,IE,121,121,4718,0.0256464603645612,0.044257620867298,1
2021-2025,CN,IE,179,121,4718,0.0379398050021195,0.0096442740605728,1
2021-2025,DE,IE,180,121,4718,0.0381517592200084,0.009392616704192,1
2021-2025,ES,IE,205,121,4718,0.0434506146672318,0.0048404711552068,1
2021-2025,FR,IE,153,121,4718,0.0324289953370072,0.0191399781867507,1
2021-2025,GB,IE,972,121,4718,0.2060194997880458,9.488124588095532e-13,1
2021-2025,IN,IE,366,121,4718,0.0775752437473505,6.190333070902864e-05,1
2021-2025,IT,IE,188,121,4718,0.0398473929631199,0.0076003196081899,1
2021-2025,US,IE,400,121,4718,0.0847816871555744,2.415261584558532e-05,1
2021-2025,CN,IL,78,84,1817,0.042927903137039,0.0262063380942521,1
2021-2025,DE,IL,111,84,1817,0.0610897083104017,0.0053431856052006,1
2021-2025,GB,IL,107,84,1817,0.0588882773802971,0.0064896039897545,1
2021-2025,IN,IL,437,84,1817,0.240506329113924,1.212007213802942e-10,1
2021-2025,RU,IL,147,84,1817,0.0809025866813428,0.000909930324575,1
2021-2025,US,IL,364,84,1817,0.2003302146395157,8.741521300807134e-09,1
2021-2025,AE,IN,156,154,7292,0.0213933077345035,0.036563835965788,1
2021-2025,AU,IN,177,154,7292,0.024273176083379,0.0232927839751737,1
2021-2025,CA,IN,175,154,7292,0.0239989029072956,0.0243162608806006,1
2021-2025,CN,IN,248,154,7292,0.034009873834339,0.0050213576887646,1
2021-2025,DE,IN,394,154,7292,0.0540318156884256,0.000203755385932,1
2021-2025,ET,IN,190,154,7292,0.026055951727921,0.0176077239711149,1
2021-2025,FR,IN,173,154,7292,0.0237246297312122,0.0253844022993579,1
2021-2025,GB,IN,692,154,7292,0.0948985189248491,2.369644301198178e-07,1
2021-2025,IL,IN,172,154,7292,0.0235874931431705,0.0259358239193144,1
2021-2025,JP,IN,196,154,7292,0.0268787712561711,0.0154718721008237,1
2021-2025,KR,IN,286,154,7292,0.0392210641799232,0.0021947818940454,1
2021-2025,MY,IN,147,154,7292,0.0201590784421283,0.0443407149129886,1
2021-2025,SG,IN,145,154,7292,0.0198848052660449,0.0462806749586766,1
2021-2025,US,IN,1559,154,7292,0.2137959407569939,1.0396762282661215e-16,1
2021-2025,EG,IQ,58,64,1191,0.0486985726280436,0.0430569584535062,1
2021-2025,GB,IQ,138,64,1191,0.1158690176322418,0.0004271165611976,1
2021-2025,IR,IQ,120,64,1191,0.1007556675062972,0.0012424979732577,1
2021-2025,MY,IQ,195,64,1191,0.163727959697733,1.2820275183196126e-05,1
2021-2025,TR,IQ,172,64,1191,0.144416456759026,5.401726845309655e-05,1
2021-2025,US,IQ,73,64,1191,0.0612930310663308,0.0185948487538871,1
2021-2025,AF,IR,42,64,602,0.0697674418604651,0.0105018727611645,1
2021-2025,CA,IR,31,64,602,0.0514950166112956,0.035768099933191,1
2021-2025,GB,IR,42,64,602,0.0697674418604651,0.0105018727611645,1
2021-2025,IQ,IR,89,64,602,0.1478405315614618,4.195802648881723e-05,1
2021-2025,US,IR,37,64,602,0.0614617940199335,0.0183854076367198,1
2021-2025,DE,IS,27,58,346,0.0780346820809248,0.0097438660059199,1
2021-2025,DK,IS,29,58,346,0.0838150289017341,0.006808325569243,1
2021-2025,GB,IS,41,58,346,0.1184971098265895,0.0007546632673851,1
2021-2025,SE,IS,30,58,346,0.0867052023121387,0.0056862516788301,1
2021-2025,US,IS,37,58,346,0.1069364161849711,0.0015859726586276,1
2021-2025,AT,IT,244,152,12359,0.019742697629258,0.049243965873489,1
2021-2025,BE,IT,313,152,12359,0.0253256735981875,0.0207868420562418,1
2021-2025,BR,IT,402,152,12359,0.0325269034711546,0.0067838064437021,1
2021-2025,CH,IT,510,152,12359,0.0412654745529573,0.0017236673415061,1
2021-2025,CN,IT,329,152,12359,0.0266202767214175,0.0170069549178906,1
2021-2025,DE,IT,952,152,12359,0.077028885832187,5.538657446018969e-06,1
2021-2025,ES,IT,1043,152,12359,0.0843919410955578,1.6525347042039915e-06,1
2021-2025,FR,IT,873,152,12359,0.0706367829112387,1.570389691929142e-05,1
2021-2025,GB,IT,1326,152,12359,0.1072902338376891,3.6078890791864943e-08,1
2021-2025,IN,IT,448,152,12359,0.0362488874504409,0.0037905196592286,1
2021-2025,IR,IT,344,152,12359,0.0278339671494457,0.0140866225637523,1
2021-2025,NL,IT,437,152,12359,0.0353588478032203,0.0043574616510343,1
2021-2025,PK,IT,336,152,12359,0.0271866655878307,0.0155760289413789,1
2021-2025,PT,IT,284,152,12359,0.0229792054373331,0.0298864881095996,1
2021-2025,US,IT,875,152,12359,0.0707986083016425,1.5296342159887456e-05,1
2021-2025,GB,JE,11,5,16,0.6875,0.0095367431640625,1
2021-2025,GB,JM,8,23,44,0.1818181818181818,0.0120975140225769,1
2021-2025,US,JM,6,23,44,0.1363636363636363,0.0397447933160368,1
2021-2025,AE,JO,48,58,852,0.056338028169014,0.0366891691476647,1
2021-2025,EG,JO,69,58,852,0.0809859154929577,0.0081164017456396,1
2021-2025,GB,JO,136,58,852,0.1596244131455399,4.954335007687156e-05,1
2021-2025,MY,JO,87,58,852,0.102112676056338,0.0021559808651039,1
2021-2025,SA,JO,94,58,852,0.1103286384976525,0.0012766969454761,1
2021-2025,US,JO,99,58,852,0.1161971830985915,0.0008755011920477,1
2021-2025,BD,JP,288,142,7088,0.0406320541760722,0.0028834587284353,1
2021-2025,CN,JP,969,142,7088,0.1367099322799097,9.956368194423512e-10,1
2021-2025,DE,JP,324,142,7088,0.0457110609480812,0.0013641574419548,1
2021-2025,FR,JP,216,142,7088,0.0304740406320541,0.0127315510015348,1
2021-2025,GB,JP,442,142,7088,0.0623589164785553,0.0001140681917426,1
2021-2025,ID,JP,362,142,7088,0.0510722347629796,0.0006164171710938,1
2021-2025,IN,JP,419,142,7088,0.0591139954853273,0.0001856599392844,1
2021-2025,KR,JP,159,142,7088,0.0224322799097065,0.040804324819468,1
2021-2025,TW,JP,163,142,7088,0.0229966139954853,0.0376136699054981,1
2021-2025,US,JP,1050,142,7088,0.14813769751693,1.5208464660037238e-10,1
2021-2025,VN,JP,154,142,7088,0.021726862302483,0.0451729143577508,1
2021-2025,DE,KE,39,91,913,0.0427163198247535,0.0196634156262523,1
2021-2025,GB,KE,99,91,913,0.108433734939759,3.264573582682584e-05,1
2021-2025,IN,KE,32,91,913,0.0350492880613362,0.0403145465214559,1
2021-2025,NG,KE,39,91,913,0.0427163198247535,0.0196634156262523,1
2021-2025,RW,KE,33,91,913,0.036144578313253,0.0363974128998794,1
2021-2025,TZ,KE,38,91,913,0.0416210295728368,0.0217948956442624,1
2021-2025,UG,KE,58,91,913,0.0635268346111719,0.0027200716714087,1
2021-2025,US,KE,94,91,913,0.1029572836801752,5.664755638240579e-05,1
2021-2025,ZA,KE,91,91,913,0.0996714129244249,7.872154345686228e-05,1
2021-2025,RU,KG,30,37,122,0.2459016393442623,3.867300151611348e-05,1
2021-2025,TR,KG,19,37,122,0.1557377049180328,0.002255205827521,1
2021-2025,AU,KH,13,49,163,0.0797546012269938,0.018508678993853,1
2021-2025,FR,KH,18,49,163,0.1104294478527607,0.0036362948920299,1
2021-2025,GB,KH,14,49,163,0.0858895705521472,0.0134256670409804,1
2021-2025,JP,KH,15,49,163,0.0920245398773006,0.0097175621649006,1
2021-2025,TH,KH,11,49,163,0.0674846625766871,0.0349532215668218,1
2021-2025,CO,KM,6,14,27,0.2222222222222222,0.0381172795696671,1
2021-2025,US,KN,7,11,22,0.3181818181818182,0.0217112977004284,1
2021-2025,BD,KR,197,119,5802,0.0339538090313684,0.0169727146886822,1
2021-2025,CN,KR,440,119,5802,0.0758359186487418,9.08640418289537e-05,1
2021-2025,DE,KR,152,119,5802,0.0261978628059289,0.0436059101540497,1
2021-2025,GB,KR,268,119,5802,0.0461909686315063,0.0037709326853754,1
2021-2025,ID,KR,206,119,5802,0.0355049982764563,0.0140409922511152,1
2021-2025,IN,KR,777,119,5802,0.1339193381592554,4.2843437807438576e-08,1
2021-2025,JP,KR,172,119,5802,0.0296449500172354,0.0286958507850272,1
2021-2025,PK,KR,292,119,5802,0.0503274732850741,0.0022579648526897,1
2021-2025,US,KR,1496,119,5802,0.2578421234057221,5.230744661167977e-16,1
2021-2025,VN,KR,251,119,5802,0.0432609445018958,0.005415434882948,1
2021-2025,GB,KW,71,50,412,0.1723300970873786,9.44063017481257e-05,1
2021-2025,JO,KW,30,50,412,0.0728155339805825,0.0246116764453735,1
2021-2025,TR,KW,25,50,412,0.0606796116504854,0.0465450713417265,1
2021-2025,US,KW,61,50,412,0.1480582524271844,0.000389121404853,1
2021-2025,CN,KZ,41,71,708,0.057909604519774,0.0153631522998104,1
2021-2025,GB,KZ,58,71,708,0.0819209039548022,0.0025211978419614,1
2021-2025,RU,KZ,180,71,708,0.2542372881355932,1.207943271612585e-09,1
2021-2025,TR,KZ,57,71,708,0.0805084745762711,0.0028076383216079,1
2021-2025,US,KZ,60,71,708,0.0847457627118644,0.0020319937726707,1
2021-2025,AU,LA,6,24,47,0.1276595744680851,0.0432292769916594,1
2021-2025,TH,LA,7,24,47,0.1489361702127659,0.0244979118736459,1
2021-2025,FR,LB,68,57,316,0.2151898734177215,1.278843792146635e-06,1
2021-2025,GB,LB,28,57,316,0.0886075949367088,0.0055399097262628,1
2021-2025,US,LB,42,57,316,0.1329113924050632,0.0003400594838572,1
2021-2025,CH,LI,12,15,38,0.3157894736842105,0.0049278390979186,1
2021-2025,AU,LK,59,58,606,0.0973597359735973,0.002912983492387,1
2021-2025,CN,LK,36,58,606,0.0594059405940594,0.030473840902183,1
2021-2025,GB,LK,158,58,606,0.2607260726072607,3.325884938637353e-08,1
2021-2025,JP,LK,36,58,606,0.0594059405940594,0.030473840902183,1
2021-2025,MY,LK,39,58,606,0.0643564356435643,0.0225576980698531,1
2021-2025,US,LK,52,58,606,0.0858085808580858,0.0060133573365634,1
2021-2025,KE,LR,7,28,62,0.1129032258064516,0.0393746766103415,1
2021-2025,NG,LR,8,28,62,0.1290322580645161,0.0239914169667766,1
2021-2025,ZA,LS,32,18,58,0.5517241379310345,1.19198564411189e-06,1
2021-2025,DE,LT,33,67,529,0.0623818525519848,0.0142467660938833,1
2021-2025,GB,LT,50,67,529,0.0945179584120983,0.0014258358532659,1
2021-2025,PK,LT,26,67,529,0.0491493383742911,0.0359263138354772,1
2021-2025,UA,LT,51,67,529,0.0964083175803402,0.0012421293452106,1
2021-2025,BE,LU,75,86,1354,0.0553914327917282,0.0078778881607379,1
2021-2025,DE,LU,187,86,1354,0.138109305760709,3.2616420248774683e-06,1
2021-2025,ES,LU,54,86,1354,0.0398818316100443,0.0314483943271277,1
2021-2025,FR,LU,187,86,1354,0.138109305760709,3.2616420248774683e-06,1
2021-2025,GB,LU,88,86,1354,0.0649926144756277,0.0033058147511492,1
2021-2025,IT,LU,83,86,1354,0.0612998522895125,0.0046215252206309,1
2021-2025,NL,LU,57,86,1354,0.0420974889217134,0.0258411297967012,1
2021-2025,US,LU,70,86,1354,0.051698670605613,0.0109759102617097,1
2021-2025,DE,LV,22,52,279,0.078853046594982,0.0151626434603469,1
2021-2025,GB,LV,20,52,279,0.07168458781362,0.0225150855349937,1
2021-2025,UA,LV,18,52,279,0.064516129032258,0.0333312428065531,1
2021-2025,GB,LY,27,34,140,0.1928571428571428,0.0008498914448305,1
2021-2025,MY,LY,19,34,140,0.1357142857142857,0.0081225434474209,1
2021-2025,US,LY,15,34,140,0.1071428571428571,0.0237577469307442,1
2021-2025,FR,MA,82,76,404,0.2029702970297029,4.0793220593953145e-08,1
2021-2025,IN,MA,17,76,404,0.042079207920792,0.0397850577797981,1
2021-2025,US,MA,33,76,404,0.0816831683168316,0.0016766439178243,1
2021-2025,FR,MC,9,10,25,0.36,0.0180143985094819,1
2021-2025,RO,MD,58,27,124,0.4677419354838709,7.571440431411867e-08,1
2021-2025,RU,MD,16,27,124,0.1290322580645161,0.0275457009618546,1
2021-2025,RS,ME,12,20,39,0.3076923076923077,0.0009240255618355,1
2021-2025,FR,MG,9,22,41,0.2195121951219512,0.0054914692187991,1
2021-2025,XK,MK,20,27,93,0.2150537634408602,0.0018443260511963,1
2021-2025,FR,ML,14,30,63,0.2222222222222222,0.0006836131160695,1
2021-2025,GB,MM,10,28,84,0.119047619047619,0.032637411640616,1
2021-2025,TH,MM,25,28,84,0.2976190476190476,7.202173688612426e-05,1
2021-2025,JP,MN,33,26,145,0.2275862068965517,0.0015712688864172,1
2021-2025,CN,MO,454,37,713,0.6367461430575035,1.4708501606191352e-16,1
2021-2025,FR,MQ,12,9,20,0.6,0.00065536,1
2021-2025,GB,MT,47,55,215,0.2186046511627907,1.6406818651277234e-06,1
2021-2025,IT,MT,23,55,215,0.1069767441860465,0.0022212094605623,1
2021-2025,GB,MU,9,19,44,0.2045454545454545,0.0162583557279317,1
2021-2025,IN,MV,22,25,94,0.2340425531914893,0.0016630734408267,1
2021-2025,NP,MV,16,25,94,0.1702127659574468,0.0113553880012414,1
2021-2025,GB,MW,49,51,254,0.1929133858267716,2.218233306024621e-05,1
2021-2025,IN,MW,18,51,254,0.0708661417322834,0.025346285211929,1
2021-2025,ZA,MW,37,51,254,0.1456692913385826,0.0003813299016495,1
2021-2025,AR,MX,143,97,4393,0.0325517869337582,0.0417120727578275,1
2021-2025,BR,MX,151,97,4393,0.0343728659230594,0.0348103386141192,1
2021-2025,CL,MX,174,97,4393,0.0396084680173002,0.0206556527164735,1
2021-2025,CO,MX,863,97,4393,0.1964488959708627,7.608450224689733e-10,1
2021-2025,CU,MX,222,97,4393,0.0505349419531072,0.0068862488321557,1
2021-2025,EC,MX,354,97,4393,0.0805827452765763,0.0003142059398674,1
2021-2025,ES,MX,549,97,4393,0.1249715456407921,2.717245449930253e-06,1
2021-2025,GB,MX,162,97,4393,0.0368768495333485,0.0271303201294573,1
2021-2025,PE,MX,270,97,4393,0.0614614158889141,0.00226675523535,1
2021-2025,US,MX,488,97,4393,0.1110858183473708,1.231811218433164e-05,1
2021-2025,AU,MY,139,101,3387,0.0410392677886034,0.0151384842190004,1
2021-2025,BD,MY,205,101,3387,0.0605255388249188,0.0019431121465568,1
2021-2025,CN,MY,608,101,3387,0.1795098907587836,2.5546712073842022e-09,1
2021-2025,GB,MY,339,101,3387,0.1000885739592559,2.630126289470145e-05,1
2021-2025,ID,MY,244,101,3387,0.072040153528196,0.0005661329564148,1
2021-2025,IN,MY,220,101,3387,0.0649542367877177,0.0012113974990724,1
2021-2025,NG,MY,143,101,3387,0.0422202539120165,0.0133833516552718,1
2021-2025,PK,MY,277,101,3387,0.0817832890463537,0.0001970240482287,1
2021-2025,BR,MZ,70,42,236,0.2966101694915254,5.432997283268116e-07,1
2021-2025,PT,MZ,53,42,236,0.2245762711864407,2.958711073675946e-05,1
2021-2025,FR,NC,19,13,37,0.5135135135135135,0.0001757314014138,1
2021-2025,CN,NG,38,113,1280,0.0296875,0.0342059875708381,1
2021-2025,GB,NG,231,113,1280,0.18046875,2.0861141895490148e-10,1
2021-2025,GH,NG,51,113,1280,0.03984375,0.0105267493633102,1
2021-2025,IN,NG,76,113,1280,0.059375,0.001053537344805,1
2021-2025,MY,NG,77,113,1280,0.06015625,0.000959916952395,1
2021-2025,US,NG,148,113,1280,0.115625,1.0550746947201654e-06,1
2021-2025,ZA,NG,121,113,1280,0.09453125,1.478523485245002e-05,1
2021-2025,CR,NI,13,36,138,0.0942028985507246,0.0313388049387225,1
2021-2025,ES,NI,14,36,138,0.1014492753623188,0.023658704321747,1
2021-2025,MX,NI,24,36,138,0.1739130434782608,0.0012471014171338,1
2021-2025,BE,NL,597,143,10036,0.0594858509366281,0.0001651495328265,1
2021-2025,BR,NL,273,143,10036,0.0272020725388601,0.0199165635748321,1
2021-2025,CH,NL,340,143,10036,0.0338780390593862,0.0074909602667292,1
2021-2025,CN,NL,591,143,10036,0.0588880031885213,0.0001807448640121,1
2021-2025,DE,NL,1070,143,10036,0.1066161817457154,1.1153408993230525e-07,1
2021-2025,ES,NL,441,143,10036,0.0439418094858509,0.0016934576992449,1
2021-2025,FR,NL,357,143,10036,0.0355719410123555,0.0058387097259717,1
2021-2025,GB,NL,990,143,10036,0.0986448784376245,3.937514525921401e-07,1
2021-2025,IN,NL,311,143,10036,0.0309884416102032,0.0114475340618632,1
2021-2025,IT,NL,564,143,10036,0.0561976883220406,0.0002710860793672,1
2021-2025,PT,NL,224,143,10036,0.0223196492626544,0.040546926389764,1
2021-2025,TR,NL,279,143,10036,0.0277999202869669,0.0182516710688779,1
2021-2025,US,NL,731,143,10036,0.0728377839776803,2.168267823463852e-05,1
2021-2025,BR,NO,93,108,3198,0.0290806754221388,0.0425203201637135,1
2021-2025,DE,NO,263,108,3198,0.08223889931207,0.0001028187075858,1
2021-2025,DK,NO,140,108,3198,0.0437773608505315,0.0083141014258337,1
2021-2025,ES,NO,117,108,3198,0.0365853658536585,0.0185360231431052,1
2021-2025,FR,NO,91,108,3198,0.0284552845528455,0.0455532053380503,1
2021-2025,GB,NO,291,108,3198,0.0909943714821763,3.686576433642476e-05,1
2021-2025,IN,NO,132,108,3198,0.0412757973733583,0.0109957523149222,1
2021-2025,IT,NO,126,108,3198,0.0393996247654784,0.0135542177569271,1
2021-2025,NL,NO,110,108,3198,0.0343964978111319,0.0236306164465778,1
2021-2025,SE,NO,232,108,3198,0.0725453408380237,0.0003164590639757,1
2021-2025,US,NO,261,108,3198,0.0816135084427767,0.0001105928680762,1
2021-2025,BD,NP,31,52,440,0.0704545454545454,0.024088081259992,1
2021-2025,CN,NP,45,52,440,0.1022727272727272,0.0040772315499016,1
2021-2025,GB,NP,28,52,440,0.0636363636363636,0.0349680582469217,1
2021-2025,IN,NP,126,52,440,0.2863636363636364,3.367639159570418e-08,1
2021-2025,US,NP,33,52,440,0.075,0.0187598071566098,1
2021-2025,AU,NZ,221,94,1763,0.125354509359047,3.89387236252289e-06,1
2021-2025,CN,NZ,156,94,1763,0.0884855360181508,0.0001811388036836,1
2021-2025,DE,NZ,58,94,1763,0.0328984685195689,0.0445556317344039,1
2021-2025,GB,NZ,233,94,1763,0.1321610890527509,1.8829466802771684e-06,1
2021-2025,IN,NZ,59,94,1763,0.0334656834940442,0.0421897416733294,1
2021-2025,LK,NZ,61,94,1763,0.0346001134429948,0.0378245387535849,1
2021-2025,US,NZ,198,94,1763,0.1123085649461145,1.5430100375452185e-05,1
2021-2025,EG,OM,48,65,634,0.0757097791798107,0.0064823864891633,1
2021-2025,GB,OM,71,65,634,0.11198738170347,0.0004998328162065,1
2021-2025,IN,OM,87,65,634,0.1372239747634069,7.89725899014544e-05,1
2021-2025,IR,OM,34,65,634,0.0536277602523659,0.0293742996016812,1
2021-2025,MY,OM,48,65,634,0.0757097791798107,0.0064823864891633,1
2021-2025,PK,OM,67,65,634,0.1056782334384858,0.0007863271384809,1
2021-2025,CO,PA,233,47,630,0.3698412698412698,5.952481252248197e-10,1
2021-2025,ES,PA,75,47,630,0.119047619047619,0.0029363779134425,1
2021-2025,MX,PA,46,47,630,0.073015873015873,0.030572129624434,1
2021-2025,US,PA,52,47,630,0.0825396825396825,0.01901145222318,1
2021-2025,AR,PE,125,70,2460,0.0508130081300813,0.0273698658083447,1
2021-2025,BR,PE,248,70,2460,0.1008130081300813,0.000654110426037,1
2021-2025,CL,PE,132,70,2460,0.0536585365853658,0.0222486135386622,1
2021-2025,CO,PE,153,70,2460,0.0621951219512195,0.0119058835874842,1
2021-2025,EC,PE,205,70,2460,0.0833333333333333,0.0024693878025428,1
2021-2025,ES,PE,515,70,2460,0.2093495934959349,9.139667585980101e-08,1
2021-2025,MX,PE,208,70,2460,0.0845528455284552,0.0022526631577965,1
2021-2025,US,PE,301,70,2460,0.1223577235772357,0.0001227184696843,1
2021-2025,FR,PF,13,12,24,0.5416666666666666,0.0001874976711723,1
2021-2025,AU,PG,11,22,55,0.2,0.0092233720368547,1
2021-2025,IN,PG,9,22,55,0.1636363636363636,0.0234583783165955,1
2021-2025,AU,PH,36,76,736,0.0489130434782608,0.0232550311592956,1
2021-2025,CN,PH,61,76,736,0.0828804347826086,0.0015203615824452,1
2021-2025,GB,PH,42,76,736,0.0570652173913043,0.0121933828143723,1
2021-2025,JP,PH,69,76,736,0.09375,0.000621729491471,1
2021-2025,KR,PH,37,76,736,0.0502717391304347,0.0208906573410087,1
2021-2025,TH,PH,39,76,736,0.0529891304347826,0.0168508682111581,1
2021-2025,TW,PH,32,76,736,0.0434782608695652,0.0356544187101967,1
2021-2025,US,PH,124,76,736,0.1684782608695652,9.784093303919029e-07,1
2021-2025,CN,PK,581,89,2080,0.2793269230769231,3.026705834450764e-13,1
2021-2025,GB,PK,219,89,2080,0.1052884615384615,5.59895992210694e-05,1
2021-2025,KR,PK,90,89,2080,0.0432692307692307,0.0203937573348581,1
2021-2025,MY,PK,186,89,2080,0.0894230769230769,0.0002629446228292,1
2021-2025,SA,PK,74,89,2080,0.035576923076923,0.0412618073956185,1
2021-2025,US,PK,224,89,2080,0.1076923076923077,4.418634193045396e-05,1
2021-2025,DE,PL,232,113,3525,0.0658156028368794,0.0004880364406477,1
2021-2025,ES,PL,121,113,3525,0.0343262411347517,0.019998994894866,1
2021-2025,FR,PL,139,113,3525,0.0394326241134751,0.0110437669624175,1
2021-2025,GB,PL,258,113,3525,0.0731914893617021,0.000200854456687,1
2021-2025,IN,PL,335,113,3525,0.0950354609929078,1.389104485677011e-05,1
2021-2025,IT,PL,169,113,3525,0.0479432624113475,0.0040760270067816,1
2021-2025,TR,PL,129,113,3525,0.036595744680851,0.0153659263546572,1
2021-2025,UA,PL,310,113,3525,0.0879432624113475,3.330027840971514e-05,1
2021-2025,US,PL,213,113,3525,0.0604255319148936,0.0009295979556725,1
2021-2025,US,PR,211,29,328,0.6432926829268293,2.9156574903029225e-13,1
2021-2025,EG,PS,19,45,211,0.0900473933649289,0.0157335248301567,1
2021-2025,IL,PS,19,45,211,0.0900473933649289,0.0157335248301567,1
2021-2025,JO,PS,19,45,211,0.0900473933649289,0.0157335248301567,1
2021-2025,TR,PS,17,45,211,0.0805687203791469,0.0248226465747145,1
2021-2025,US,PS,15,45,211,0.0710900473933649,0.0389797551322508,1
2021-2025,AO,PT,149,138,6540,0.022782874617737,0.0425379428782214,1
2021-2025,BE,PT,155,138,6540,0.0237003058103975,0.0374017565199352,1
2021-2025,BR,PT,1945,138,6540,0.2974006116207951,9.976176715148868e-22,1
2021-2025,DE,PT,237,138,6540,0.0362385321100917,0.0063654565170244,1
2021-2025,ES,PT,804,138,6540,0.1229357798165137,1.5678374138688903e-08,1
2021-2025,FR,PT,258,138,6540,0.0394495412844036,0.0040296300094271,1
2021-2025,GB,PT,455,138,6540,0.069571865443425,5.1232823514523616e-05,1
2021-2025,IT,PT,275,138,6540,0.0420489296636085,0.0027799424148208,1
2021-2025,NL,PT,171,138,6540,0.0261467889908256,0.0265222019070089,1
2021-2025,US,PT,298,138,6540,0.045565749235474,0.0016795935287539,1
2021-2025,BR,PY,189,34,398,0.4748743718592965,5.870648298362022e-10,1
2021-2025,ES,PY,43,34,398,0.1080402010050251,0.0229823414334465,1
2021-2025,GB,QA,106,76,907,0.1168687982359426,8.951424990796936e-05,1
2021-2025,IN,QA,74,76,907,0.0815876515986769,0.0016897738152707,1
2021-2025,JO,QA,45,76,907,0.0496141124586549,0.0220038364033032,1
2021-2025,PK,QA,66,76,907,0.0727673649393605,0.0034606139596649,1
2021-2025,TR,QA,45,76,907,0.0496141124586549,0.0220038364033032,1
2021-2025,US,QA,82,76,907,0.0904079382579933,0.0008194068906235,1
2021-2025,FR,RE,30,15,50,0.6,2.684354560000002e-06,1
2021-2025,DE,RO,50,88,646,0.0773993808049535,0.0009040564142269,1
2021-2025,ES,RO,23,88,646,0.0356037151702786,0.0426806469470905,1
2021-2025,FR,RO,64,88,646,0.0990712074303405,0.0001143064136343,1
2021-2025,GB,RO,67,88,646,0.1037151702786377,7.291316975169021e-05,1
2021-2025,HU,RO,25,88,646,0.0386996904024767,0.0322656300357922,1
2021-2025,IT,RO,32,88,646,0.0495356037151702,0.0120342553870425,1
2021-2025,MD,RO,37,88,646,0.0572755417956656,0.0059084748804194,1
2021-2025,US,RO,44,88,646,0.0681114551083591,0.0021610542725508,1
2021-2025,BA,RS,26,68,397,0.0654911838790932,0.0106927149911222,1
2021-2025,DE,RS,22,68,397,0.0554156171284634,0.0219346639219566,1
2021-2025,GB,RS,21,68,397,0.052896725440806,0.0262193340657586,1
2021-2025,IT,RS,31,68,397,0.0780856423173803,0.0043079312945726,1
2021-2025,RU,RS,32,68,397,0.0806045340050377,0.0035863937206072,1
2021-2025,US,RS,28,68,397,0.070528967254408,0.0074439351248973,1
2021-2025,CN,RU,125,116,1473,0.0848608282416836,3.724103274141073e-05,1
2021-2025,DE,RU,55,116,1473,0.0373387644263408,0.0125733400257543,1
2021-2025,GB,RU,52,116,1473,0.0353021045485403,0.0160325674152866,1
2021-2025,IN,RU,58,116,1473,0.0393754243041412,0.0098554100166275,1
2021-2025,KZ,RU,60,116,1473,0.0407331975560081,0.0083759239540723,1
2021-2025,NG,RU,90,116,1473,0.0610997963340122,0.0007099615447247,1
2021-2025,UA,RU,108,116,1473,0.0733197556008146,0.0001573761879637,1
2021-2025,US,RU,79,116,1473,0.053632043448744,0.0017656438080337,1
2021-2025,UZ,RU,55,116,1473,0.0373387644263408,0.0125733400257543,1
2021-2025,CN,RW,34,68,422,0.0805687203791469,0.0035957658243077,1
2021-2025,KE,RW,54,68,422,0.1279620853080568,0.0001037217024947,1
2021-2025,NG,RW,34,68,422,0.0805687203791469,0.0035957658243077,1
2021-2025,UG,RW,19,68,422,0.0450236966824644,0.0456566326030844,1
2021-2025,US,RW,36,68,422,0.0853080568720379,0.0025434031133994,1
2021-2025,AU,SA,126,104,3315,0.0380090497737556,0.0184761555425889,1
2021-2025,CN,SA,172,104,3315,0.0518853695324283,0.0041368271258127,1
2021-2025,EG,SA,319,104,3315,0.0962292609351433,2.9785332838803597e-05,1
2021-2025,GB,SA,416,104,3315,0.1254901960784313,1.004066111328704e-06,1
2021-2025,IN,SA,224,104,3315,0.0675716440422322,0.000741982477542,1
2021-2025,MY,SA,109,104,3315,0.0328808446455505,0.0319476180489001,1
2021-2025,PK,SA,229,104,3315,0.0690799396681749,0.000628023746837,1
2021-2025,SD,SA,118,104,3315,0.0355957767722473,0.0239159514809658,1
2021-2025,US,SA,430,104,3315,0.1297134238310709,6.098391891919209e-07,1
2021-2025,CN,SD,10,42,137,0.072992700729927,0.044710477263259,1
2021-2025,GB,SD,14,42,137,0.1021897810218978,0.0120383319785807,1
2021-2025,MY,SD,11,42,137,0.0802919708029197,0.0323332303584376,1
2021-2025,SA,SD,15,42,137,0.1094890510948905,0.0086140979198623,1
2021-2025,ZA,SD,10,42,137,0.072992700729927,0.044710477263259,1
2021-2025,BR,SE,164,130,6546,0.025053467766575,0.0378898648539144,1
2021-2025,CH,SE,171,130,6546,0.0261228230980751,0.032888212455068,1
2021-2025,CN,SE,304,130,6546,0.046440574396578,0.0021670127825339,1
2021-2025,DE,SE,587,130,6546,0.0896730827986556,5.450829459177781e-06,1
2021-2025,DK,SE,258,130,6546,0.0394133822181484,0.0055874369522556,1
2021-2025,ES,SE,311,130,6546,0.0475099297280782,0.0018749899001487,1
2021-2025,FI,SE,172,130,6546,0.0262755881454323,0.0322293467799025,1
2021-2025,FR,SE,300,130,6546,0.0458295142071494,0.0023537009409652,1
2021-2025,GB,SE,481,130,6546,0.0734799877787962,5.299925266861117e-05,1
2021-2025,IN,SE,400,130,6546,0.0611060189428658,0.0002934509963055,1
2021-2025,IT,SE,288,130,6546,0.0439963336388634,0.0030149697640326,1
2021-2025,NL,SE,220,130,6546,0.0336083104185762,0.0121551709854716,1
2021-2025,NO,SE,164,130,6546,0.025053467766575,0.0378898648539144,1
2021-2025,US,SE,498,130,6546,0.076076993583868,3.689910363207104e-05,1
2021-2025,AU,SG,242,80,4249,0.0569545775476582,0.0097291812935694,1
2021-2025,CN,SG,1399,80,4249,0.3292539421040245,1.986516536344432e-14,1
2021-2025,GB,SG,440,80,4249,0.1035537773593786,0.0001775886002477,1
2021-2025,IN,SG,307,80,4249,0.0722522946575664,0.0026727677318871,1
2021-2025,US,SG,501,80,4249,0.1179100964932925,4.9603833259427657e-05,1
2021-2025,AT,SI,25,61,507,0.04930966469428,0.0481221180696193,1
2021-2025,DE,SI,28,61,507,0.0552268244575936,0.0330866840925874,1
2021-2025,GB,SI,39,61,507,0.0769230769230769,0.0082086856440373,1
2021-2025,HR,SI,33,61,507,0.0650887573964497,0.0176288077023677,1
2021-2025,IT,SI,50,61,507,0.0986193293885601,0.001970128003753,1
2021-2025,US,SI,28,61,507,0.0552268244575936,0.0330866840925874,1
2021-2025,DE,SJ,9,14,38,0.2368421052631578,0.0297842875895232,1
2021-2025,NO,SJ,10,14,38,0.2631578947368421,0.0188741608301468,1
2021-2025,CZ,SK,127,67,594,0.2138047138047138,1.273528735238932e-07,1
2021-2025,DE,SK,28,67,594,0.0471380471380471,0.0413027615131839,1
2021-2025,IN,SK,38,67,594,0.0639730639730639,0.0127359362244356,1
2021-2025,UA,SK,58,67,594,0.0976430976430976,0.0011349343770905,1
2021-2025,CN,SL,12,30,79,0.1518987341772152,0.0084136342901413,1
2021-2025,NG,SL,9,30,79,0.1139240506329113,0.0299679829532532,1
2021-2025,US,SL,8,30,79,0.1012658227848101,0.0452174914804417,1
2021-2025,FR,SN,42,44,191,0.2198952879581152,2.304489587005372e-05,1
2021-2025,ET,SO,19,45,187,0.1016042780748663,0.0089655659251188,1
2021-2025,KE,SO,17,45,187,0.0909090909090909,0.0150911332232634,1
2021-2025,MY,SO,15,45,187,0.0802139037433155,0.0252476508859157,1
2021-2025,TR,SO,18,45,187,0.0962566844919786,0.0116408398759968,1
2021-2025,UG,SO,17,45,187,0.0909090909090909,0.0150911332232634,1
2021-2025,KE,SS,6,38,74,0.081081081081081,0.0437780224954553,1
2021-2025,UG,SS,11,38,74,0.1486486486486486,0.0025943388530568,1
2021-2025,PT,ST,10,7,21,0.4761904761904761,0.0206557202231403,1
2021-2025,ES,SV,27,28,158,0.170886075949367,0.006347221218136,1
2021-2025,MX,SV,23,28,158,0.1455696202531645,0.0142978389732129,1
2021-2025,US,SV,18,28,158,0.1139240506329113,0.0381694248186232,1
2021-2025,US,SX,6,6,13,0.4615384615384615,0.0452661375248119,1
2021-2025,ZA,SZ,18,28,56,0.3214285714285714,2.838444320828064e-05,1
2021-2025,CM,TD,7,18,28,0.25,0.0075169468182139,1
2021-2025,CN,TH,181,80,1738,0.1041426927502876,0.0001686042027581,1
2021-2025,GB,TH,128,80,1738,0.0736478711162255,0.0023730790735431,1
2021-2025,ID,TH,129,80,1738,0.074223245109321,0.0022594122908713,1
2021-2025,IN,TH,127,80,1738,0.07307249712313,0.0024923882560221,1
2021-2025,JP,TH,117,80,1738,0.0673187571921749,0.0040637424546916,1
2021-2025,MM,TH,74,80,1738,0.0425776754890678,0.0321499600442626,1
2021-2025,PH,TH,69,80,1738,0.0397008055235903,0.0407491543802013,1
2021-2025,PK,TH,75,80,1738,0.0431530494821634,0.0306588380564028,1
2021-2025,US,TH,164,80,1738,0.0943613348676639,0.0003975955517519,1
2021-2025,RU,TJ,13,14,27,0.4814814814814814,0.0001958553908051,1
2021-2025,FR,TN,31,47,201,0.154228855721393,0.0004504345986847,1
2021-2025,IQ,TN,14,47,201,0.0696517412935323,0.0361156353432986,1
2021-2025,SA,TN,37,47,201,0.1840796019900497,8.625779832270166e-05,1
2021-2025,US,TN,13,47,201,0.0646766169154228,0.0461575155622139,1
2021-2025,AZ,TR,122,132,3511,0.0347479350612361,0.0097260580591378,1
2021-2025,CY,TR,141,132,3511,0.0401594987183138,0.0046567010082949,1
2021-2025,DE,TR,205,132,3511,0.0583879236684705,0.0003777761966067,1
2021-2025,GB,TR,459,132,3511,0.1307319851894047,1.0693864479269912e-08,1
2021-2025,IQ,TR,94,132,3511,0.0267729991455425,0.028579429992418,1
2021-2025,IR,TR,174,132,3511,0.0495585303332383,0.0012829933691062,1
2021-2025,IT,TR,90,132,3511,0.0256337225861577,0.0333130240449801,1
2021-2025,PK,TR,108,132,3511,0.0307604671033893,0.0166907814918695,1
2021-2025,US,TR,494,132,3511,0.1407006550840216,2.36008134984985e-09,1
2021-2025,GB,TT,10,23,42,0.238095238095238,0.0025224068334262,1
2021-2025,CN,TW,126,91,2585,0.048742746615087,0.0111382847849737,1
2021-2025,GB,TW,149,91,2585,0.0576402321083172,0.0047808628790204,1
2021-2025,ID,TW,269,91,2585,0.1040618955512572,5.070148578016025e-05,1
2021-2025,IN,TW,345,91,2585,0.1334622823984526,2.516937210193869e-06,1
2021-2025,JP,TW,144,91,2585,0.055705996131528,0.0057497753789793,1
2021-2025,PH,TW,87,91,2585,0.0336557059961315,0.0459060361911009,1
2021-2025,US,TW,518,91,2585,0.2003868471953578,1.8163252807191745e-09,1
2021-2025,VN,TW,175,91,2585,0.0676982591876208,0.0018200552136111,1
2021-2025,CN,TZ,34,56,406,0.083743842364532,0.0081457269236425,1
2021-2025,GB,TZ,35,56,406,0.0862068965517241,0.0070247873499772,1
2021-2025,IN,TZ,25,56,406,0.0615763546798029,0.030334847459657,1
2021-2025,KE,TZ,30,56,406,0.0738916256157635,0.0146689701313853,1
2021-2025,US,TZ,34,56,406,0.083743842364532,0.0081457269236425,1
2021-2025,ZA,TZ,24,56,406,0.0591133004926108,0.0350391137858441,1
2021-2025,CN,UA,41,64,644,0.0636645962732919,0.0158555393999255,1
2021-2025,DE,UA,73,64,644,0.1133540372670807,0.0005108168043501,1
2021-2025,PL,UA,96,64,644,0.1490683229813664,3.831470982982586e-05,1
2021-2025,RU,UA,43,64,644,0.0667701863354037,0.0128612177879857,1
2021-2025,US,UA,78,64,644,0.1211180124223602,0.0002935117698567,1
2021-2025,GB,UG,53,70,584,0.0907534246575342,0.0014094040134377,1
2021-2025,IN,UG,31,70,584,0.0530821917808219,0.0232031853513704,1
2021-2025,KE,UG,47,70,584,0.0804794520547945,0.003060125673665,1
2021-2025,NG,UG,67,70,584,0.1147260273972602,0.0002230288385382,1
2021-2025,US,UG,56,70,584,0.0958904109589041,0.0009533540241352,1
2021-2025,ZA,UG,45,70,584,0.0770547945205479,0.0039549258655473,1
2021-2025,BR,UM,8,7,16,0.5,0.015625,1
2021-2025,AU,US,1135,207,68670,0.0165283238677734,0.0322806671663752,1
2021-2025,BD,US,2550,207,68670,0.037134119702927,0.0004116748027374,1
2021-2025,BR,US,3350,207,68670,0.0487840396097276,3.353516952543785e-05,1
2021-2025,CA,US,3621,207,68670,0.0527304499781564,1.4241537889219811e-05,1
2021-2025,CH,US,1359,207,68670,0.0197903014416775,0.0162821977614337,1
2021-2025,CN,US,5634,207,68670,0.0820445609436435,2.1940649923123163e-08,1
2021-2025,CO,US,1226,207,68670,0.0178535022571719,0.0244518711662819,1
2021-2025,DE,US,2631,207,68670,0.0383136740934906,0.0003198076352229,1
2021-2025,ES,US,1520,207,68670,0.0221348478229212,0.0099418622114158,1
2021-2025,FR,US,1487,207,68670,0.0216542886267656,0.0110007727422765,1
2021-2025,GB,US,4576,207,68670,0.0666375418668996,6.766556278525629e-07,1
2021-2025,IN,US,8615,207,68670,0.1254550749963594,1.0165237404916097e-12,1
2021-2025,IR,US,1555,207,68670,0.0226445318188437,0.0089294499766139,1
2021-2025,IT,US,1297,207,68670,0.0188874326489005,0.0196825236821586,1
2021-2025,JP,US,1681,207,68670,0.0244793942041648,0.0060632874654708,1
2021-2025,KR,US,2754,207,68670,0.0401048492791612,0.000217822290736,1
2021-2025,MX,US,1120,207,68670,0.0163098878695209,0.0337917768473115,1
2021-2025,NG,US,1519,207,68670,0.0221202854230377,0.0099724080484263,1
2021-2025,TR,US,1287,207,68670,0.0187418086500655,0.0202935864383654,1
2021-2025,AR,UY,74,40,365,0.2027397260273972,0.0001453465931711,1
2021-2025,BR,UY,65,40,365,0.1780821917808219,0.0004767681337019,1
2021-2025,ES,UY,46,40,365,0.1260273972602739,0.0052289552539019,1
2021-2025,US,UY,32,40,365,0.0876712328767123,0.0279192272020736,1
2021-2025,CN,UZ,29,55,489,0.0593047034764826,0.036833629737477,1
2021-2025,IN,UZ,48,55,489,0.0981595092024539,0.0037757691922027,1
2021-2025,KR,UZ,53,55,489,0.1083844580777096,0.002039820855741,1
2021-2025,RU,UZ,126,55,489,0.2576687116564417,1.0286777807955521e-07,1
2021-2025,IT,VA,11,6,16,0.6875,0.0029802322387695,1
2021-2025,CO,VE,234,40,623,0.3756019261637239,1.0543884307596328e-08,1
2021-2025,EC,VE,84,40,623,0.1348314606741573,0.0035231247599647,1
2021-2025,ES,VE,66,40,623,0.1059390048154093,0.0126858272206962,1
2021-2025,BR,VI,8,15,36,0.2222222222222222,0.0296467729986299,1
2021-2025,US,VI,11,15,36,0.3055555555555556,0.0060663171356458,1
2021-2025,AU,VN,158,73,1483,0.1065407956844234,0.0003001790380952,1
2021-2025,FR,VN,97,73,1483,0.0654079568442346,0.0076699000732905,1
2021-2025,GB,VN,117,73,1483,0.078894133513149,0.0026933170403294,1
2021-2025,JP,VN,134,73,1483,0.0903573836817262,0.0010931946618493,1
2021-2025,KR,VN,217,73,1483,0.1463250168577208,1.1299622507336765e-05,1
2021-2025,TW,VN,111,73,1483,0.0748482805124747,0.003692607476235,1
2021-2025,US,VN,120,73,1483,0.0809170600134861,0.0022989988077856,1
2021-2025,AL,XK,31,32,127,0.2440944881889764,0.0001708019696592,1
2021-2025,MK,XK,24,32,127,0.1889763779527559,0.0015136958359655,1
2021-2025,CN,YE,10,36,113,0.0884955752212389,0.039044273183029,1
2021-2025,EG,YE,11,36,113,0.0973451327433628,0.0277498404048603,1
2021-2025,IN,YE,17,36,113,0.1504424778761062,0.0033246630327038,1
2021-2025,DE,ZA,74,117,2567,0.0288274250097389,0.0336034246762163,1
2021-2025,GB,ZA,242,117,2567,0.094273470977795,1.0272171753932853e-05,1
2021-2025,GH,ZA,109,117,2567,0.0424620179197506,0.0065177417106492,1
2021-2025,IN,ZA,136,117,2567,0.0529801324503311,0.0018098994995038,1
2021-2025,KE,ZA,111,117,2567,0.0432411375146084,0.0059304722833896,1
2021-2025,NG,ZA,356,117,2567,0.1386832878846903,3.012266370245424e-08,1
2021-2025,US,ZA,204,117,2567,0.0794701986754966,6.735827295614591e-05,1
2021-2025,ZW,ZA,218,117,2567,0.0849240358395013,3.380875515988487e-05,1
2021-2025,GB,ZM,34,48,261,0.1302681992337164,0.0014161571297341,1
2021-2025,IN,ZM,17,48,261,0.0651340996168582,0.0421908226058477,1
2021-2025,MW,ZM,17,48,261,0.0651340996168582,0.0421908226058477,1
2021-2025,ZA,ZM,38,48,261,0.1455938697318007,0.0006140796681536,1
2021-2025,ZA,ZW,130,51,258,0.5038759689922481,6.018845345220961e-16,1
