year,country,continent,centrality_score,rank
1980,EG,Africa,0.005124,31.0
1980,AE,Asia,0.000918,88.0
1980,GB,Europe,0.127473,2.0
1980,HR,Europe,0.001148,72.0
1980,AL,Europe,0.000568,111.0
1980,RU,Europe,0.014271,12.0
1980,AM,Asia,0.000646,109.0
1980,BR,South America,0.020446,10.0
1980,AR,South America,0.002428,47.0
1980,PE,South America,0.003477,39.0
1980,US,North America,0.263861,1.0
1980,AS,Oceania,0.001054,74.0
1980,CH,Europe,0.024131,8.0
1980,AT,Europe,0.007558,22.0
1980,CO,South America,0.004611,33.0
1980,CU,North America,0.002091,51.0
1980,IN,Asia,0.008095,21.0
1980,IR,Asia,0.007117,24.0
1980,IT,Europe,0.030479,7.0
1980,MX,North America,0.021627,9.0
1980,PL,Europe,0.003535,38.0
1980,PT,Europe,0.008511,19.0
1980,CA,North America,0.056619,3.0
1980,AU,Oceania,0.032916,6.0
1980,CL,South America,0.002075,52.0
1980,CN,Asia,0.001054,74.0
1980,DE,Europe,0.051243,4.0
1980,IL,Asia,0.015188,11.0
1980,JP,Asia,0.011178,16.0
1980,LK,Asia,0.000971,86.0
1980,NZ,Oceania,0.006885,26.0
1980,ZA,Africa,0.006941,25.0
1980,BD,Asia,0.000189,128.0
1980,AZ,Asia,0.000455,114.0
1980,BA,Europe,0.000792,97.0
1980,RS,Europe,0.000906,92.0
1980,BE,Europe,0.011034,17.0
1980,CD,Africa,0.000796,96.0
1980,FR,Europe,0.041456,5.0
1980,GR,Europe,0.01288,13.0
1980,KE,Africa,0.002621,45.0
1980,MY,Asia,0.006733,27.0
1980,UY,South America,0.001054,74.0
1980,BF,Africa,0.000848,93.0
1980,CZ,Europe,0.001275,69.0
1980,BG,Europe,0.001692,57.0
1980,IQ,Asia,0.001401,65.0
1980,BH,Asia,0.000315,126.0
1980,CI,Africa,0.000189,128.0
1980,VE,South America,0.00924,18.0
1980,BT,Asia,0.00034,123.0
1980,BW,Africa,0.001447,63.0
1980,BY,Europe,0.001382,66.0
1980,UZ,Asia,0.001004,83.0
1980,BS,North America,0.000189,128.0
1980,ES,Europe,0.01243,14.0
1980,GH,Africa,0.000189,128.0
1980,HK,Asia,0.003337,40.0
1980,IE,Europe,0.003895,36.0
1980,NL,Europe,0.011739,15.0
1980,SA,Asia,0.0046,34.0
1980,TR,Asia,0.005735,30.0
1980,DZ,Africa,0.001759,55.0
1980,FI,Europe,0.006151,28.0
1980,LB,Asia,0.002099,50.0
1980,SE,Europe,0.008401,20.0
1980,PY,South America,0.000189,128.0
1980,CM,Africa,0.001054,74.0
1980,CR,North America,0.002984,42.0
1980,GT,North America,0.001054,74.0
1980,HU,Europe,0.00328,41.0
1980,SK,Europe,0.000417,115.0
1980,UA,Europe,0.005776,29.0
1980,CV,Africa,0.000461,113.0
1980,CY,Europe,0.000743,99.0
1980,KR,Asia,0.001054,74.0
1980,ML,Africa,0.000189,128.0
1980,MT,Europe,0.000779,98.0
1980,RO,Europe,0.001002,85.0
1980,TH,Asia,0.00189,54.0
1980,DK,Europe,0.004429,35.0
1980,JM,North America,0.00093,87.0
1980,EC,South America,0.000316,125.0
1980,DO,North America,0.000189,128.0
1980,ET,Africa,0.002611,46.0
1980,JO,Asia,0.001648,58.0
1980,MA,Africa,0.002317,48.0
1980,TN,Africa,0.000821,94.0
1980,ID,Asia,0.001054,74.0
1980,IS,Europe,0.001694,56.0
1980,JE,Europe,0.000743,99.0
1980,NG,Africa,0.007204,23.0
1980,NO,Europe,0.003844,37.0
1980,PH,Asia,0.002859,43.0
1980,PK,Asia,0.000743,99.0
1980,SG,Asia,0.002851,44.0
1980,SZ,Africa,0.000189,128.0
1980,TW,Asia,0.004861,32.0
1980,ZM,Africa,0.001296,68.0
1980,GE,Asia,0.000417,115.0
1980,MQ,North America,0.000189,128.0
1980,GP,North America,0.000377,120.0
1980,LR,Africa,0.000189,128.0
1980,GW,Africa,0.000733,107.0
1980,SI,Europe,0.000189,128.0
1980,VN,Asia,0.001428,64.0
1980,BQ,North America,0.000189,128.0
1980,BB,North America,0.000189,128.0
1980,TZ,Africa,0.000355,121.0
1980,UG,Africa,0.000708,108.0
1980,KG,Asia,0.000417,115.0
1980,KW,Asia,0.001054,74.0
1980,KY,North America,0.000743,99.0
1980,KZ,Asia,0.001973,53.0
1980,LS,Africa,0.000916,90.0
1980,LT,Europe,0.001103,73.0
1980,LV,Europe,0.000742,105.0
1980,LY,Africa,0.001608,60.0
1980,MD,Europe,0.001004,83.0
1980,ME,Europe,0.000414,119.0
1980,MN,Asia,0.000742,105.0
1980,MU,Africa,0.000743,99.0
1980,PA,North America,0.002106,49.0
1980,SV,North America,0.000189,128.0
1980,MZ,Africa,0.000355,121.0
1980,NE,Africa,0.000264,127.0
1980,NI,North America,0.001565,61.0
1980,NP,Asia,0.00034,123.0
1980,NR,Oceania,0.000417,115.0
1980,OM,Asia,0.000916,90.0
1980,HN,North America,0.000189,128.0
1980,PG,Oceania,0.001493,62.0
1980,PR,North America,0.00137,67.0
1980,PS,Asia,0.000608,110.0
1980,ST,Africa,0.000189,128.0
1980,TJ,Asia,0.000189,128.0
1980,TM,Asia,0.000189,128.0
1980,SB,Oceania,0.000743,99.0
1980,SD,Africa,0.001273,70.0
1980,SL,Africa,0.001054,74.0
1980,SN,Africa,0.000821,94.0
1980,SO,Africa,0.000505,112.0
1980,SY,Asia,0.000918,88.0
1980,FJ,Oceania,0.000189,128.0
1980,MW,Africa,0.000189,128.0
1980,TT,North America,0.000189,128.0
1980,VI,North America,0.000189,128.0
1980,YE,Asia,0.001224,71.0
1980,ZW,Africa,0.001622,59.0
1981,RU,Europe,0.012374,14.0
1981,AM,Asia,0.000433,103.0
1981,GB,Europe,0.117346,2.0
1981,AO,Africa,0.001035,77.0
1981,PT,Europe,0.010019,17.0
1981,BR,South America,0.022322,8.0
1981,AR,South America,0.003563,41.0
1981,CH,Europe,0.021049,9.0
1981,SA,Asia,0.004177,35.0
1981,US,North America,0.265026,1.0
1981,UY,South America,0.000177,115.0
1981,DE,Europe,0.053251,5.0
1981,AT,Europe,0.006721,24.0
1981,IQ,Asia,0.002268,53.0
1981,IT,Europe,0.023762,7.0
1981,PL,Europe,0.003649,40.0
1981,AU,Oceania,0.025216,6.0
1981,CA,North America,0.071015,3.0
1981,IN,Asia,0.006104,27.0
1981,LK,Asia,0.001289,62.0
1981,NL,Europe,0.01264,13.0
1981,NZ,Oceania,0.006651,25.0
1981,PK,Asia,0.001574,60.0
1981,SG,Asia,0.002521,50.0
1981,AZ,Asia,0.001205,65.0
1981,UA,Europe,0.005491,29.0
1981,HR,Europe,0.000737,92.0
1981,BA,Europe,0.00042,106.0
1981,BD,Asia,0.000177,115.0
1981,BE,Europe,0.007314,20.0
1981,BO,South America,0.000177,115.0
1981,CO,South America,0.005433,30.0
1981,EG,Africa,0.003677,39.0
1981,ES,Europe,0.011078,16.0
1981,FR,Europe,0.055773,4.0
1981,ID,Asia,0.000913,85.0
1981,MX,North America,0.019811,10.0
1981,ZA,Africa,0.006811,22.0
1981,BG,Europe,0.000791,89.0
1981,CL,South America,0.00241,51.0
1981,CZ,Europe,0.000949,81.0
1981,PE,South America,0.003533,42.0
1981,UG,Africa,0.000177,115.0
1981,BW,Africa,0.000352,110.0
1981,BY,Europe,0.000946,82.0
1981,BZ,North America,0.001057,72.0
1981,CN,Asia,0.004038,38.0
1981,GR,Europe,0.006625,26.0
1981,IE,Europe,0.006951,21.0
1981,JP,Asia,0.015333,12.0
1981,LB,Asia,0.000177,115.0
1981,NG,Africa,0.009219,18.0
1981,SE,Europe,0.012023,15.0
1981,TR,Asia,0.004176,36.0
1981,TW,Asia,0.00504,33.0
1981,VE,South America,0.006788,23.0
1981,ZM,Africa,0.000638,97.0
1981,CD,Africa,0.000955,78.0
1981,CG,Africa,0.000412,107.0
1981,NO,Europe,0.005327,32.0
1981,BF,Africa,0.000177,115.0
1981,CM,Africa,0.000352,110.0
1981,HK,Asia,0.001187,66.0
1981,EC,South America,0.002839,47.0
1981,PA,North America,0.000902,87.0
1981,CR,North America,0.001936,56.0
1981,CU,North America,0.003413,43.0
1981,DO,North America,0.000412,107.0
1981,YE,Asia,0.000177,115.0
1981,SN,Africa,0.001122,67.0
1981,CV,Africa,0.001288,63.0
1981,DZ,Africa,0.002409,52.0
1981,FI,Europe,0.001773,58.0
1981,HU,Europe,0.000941,84.0
1981,IL,Asia,0.018983,11.0
1981,IR,Asia,0.008493,19.0
1981,RO,Europe,0.001084,71.0
1981,SY,Asia,0.001934,57.0
1981,TZ,Africa,0.001099,68.0
1981,DK,Europe,0.005416,31.0
1981,IS,Europe,0.005727,28.0
1981,SD,Africa,0.00079,90.0
1981,ET,Africa,0.000728,94.0
1981,ER,Africa,0.000177,115.0
1981,CI,Africa,0.000177,115.0
1981,MA,Africa,0.003387,44.0
1981,MQ,North America,0.000177,115.0
1981,TH,Asia,0.001618,59.0
1981,TN,Africa,0.003288,45.0
1981,GA,Africa,0.000955,78.0
1981,AE,Asia,0.000177,115.0
1981,GH,Africa,0.001057,72.0
1981,JO,Asia,0.004113,37.0
1981,KE,Africa,0.000913,85.0
1981,KR,Asia,0.005,34.0
1981,LT,Europe,0.000433,103.0
1981,MT,Europe,0.000177,115.0
1981,MW,Africa,0.001979,55.0
1981,MY,Asia,0.002634,49.0
1981,MZ,Africa,0.000177,115.0
1981,GE,Asia,0.000326,114.0
1981,GG,Europe,0.000828,88.0
1981,GN,Africa,0.000553,99.0
1981,HT,North America,0.000492,100.0
1981,IM,Europe,0.000638,97.0
1981,NP,Asia,0.000177,115.0
1981,JM,North America,0.000737,92.0
1981,KG,Asia,0.000436,102.0
1981,KW,Asia,0.001099,68.0
1981,KZ,Asia,0.000946,82.0
1981,TT,North America,0.000177,115.0
1981,LC,North America,0.000352,110.0
1981,LS,Africa,0.001056,76.0
1981,LV,Europe,0.00069,95.0
1981,LY,Africa,0.002957,46.0
1981,MC,Europe,0.000773,91.0
1981,MD,Europe,0.00069,95.0
1981,MN,Asia,0.000433,103.0
1981,GT,North America,0.000177,115.0
1981,HN,North America,0.000177,115.0
1981,NE,Africa,0.000955,78.0
1981,SR,South America,0.000177,115.0
1981,PG,Oceania,0.001489,61.0
1981,PH,Asia,0.000355,109.0
1981,VN,Asia,0.000177,115.0
1981,PR,North America,0.002066,54.0
1981,PY,South America,0.001057,72.0
1981,RS,Europe,0.002773,48.0
1981,ME,Europe,0.000177,115.0
1981,LA,Asia,0.000177,115.0
1981,TJ,Asia,0.000177,115.0
1981,UZ,Asia,0.000177,115.0
1981,SC,Africa,0.001239,64.0
1981,SO,Africa,0.000444,101.0
1981,TG,Africa,0.001057,72.0
1981,CY,Europe,0.000177,115.0
1981,BM,North America,0.000177,115.0
1981,GD,North America,0.000177,115.0
1981,NI,North America,0.000177,115.0
1981,PS,Asia,0.000177,115.0
1981,SI,Europe,0.000177,115.0
1981,SK,Europe,0.000177,115.0
1981,SL,Africa,0.000177,115.0
1981,NC,Oceania,0.000177,115.0
1981,VU,Oceania,0.000352,110.0
1981,ZW,Africa,0.001099,68.0
1982,GE,Asia,0.001601,67.0
1982,AM,Asia,0.000464,111.0
1982,CU,North America,0.001872,61.0
1982,AO,Africa,0.000432,112.0
1982,BE,Europe,0.006934,23.0
1982,AR,South America,0.006404,26.0
1982,CO,South America,0.004519,37.0
1982,US,North America,0.272821,1.0
1982,AT,Europe,0.006344,27.0
1982,DE,Europe,0.041324,5.0
1982,EG,Africa,0.005445,29.0
1982,GB,Europe,0.095637,2.0
1982,GR,Europe,0.006611,24.0
1982,IR,Asia,0.009253,19.0
1982,IT,Europe,0.016042,12.0
1982,CA,North America,0.073258,3.0
1982,AU,Oceania,0.035579,6.0
1982,CH,Europe,0.021836,7.0
1982,CN,Asia,0.004852,34.0
1982,DK,Europe,0.003873,45.0
1982,FR,Europe,0.042439,4.0
1982,ID,Asia,0.002331,59.0
1982,IE,Europe,0.003321,48.0
1982,IN,Asia,0.011564,16.0
1982,KE,Africa,0.0002,125.0
1982,MY,Asia,0.006437,25.0
1982,NZ,Oceania,0.008311,21.0
1982,PG,Oceania,0.001158,77.0
1982,RS,Europe,0.000266,123.0
1982,SG,Asia,0.002932,51.0
1982,TH,Asia,0.001669,64.0
1982,TW,Asia,0.004988,33.0
1982,ZA,Africa,0.004464,39.0
1982,AZ,Asia,0.000911,88.0
1982,RU,Europe,0.018744,8.0
1982,BB,North America,0.001294,73.0
1982,BD,Asia,0.001282,74.0
1982,CL,South America,0.005022,32.0
1982,EC,South America,0.000701,99.0
1982,IQ,Asia,0.003417,47.0
1982,LB,Asia,0.002909,52.0
1982,LK,Asia,0.000561,101.0
1982,MX,North America,0.017921,9.0
1982,NL,Europe,0.010322,17.0
1982,BF,Africa,0.000494,109.0
1982,BG,Europe,0.004474,38.0
1982,CZ,Europe,0.003913,44.0
1982,MD,Europe,0.00055,106.0
1982,UA,Europe,0.007079,22.0
1982,BH,Asia,0.000331,120.0
1982,JP,Asia,0.016146,11.0
1982,BO,South America,0.001199,75.0
1982,VE,South America,0.006002,28.0
1982,BR,South America,0.016316,10.0
1982,PE,South America,0.005071,30.0
1982,PT,Europe,0.010226,18.0
1982,PY,South America,0.0002,125.0
1982,SE,Europe,0.015062,14.0
1982,BT,Asia,0.000359,118.0
1982,KG,Asia,0.0004,113.0
1982,BY,Europe,0.002317,60.0
1982,UZ,Asia,0.000525,108.0
1982,CR,North America,0.003161,50.0
1982,ES,Europe,0.015467,13.0
1982,GH,Africa,0.000961,86.0
1982,IL,Asia,0.014313,15.0
1982,IS,Europe,0.0002,125.0
1982,JM,North America,0.002649,57.0
1982,LS,Africa,0.0002,125.0
1982,MA,Africa,0.00244,58.0
1982,NG,Africa,0.004584,36.0
1982,PL,Europe,0.00286,54.0
1982,RW,Africa,0.000561,101.0
1982,TR,Asia,0.004623,35.0
1982,ZW,Africa,0.001322,72.0
1982,CD,Africa,0.000561,101.0
1982,FI,Europe,0.002869,53.0
1982,NI,North America,0.0002,125.0
1982,SC,Africa,0.000494,109.0
1982,UY,South America,0.000331,120.0
1982,HK,Asia,0.00149,71.0
1982,RO,Europe,0.000855,90.0
1982,CV,Africa,0.000375,116.0
1982,CY,Europe,0.000561,101.0
1982,SK,Europe,0.002801,55.0
1982,ET,Africa,0.001016,82.0
1982,HR,Europe,0.001651,65.0
1982,HU,Europe,0.001782,63.0
1982,KR,Asia,0.008359,20.0
1982,MZ,Africa,0.001191,76.0
1982,MC,Europe,0.0002,125.0
1982,DO,North America,0.004221,43.0
1982,DZ,Africa,0.002692,56.0
1982,EE,Europe,0.0004,113.0
1982,SA,Asia,0.004249,41.0
1982,PA,North America,0.001564,70.0
1982,PH,Asia,0.004279,40.0
1982,FJ,Oceania,0.000797,93.0
1982,CG,Africa,0.0002,125.0
1982,CI,Africa,0.0002,125.0
1982,GF,South America,0.0002,125.0
1982,SY,Asia,0.000369,117.0
1982,TG,Africa,0.0002,125.0
1982,TN,Africa,0.001576,69.0
1982,ZM,Africa,0.001832,62.0
1982,AF,Asia,0.0002,125.0
1982,JO,Asia,0.003244,49.0
1982,LY,Africa,0.0002,125.0
1982,NO,Europe,0.005052,31.0
1982,PK,Asia,0.000699,100.0
1982,SD,Africa,0.001132,78.0
1982,SX,North America,0.0002,125.0
1982,UG,Africa,0.0002,125.0
1982,GD,North America,0.001016,82.0
1982,GN,Africa,0.00055,106.0
1982,AE,Asia,0.0002,125.0
1982,KM,Africa,0.0002,125.0
1982,GT,North America,0.0016,68.0
1982,GU,Oceania,0.00111,80.0
1982,BA,Europe,0.0002,125.0
1982,HT,North America,0.00076,95.0
1982,KW,Asia,0.004224,42.0
1982,KZ,Asia,0.000952,87.0
1982,LT,Europe,0.000911,88.0
1982,MG,Africa,0.000733,98.0
1982,MK,Europe,0.000287,122.0
1982,MM,Asia,0.001132,78.0
1982,MN,Asia,0.001101,81.0
1982,MS,North America,0.000855,90.0
1982,MW,Africa,0.000561,101.0
1982,ML,Africa,0.0002,125.0
1982,NE,Africa,0.000397,115.0
1982,TZ,Africa,0.000359,118.0
1982,HN,North America,0.0002,125.0
1982,PR,North America,0.003721,46.0
1982,PS,Asia,0.001016,82.0
1982,QA,Asia,0.000842,92.0
1982,LV,Europe,0.0002,125.0
1982,VN,Asia,0.00162,66.0
1982,SN,Africa,0.00076,95.0
1982,TJ,Asia,0.000252,124.0
1982,TT,North America,0.000759,97.0
1982,GY,South America,0.0002,125.0
1982,AS,Oceania,0.0002,125.0
1982,CM,Africa,0.0002,125.0
1982,SO,Africa,0.0002,125.0
1982,VI,North America,0.001016,82.0
1982,VA,Europe,0.000761,94.0
1983,IN,Asia,0.00787,21.0
1983,AE,Asia,0.000257,121.0
1983,RU,Europe,0.012651,17.0
1983,AM,Asia,0.000818,87.0
1983,UA,Europe,0.005048,33.0
1983,DE,Europe,0.043655,5.0
1983,AR,South America,0.002007,57.0
1983,EC,South America,0.000246,122.0
1983,FR,Europe,0.045814,4.0
1983,GB,Europe,0.121219,2.0
1983,AT,Europe,0.004635,36.0
1983,IT,Europe,0.024018,7.0
1983,PL,Europe,0.004627,37.0
1983,SK,Europe,0.000725,91.0
1983,US,North America,0.254013,1.0
1983,ZA,Africa,0.005493,31.0
1983,CA,North America,0.053653,3.0
1983,AU,Oceania,0.031522,6.0
1983,CM,Africa,0.000645,95.0
1983,CN,Asia,0.002924,50.0
1983,DK,Europe,0.005891,28.0
1983,ET,Africa,0.000147,125.0
1983,HU,Europe,0.002248,53.0
1983,ID,Asia,0.002308,52.0
1983,IQ,Asia,0.004666,35.0
1983,JP,Asia,0.021892,8.0
1983,KR,Asia,0.004826,34.0
1983,LK,Asia,0.0007,94.0
1983,MY,Asia,0.006097,27.0
1983,NZ,Oceania,0.00641,24.0
1983,PG,Oceania,0.001303,67.0
1983,PT,Europe,0.017104,12.0
1983,SE,Europe,0.01612,15.0
1983,TH,Asia,0.001143,73.0
1983,ZW,Africa,0.001305,66.0
1983,AZ,Asia,0.001,77.0
1983,BR,South America,0.02011,10.0
1983,BE,Europe,0.011925,18.0
1983,CH,Europe,0.020272,9.0
1983,ES,Europe,0.018224,11.0
1983,GN,Africa,0.000147,125.0
1983,GR,Europe,0.007013,23.0
1983,IL,Asia,0.016626,14.0
1983,JM,North America,0.001335,65.0
1983,MT,Europe,0.000607,104.0
1983,NL,Europe,0.013806,16.0
1983,NO,Europe,0.005094,32.0
1983,PE,South America,0.003316,46.0
1983,RW,Africa,0.000147,125.0
1983,BJ,Africa,0.000147,125.0
1983,BF,Africa,0.001289,68.0
1983,BG,Europe,0.001611,60.0
1983,BH,Asia,0.001378,63.0
1983,SA,Asia,0.006231,25.0
1983,CL,South America,0.003234,47.0
1983,CO,South America,0.0032,48.0
1983,CR,North America,0.003326,45.0
1983,MX,North America,0.016995,13.0
1983,PA,North America,0.00344,43.0
1983,PY,South America,0.000147,125.0
1983,VA,Europe,0.000518,108.0
1983,BS,North America,0.000587,106.0
1983,BW,Africa,0.000752,90.0
1983,NE,Africa,0.000147,125.0
1983,CU,North America,0.004236,39.0
1983,BY,Europe,0.001284,69.0
1983,BD,Asia,0.000147,125.0
1983,CZ,Europe,0.001401,62.0
1983,MA,Africa,0.003137,49.0
1983,MZ,Africa,0.000147,125.0
1983,PK,Asia,0.001283,70.0
1983,UG,Africa,0.000147,125.0
1983,CD,Africa,0.001039,75.0
1983,HR,Europe,0.000448,114.0
1983,RO,Europe,0.000316,120.0
1983,AO,Africa,0.000147,125.0
1983,KG,Asia,0.00024,123.0
1983,NI,North America,0.001098,74.0
1983,CV,Africa,0.000886,81.0
1983,AQ,Other,0.000147,125.0
1983,JO,Asia,0.00205,55.0
1983,SY,Asia,0.001226,72.0
1983,VE,South America,0.007338,22.0
1983,IS,Europe,0.002005,58.0
1983,DO,North America,0.000876,82.0
1983,DZ,Africa,0.003367,44.0
1983,EE,Europe,0.000329,118.0
1983,EG,Africa,0.003931,41.0
1983,QA,Asia,0.000147,125.0
1983,SD,Africa,0.00142,61.0
1983,PR,North America,0.005655,30.0
1983,TN,Africa,0.002035,56.0
1983,FI,Europe,0.005693,29.0
1983,FJ,Oceania,0.000876,82.0
1983,GP,North America,0.000645,95.0
1983,GT,North America,0.000147,125.0
1983,LB,Asia,0.000147,125.0
1983,PH,Asia,0.00103,76.0
1983,SN,Africa,0.000949,80.0
1983,TR,Asia,0.008957,20.0
1983,UY,South America,0.00051,110.0
1983,OM,Asia,0.000477,111.0
1983,GA,Africa,0.00062,102.0
1983,BA,Europe,0.000147,125.0
1983,GH,Africa,0.000635,101.0
1983,GM,Africa,0.000147,125.0
1983,HK,Asia,0.002793,51.0
1983,IE,Europe,0.004623,38.0
1983,IR,Asia,0.006207,26.0
1983,KE,Africa,0.001753,59.0
1983,MW,Africa,0.000147,125.0
1983,NG,Africa,0.003972,40.0
1983,PS,Asia,0.001378,63.0
1983,SB,Oceania,0.000147,125.0
1983,SG,Asia,0.003627,42.0
1983,SI,Europe,0.000387,117.0
1983,TT,North America,0.000706,92.0
1983,TZ,Africa,0.000607,104.0
1983,VN,Asia,0.000977,79.0
1983,ZM,Africa,0.002064,54.0
1983,GD,North America,0.000706,92.0
1983,GE,Asia,0.00054,107.0
1983,GW,Africa,0.000613,103.0
1983,ME,Europe,0.000147,125.0
1983,RS,Europe,0.000183,124.0
1983,HT,North America,0.000645,95.0
1983,TW,Asia,0.011657,19.0
1983,BT,Asia,0.000147,125.0
1983,NP,Asia,0.000329,118.0
1983,MK,Europe,0.000147,125.0
1983,UZ,Asia,0.000755,89.0
1983,KW,Asia,0.0004,115.0
1983,KZ,Asia,0.001248,71.0
1983,LT,Europe,0.000454,112.0
1983,LV,Europe,0.000511,109.0
1983,LY,Africa,0.000985,78.0
1983,MC,Europe,0.000645,95.0
1983,MD,Europe,0.000397,116.0
1983,MG,Africa,0.000645,95.0
1983,ML,Africa,0.000645,95.0
1983,MN,Asia,0.000454,112.0
1983,NC,Oceania,0.000766,88.0
1983,TJ,Asia,0.000147,125.0
1983,SS,Africa,0.000147,125.0
1983,SL,Africa,0.000876,82.0
1983,TG,Africa,0.000876,82.0
1983,TO,Oceania,0.000876,82.0
1983,AF,Asia,0.000147,125.0
1983,CI,Africa,0.000147,125.0
1983,CY,Europe,0.000147,125.0
1983,MM,Asia,0.000147,125.0
1984,KE,Africa,0.001247,72.0
1984,AF,Asia,0.000457,108.0
1984,UA,Europe,0.005308,32.0
1984,RU,Europe,0.014623,13.0
1984,AM,Asia,0.000682,93.0
1984,CH,Europe,0.021825,8.0
1984,AR,South America,0.006493,24.0
1984,CR,North America,0.001775,56.0
1984,EC,South America,0.001429,68.0
1984,ES,Europe,0.016136,12.0
1984,GB,Europe,0.125685,2.0
1984,GT,North America,0.000823,82.0
1984,MX,North America,0.019411,9.0
1984,US,North America,0.275412,1.0
1984,BR,South America,0.01699,11.0
1984,AT,Europe,0.001431,67.0
1984,CN,Asia,0.004408,39.0
1984,DE,Europe,0.038609,5.0
1984,PL,Europe,0.0062,26.0
1984,BD,Asia,0.000312,122.0
1984,AU,Oceania,0.031347,6.0
1984,BE,Europe,0.007263,23.0
1984,CA,North America,0.057377,3.0
1984,FR,Europe,0.04268,4.0
1984,HU,Europe,0.001437,65.0
1984,ID,Asia,0.001402,69.0
1984,IL,Asia,0.00541,31.0
1984,IN,Asia,0.01357,15.0
1984,IR,Asia,0.008964,19.0
1984,JO,Asia,0.005054,35.0
1984,LK,Asia,0.000823,82.0
1984,MY,Asia,0.008289,20.0
1984,NZ,Oceania,0.004208,41.0
1984,SC,Africa,0.000138,132.0
1984,ZA,Africa,0.009595,18.0
1984,AZ,Asia,0.001045,76.0
1984,BA,Europe,0.000678,94.0
1984,HR,Europe,0.000543,104.0
1984,PH,Asia,0.000423,110.0
1984,PK,Asia,0.001639,59.0
1984,BF,Africa,0.000545,101.0
1984,CD,Africa,0.000823,82.0
1984,CL,South America,0.004236,40.0
1984,EG,Africa,0.004011,42.0
1984,IT,Europe,0.021949,7.0
1984,KR,Asia,0.011124,17.0
1984,PE,South America,0.004007,43.0
1984,PT,Europe,0.006458,25.0
1984,SE,Europe,0.007955,21.0
1984,BG,Europe,0.001723,57.0
1984,BH,Asia,0.001596,60.0
1984,BN,Asia,0.000274,127.0
1984,CO,South America,0.004481,38.0
1984,PY,South America,0.000138,132.0
1984,KZ,Asia,0.002091,54.0
1984,BY,Europe,0.001258,71.0
1984,BZ,North America,0.000823,82.0
1984,BW,Africa,0.000138,132.0
1984,DK,Europe,0.005186,33.0
1984,HK,Asia,0.002805,47.0
1984,IE,Europe,0.006086,28.0
1984,JP,Asia,0.019068,10.0
1984,LB,Asia,0.001539,62.0
1984,NG,Africa,0.005036,36.0
1984,NO,Europe,0.006145,27.0
1984,SA,Asia,0.005511,30.0
1984,SG,Asia,0.003882,44.0
1984,TW,Asia,0.014265,14.0
1984,FI,Europe,0.002638,49.0
1984,NL,Europe,0.011129,16.0
1984,TR,Asia,0.005166,34.0
1984,CM,Africa,0.000522,106.0
1984,MM,Asia,0.000138,132.0
1984,RO,Europe,0.000982,77.0
1984,VE,South America,0.005896,29.0
1984,AO,Africa,0.000138,132.0
1984,CU,North America,0.003132,45.0
1984,GW,Africa,0.000421,111.0
1984,SK,Europe,0.001653,58.0
1984,UZ,Asia,0.000614,97.0
1984,CZ,Europe,0.001228,73.0
1984,ET,Africa,0.000138,132.0
1984,GR,Europe,0.007603,22.0
1984,SI,Europe,0.000138,132.0
1984,SY,Asia,0.000784,90.0
1984,TH,Asia,0.00067,95.0
1984,MR,Africa,0.000138,132.0
1984,DO,North America,0.000926,80.0
1984,PA,North America,0.002224,51.0
1984,DZ,Africa,0.00476,37.0
1984,QA,Asia,0.000138,132.0
1984,SD,Africa,0.002574,50.0
1984,YE,Asia,0.000138,132.0
1984,NI,North America,0.000327,119.0
1984,SO,Africa,0.000138,132.0
1984,UY,South America,0.000532,105.0
1984,FJ,Oceania,0.00057,98.0
1984,BO,South America,0.000138,132.0
1984,IQ,Asia,0.002673,48.0
1984,LU,Europe,0.000743,92.0
1984,MA,Africa,0.002002,55.0
1984,MG,Africa,0.000138,132.0
1984,MQ,North America,0.000138,132.0
1984,TG,Africa,0.000276,126.0
1984,TN,Africa,0.001357,70.0
1984,AE,Asia,0.000138,132.0
1984,CY,Europe,0.000138,132.0
1984,GH,Africa,0.000138,132.0
1984,GM,Africa,0.00057,98.0
1984,LY,Africa,0.000314,121.0
1984,PG,Oceania,0.001434,66.0
1984,PS,Asia,0.000138,132.0
1984,RS,Europe,0.000663,96.0
1984,TT,North America,0.000138,132.0
1984,TZ,Africa,0.001572,61.0
1984,UG,Africa,0.000138,132.0
1984,ZM,Africa,0.000977,78.0
1984,GD,North America,0.000823,82.0
1984,GE,Asia,0.000823,82.0
1984,HN,North America,0.000421,111.0
1984,NP,Asia,0.001508,63.0
1984,IS,Europe,0.002923,46.0
1984,JE,Europe,0.00057,98.0
1984,JM,North America,0.000466,107.0
1984,KG,Asia,0.000369,115.0
1984,KW,Asia,0.002122,53.0
1984,MD,Europe,0.000847,81.0
1984,LA,Asia,0.000348,116.0
1984,LT,Europe,0.001202,74.0
1984,LV,Europe,0.000303,123.0
1984,MC,Europe,0.000347,117.0
1984,MK,Europe,0.000545,101.0
1984,ML,Africa,0.000408,114.0
1984,MN,Asia,0.000746,91.0
1984,SV,North America,0.000138,132.0
1984,MZ,Africa,0.000421,111.0
1984,NC,Oceania,0.000823,82.0
1984,NE,Africa,0.000288,125.0
1984,SL,Africa,0.000161,131.0
1984,VN,Asia,0.001444,64.0
1984,OM,Asia,0.001092,75.0
1984,PR,North America,0.002194,52.0
1984,RE,Africa,0.000545,101.0
1984,EE,Europe,0.000138,132.0
1984,SB,Oceania,0.000347,117.0
1984,GN,Africa,0.000138,132.0
1984,TJ,Asia,0.000303,123.0
1984,TL,Asia,0.000231,129.0
1984,TM,Asia,0.00032,120.0
1984,GA,Africa,0.000138,132.0
1984,VA,Europe,0.000436,109.0
1984,VG,North America,0.000823,82.0
1984,VI,North America,0.000184,130.0
1984,KH,Asia,0.000138,132.0
1984,XK,Other,0.000246,128.0
1984,ZW,Africa,0.000961,79.0
1984,SZ,Africa,0.000138,132.0
1985,IN,Asia,0.007161,26.0
1985,AE,Asia,0.001321,66.0
1985,JO,Asia,0.002153,51.0
1985,NG,Africa,0.002324,50.0
1985,YE,Asia,0.000458,109.0
1985,BR,South America,0.018063,11.0
1985,AL,Europe,0.000591,94.0
1985,IT,Europe,0.021198,9.0
1985,RU,Europe,0.008607,22.0
1985,AM,Asia,0.000406,115.0
1985,CU,North America,0.001606,58.0
1985,AO,Africa,0.000324,121.0
1985,AG,North America,0.000147,132.0
1985,AR,South America,0.003175,45.0
1985,EC,South America,0.001315,67.0
1985,ES,Europe,0.022224,8.0
1985,FR,Europe,0.047529,4.0
1985,GB,Europe,0.122784,2.0
1985,MX,North America,0.02429,7.0
1985,US,North America,0.268058,1.0
1985,CH,Europe,0.021097,10.0
1985,AT,Europe,0.005466,32.0
1985,DE,Europe,0.049712,3.0
1985,IQ,Asia,0.003148,46.0
1985,KR,Asia,0.008099,24.0
1985,LC,North America,0.000147,132.0
1985,NL,Europe,0.012097,14.0
1985,NO,Europe,0.005548,31.0
1985,TH,Asia,0.00139,64.0
1985,TR,Asia,0.008109,23.0
1985,BD,Asia,0.000384,117.0
1985,AU,Oceania,0.032316,6.0
1985,CA,North America,0.04742,5.0
1985,CN,Asia,0.006407,28.0
1985,CO,South America,0.009868,19.0
1985,EG,Africa,0.00402,39.0
1985,ET,Africa,0.000579,97.0
1985,FI,Europe,0.001839,53.0
1985,FJ,Oceania,0.001533,63.0
1985,ID,Asia,0.003481,44.0
1985,IE,Europe,0.003766,41.0
1985,IL,Asia,0.014302,13.0
1985,JP,Asia,0.016467,12.0
1985,LK,Asia,0.000689,83.0
1985,MT,Europe,0.000147,132.0
1985,MY,Asia,0.006043,29.0
1985,NZ,Oceania,0.009073,20.0
1985,PG,Oceania,0.001544,61.0
1985,PT,Europe,0.011788,15.0
1985,SC,Africa,0.000147,132.0
1985,SE,Europe,0.009062,21.0
1985,TZ,Africa,0.000584,96.0
1985,ZA,Africa,0.004465,35.0
1985,AZ,Asia,0.000545,99.0
1985,UA,Europe,0.004331,36.0
1985,HR,Europe,0.000334,120.0
1985,BA,Europe,0.000189,131.0
1985,BE,Europe,0.010646,17.0
1985,CL,South America,0.002626,49.0
1985,GR,Europe,0.010971,16.0
1985,MA,Africa,0.003864,40.0
1985,PL,Europe,0.004287,37.0
1985,RS,Europe,0.000858,79.0
1985,UY,South America,0.001727,56.0
1985,BG,Europe,0.000871,78.0
1985,BH,Asia,0.00123,70.0
1985,BN,Asia,0.000693,82.0
1985,BO,South America,0.001141,72.0
1985,MZ,Africa,0.000688,89.0
1985,PA,North America,0.000324,121.0
1985,PE,South America,0.005778,30.0
1985,PY,South America,0.000147,132.0
1985,BS,North America,0.00096,74.0
1985,BT,Asia,0.00022,128.0
1985,BW,Africa,0.000689,83.0
1985,MD,Europe,0.000597,93.0
1985,BY,Europe,0.001741,55.0
1985,DK,Europe,0.004567,34.0
1985,HK,Asia,0.003632,42.0
1985,PH,Asia,0.000428,112.0
1985,PK,Asia,0.000618,92.0
1985,RW,Africa,0.000147,132.0
1985,SA,Asia,0.00644,27.0
1985,SO,Africa,0.000147,132.0
1985,TN,Africa,0.000888,77.0
1985,CD,Africa,0.000397,116.0
1985,HU,Europe,0.001627,57.0
1985,JM,North America,0.000689,83.0
1985,KE,Africa,0.000587,95.0
1985,CI,Africa,0.000481,107.0
1985,VE,South America,0.007591,25.0
1985,CM,Africa,0.00096,74.0
1985,RO,Europe,0.000147,132.0
1985,CR,North America,0.001571,59.0
1985,CY,Europe,0.001797,54.0
1985,CZ,Europe,0.001569,60.0
1985,SK,Europe,0.001158,71.0
1985,BJ,Africa,0.000147,132.0
1985,LU,Europe,0.000802,80.0
1985,SI,Europe,0.000383,118.0
1985,TW,Asia,0.010387,18.0
1985,DO,North America,0.000689,83.0
1985,DZ,Africa,0.004055,38.0
1985,EE,Europe,0.000277,125.0
1985,QA,Asia,0.000494,106.0
1985,SY,Asia,0.000457,110.0
1985,GT,North America,0.000147,132.0
1985,VA,Europe,0.000147,132.0
1985,CG,Africa,0.000147,132.0
1985,GA,Africa,0.000147,132.0
1985,IR,Asia,0.003529,43.0
1985,LB,Asia,0.003142,47.0
1985,NE,Africa,0.000147,132.0
1985,SN,Africa,0.000518,103.0
1985,GH,Africa,0.000324,121.0
1985,GM,Africa,0.000528,101.0
1985,IS,Europe,0.000647,91.0
1985,KW,Asia,0.001295,68.0
1985,LY,Africa,0.001336,65.0
1985,NP,Asia,0.000689,83.0
1985,PS,Asia,0.000147,132.0
1985,SD,Africa,0.00154,62.0
1985,SG,Asia,0.00528,33.0
1985,ZM,Africa,0.000909,76.0
1985,GE,Asia,0.000665,90.0
1985,GY,South America,0.000565,98.0
1985,HN,North America,0.000689,83.0
1985,UZ,Asia,0.000716,81.0
1985,KG,Asia,0.000266,127.0
1985,VN,Asia,0.000147,132.0
1985,KH,Asia,0.000293,124.0
1985,KZ,Asia,0.000535,100.0
1985,LT,Europe,0.000368,119.0
1985,MC,Europe,0.000518,103.0
1985,ME,Europe,0.000213,129.0
1985,MG,Africa,0.000518,103.0
1985,MK,Europe,0.000213,129.0
1985,MO,Asia,0.000432,111.0
1985,MW,Africa,0.000528,101.0
1985,FM,Oceania,0.000147,132.0
1985,HT,North America,0.000147,132.0
1985,NI,North America,0.000968,73.0
1985,VU,Oceania,0.000147,132.0
1985,PR,North America,0.002919,48.0
1985,LV,Europe,0.000147,132.0
1985,TJ,Asia,0.000277,125.0
1985,SL,Africa,0.000409,114.0
1985,SZ,Africa,0.000428,112.0
1985,TT,North America,0.00048,108.0
1985,UG,Africa,0.001863,52.0
1985,GU,Oceania,0.000147,132.0
1985,KY,North America,0.000147,132.0
1985,SV,North America,0.000147,132.0
1985,ZW,Africa,0.001276,69.0
1986,EG,Africa,0.004214,35.0
1986,AE,Asia,0.000358,130.0
1986,RU,Europe,0.01466,13.0
1986,AM,Asia,0.000442,121.0
1986,CU,North America,0.002471,49.0
1986,AO,Africa,0.000527,114.0
1986,HU,Europe,0.002206,52.0
1986,CA,North America,0.042803,5.0
1986,AR,South America,0.002248,51.0
1986,CO,South America,0.009169,23.0
1986,ES,Europe,0.022606,10.0
1986,MX,North America,0.015253,12.0
1986,US,North America,0.257802,1.0
1986,AT,Europe,0.003313,40.0
1986,DE,Europe,0.047792,3.0
1986,GB,Europe,0.119423,2.0
1986,IR,Asia,0.002174,53.0
1986,IT,Europe,0.029641,7.0
1986,PL,Europe,0.002783,47.0
1986,BR,South America,0.024657,9.0
1986,AU,Oceania,0.031155,6.0
1986,CN,Asia,0.004497,34.0
1986,ET,Africa,0.000674,91.0
1986,ID,Asia,0.001725,61.0
1986,IL,Asia,0.013594,15.0
1986,IN,Asia,0.009698,20.0
1986,KE,Africa,0.005169,30.0
1986,KR,Asia,0.009483,21.0
1986,MY,Asia,0.010531,19.0
1986,NZ,Oceania,0.01068,18.0
1986,PG,Oceania,0.000126,139.0
1986,PT,Europe,0.012976,16.0
1986,SE,Europe,0.008264,24.0
1986,TH,Asia,0.002081,57.0
1986,ZA,Africa,0.003532,39.0
1986,AZ,Asia,0.000911,75.0
1986,UA,Europe,0.0057,27.0
1986,BB,North America,0.000529,106.0
1986,BD,Asia,0.000688,89.0
1986,LB,Asia,0.001535,64.0
1986,BE,Europe,0.012252,17.0
1986,BW,Africa,0.000529,106.0
1986,CD,Africa,0.000467,118.0
1986,DZ,Africa,0.003243,42.0
1986,FR,Europe,0.046851,4.0
1986,HT,North America,0.000126,139.0
1986,NL,Europe,0.013633,14.0
1986,PE,South America,0.002976,44.0
1986,TR,Asia,0.009474,22.0
1986,BF,Africa,0.000373,129.0
1986,BY,Europe,0.000442,121.0
1986,BG,Europe,0.001552,63.0
1986,IQ,Asia,0.002354,50.0
1986,SK,Europe,0.00088,77.0
1986,BH,Asia,0.000529,106.0
1986,TG,Africa,0.000126,139.0
1986,BJ,Africa,0.000251,137.0
1986,BM,North America,0.000578,97.0
1986,BO,South America,0.000831,78.0
1986,CH,Europe,0.027017,8.0
1986,CL,South America,0.002784,46.0
1986,JP,Asia,0.016067,11.0
1986,PA,North America,0.001516,65.0
1986,PY,South America,0.001032,72.0
1986,VE,South America,0.005065,31.0
1986,DK,Europe,0.004106,36.0
1986,GH,Africa,0.000126,139.0
1986,GR,Europe,0.006342,26.0
1986,HK,Asia,0.001703,62.0
1986,IE,Europe,0.005401,29.0
1986,IS,Europe,0.001951,59.0
1986,LY,Africa,0.000626,94.0
1986,MT,Europe,0.000126,139.0
1986,NO,Europe,0.005534,28.0
1986,SA,Asia,0.003774,37.0
1986,SG,Asia,0.001834,60.0
1986,TZ,Africa,0.00052,115.0
1986,CG,Africa,0.00047,117.0
1986,CF,Africa,0.000591,96.0
1986,FI,Europe,0.004675,33.0
1986,CI,Africa,0.000715,88.0
1986,CM,Africa,0.000808,80.0
1986,HR,Europe,0.004685,32.0
1986,LV,Europe,0.000284,134.0
1986,EC,South America,0.000664,92.0
1986,CR,North America,0.00255,48.0
1986,CZ,Europe,0.001214,69.0
1986,GW,Africa,0.000126,139.0
1986,JM,North America,0.000126,139.0
1986,CV,Africa,0.000405,127.0
1986,RO,Europe,0.000808,80.0
1986,CY,Europe,0.000438,123.0
1986,PK,Asia,0.002141,55.0
1986,UY,South America,0.001299,67.0
1986,VN,Asia,0.000738,85.0
1986,DO,North America,0.001193,70.0
1986,GA,Africa,0.000126,139.0
1986,MA,Africa,0.00207,58.0
1986,MG,Africa,0.000126,139.0
1986,NG,Africa,0.003749,38.0
1986,RS,Europe,0.002082,56.0
1986,SN,Africa,0.000786,82.0
1986,SY,Asia,0.000732,86.0
1986,TN,Africa,0.002164,54.0
1986,GM,Africa,0.000434,124.0
1986,JO,Asia,0.003238,43.0
1986,KW,Asia,0.000951,73.0
1986,LK,Asia,0.000529,106.0
1986,MK,Europe,0.000355,131.0
1986,MS,North America,0.000126,139.0
1986,MW,Africa,0.000126,139.0
1986,PS,Asia,0.000578,97.0
1986,TW,Asia,0.008137,25.0
1986,UG,Africa,0.000661,93.0
1986,ZW,Africa,0.000529,106.0
1986,GE,Asia,0.000515,116.0
1986,ZM,Africa,0.000933,74.0
1986,GT,North America,0.000783,83.0
1986,GY,South America,0.000345,132.0
1986,HN,North America,0.000578,97.0
1986,AL,Europe,0.000126,139.0
1986,SI,Europe,0.002891,45.0
1986,YE,Asia,0.000602,95.0
1986,IM,Europe,0.000529,106.0
1986,PH,Asia,0.000721,87.0
1986,NP,Asia,0.00041,126.0
1986,SZ,Africa,0.000126,139.0
1986,KG,Asia,0.000339,133.0
1986,KN,North America,0.000578,97.0
1986,KP,Asia,0.000467,118.0
1986,QA,Asia,0.000126,139.0
1986,KZ,Asia,0.001232,68.0
1986,LI,Europe,0.000405,127.0
1986,LS,Africa,0.000529,106.0
1986,LT,Europe,0.000753,84.0
1986,LU,Europe,0.001161,71.0
1986,MD,Europe,0.000906,76.0
1986,ML,Africa,0.000272,136.0
1986,MN,Asia,0.000284,134.0
1986,NI,North America,0.001314,66.0
1986,NC,Oceania,0.000578,97.0
1986,OM,Asia,0.000679,90.0
1986,SD,Africa,0.000242,138.0
1986,SB,Oceania,0.000126,139.0
1986,PR,North America,0.003288,41.0
1986,MZ,Africa,0.000126,139.0
1986,BA,Europe,0.000126,139.0
1986,AF,Asia,0.000126,139.0
1986,EE,Europe,0.000126,139.0
1986,GN,Africa,0.000126,139.0
1986,TM,Asia,0.000126,139.0
1986,UZ,Asia,0.000815,79.0
1986,SC,Africa,0.000564,105.0
1986,SV,North America,0.000578,97.0
1986,TD,Africa,0.000467,118.0
1986,TT,North America,0.000529,106.0
1986,TJ,Asia,0.000126,139.0
1986,UM,North America,0.000578,97.0
1986,GD,North America,0.000126,139.0
1986,MU,Africa,0.000126,139.0
1986,VA,Europe,0.000414,125.0
1986,VI,North America,0.000578,97.0
1987,CO,South America,0.006419,28.0
1987,AE,Asia,0.001575,61.0
1987,EG,Africa,0.006377,29.0
1987,GB,Europe,0.119292,2.0
1987,LB,Asia,0.000396,113.0
1987,US,North America,0.271904,1.0
1987,GR,Europe,0.005366,34.0
1987,AL,Europe,0.000222,137.0
1987,RU,Europe,0.010474,18.0
1987,AM,Asia,0.000227,131.0
1987,CU,North America,0.003439,40.0
1987,AO,Africa,0.000316,121.0
1987,BE,Europe,0.009854,19.0
1987,AR,South America,0.003233,42.0
1987,BR,South America,0.017823,11.0
1987,ES,Europe,0.027295,7.0
1987,FR,Europe,0.047266,4.0
1987,IL,Asia,0.007801,22.0
1987,MX,North America,0.014845,13.0
1987,PE,South America,0.005255,35.0
1987,PL,Europe,0.002348,52.0
1987,AU,Oceania,0.024085,8.0
1987,AT,Europe,0.006332,30.0
1987,BG,Europe,0.001713,58.0
1987,CA,North America,0.049622,3.0
1987,CH,Europe,0.02202,9.0
1987,DE,Europe,0.044272,5.0
1987,IT,Europe,0.028101,6.0
1987,RO,Europe,0.000116,144.0
1987,TR,Asia,0.005132,36.0
1987,ZA,Africa,0.003309,41.0
1987,BD,Asia,0.000946,73.0
1987,CN,Asia,0.007583,23.0
1987,ID,Asia,0.001728,57.0
1987,IN,Asia,0.008791,21.0
1987,JM,North America,0.000679,93.0
1987,JP,Asia,0.018482,10.0
1987,MY,Asia,0.006422,27.0
1987,NO,Europe,0.005983,31.0
1987,NZ,Oceania,0.006979,24.0
1987,PG,Oceania,0.001438,64.0
1987,PH,Asia,0.002558,51.0
1987,SD,Africa,0.000934,74.0
1987,UA,Europe,0.003508,39.0
1987,VE,South America,0.005872,32.0
1987,HR,Europe,0.000844,77.0
1987,BA,Europe,0.000341,117.0
1987,RS,Europe,0.00078,83.0
1987,TH,Asia,0.002946,46.0
1987,TJ,Asia,0.000116,144.0
1987,CD,Africa,0.000739,86.0
1987,CL,South America,0.003096,44.0
1987,CM,Africa,0.000807,80.0
1987,GH,Africa,0.000802,82.0
1987,IE,Europe,0.00389,38.0
1987,NL,Europe,0.01151,16.0
1987,PT,Europe,0.010835,17.0
1987,TG,Africa,0.00055,99.0
1987,TN,Africa,0.000676,94.0
1987,CY,Europe,0.000739,86.0
1987,BJ,Africa,0.000299,123.0
1987,BO,South America,0.000584,97.0
1987,DO,North America,0.00055,99.0
1987,EC,South America,0.002116,54.0
1987,KR,Asia,0.012383,15.0
1987,PY,South America,0.000804,81.0
1987,UY,South America,0.000299,123.0
1987,BS,North America,0.000212,139.0
1987,BV,Oceania,0.000251,125.0
1987,BW,Africa,0.001329,65.0
1987,BY,Europe,0.001148,68.0
1987,IQ,Asia,0.001447,63.0
1987,LV,Europe,0.000339,118.0
1987,DK,Europe,0.00979,20.0
1987,FI,Europe,0.002769,49.0
1987,HU,Europe,0.002914,47.0
1987,IR,Asia,0.004261,37.0
1987,KE,Africa,0.002589,50.0
1987,MA,Africa,0.002827,48.0
1987,NI,North America,0.000116,144.0
1987,PR,North America,0.00229,53.0
1987,SA,Asia,0.006521,26.0
1987,TW,Asia,0.01446,14.0
1987,TZ,Africa,0.000237,129.0
1987,UG,Africa,0.000116,144.0
1987,SE,Europe,0.015119,12.0
1987,CF,Africa,0.000739,86.0
1987,CZ,Europe,0.001504,62.0
1987,MC,Europe,0.000116,144.0
1987,CI,Africa,0.000723,90.0
1987,ZW,Africa,0.001993,55.0
1987,PA,North America,0.000316,121.0
1987,NG,Africa,0.001245,67.0
1987,HK,Asia,0.003111,43.0
1987,SG,Asia,0.003,45.0
1987,CG,Africa,0.000116,144.0
1987,CR,North America,0.000846,76.0
1987,GT,North America,0.000424,109.0
1987,DZ,Africa,0.005535,33.0
1987,SK,Europe,0.000116,144.0
1987,ET,Africa,0.000835,79.0
1987,LK,Asia,0.001003,71.0
1987,VN,Asia,0.001304,66.0
1987,YE,Asia,0.000116,144.0
1987,EE,Europe,0.000339,118.0
1987,QA,Asia,0.000422,110.0
1987,SI,Europe,0.000843,78.0
1987,FJ,Oceania,0.000523,105.0
1987,VU,Oceania,0.000116,144.0
1987,IS,Europe,0.00187,56.0
1987,MG,Africa,0.000116,144.0
1987,SN,Africa,0.000691,91.0
1987,SY,Asia,0.000227,131.0
1987,GA,Africa,0.000396,113.0
1987,BH,Asia,0.000116,144.0
1987,CW,North America,0.000116,144.0
1987,GM,Africa,0.000116,144.0
1987,JO,Asia,0.006686,25.0
1987,LS,Africa,0.000408,112.0
1987,MT,Europe,0.00112,69.0
1987,MW,Africa,0.000116,144.0
1987,OM,Asia,0.000974,72.0
1987,PK,Asia,0.001702,59.0
1987,PS,Asia,0.00092,75.0
1987,ZM,Africa,0.000116,144.0
1987,GE,Asia,0.000739,86.0
1987,MK,Europe,0.000183,143.0
1987,GW,Africa,0.000428,108.0
1987,HN,North America,0.00055,99.0
1987,TL,Asia,0.000116,144.0
1987,LY,Africa,0.000421,111.0
1987,SO,Africa,0.000744,85.0
1987,JE,Europe,0.000459,106.0
1987,KG,Asia,0.000227,131.0
1987,KH,Asia,0.00055,99.0
1987,KN,North America,0.00055,99.0
1987,KW,Asia,0.001606,60.0
1987,KZ,Asia,0.001009,70.0
1987,LA,Asia,0.000233,130.0
1987,LR,Africa,0.00055,99.0
1987,LT,Europe,0.000227,131.0
1987,LU,Europe,0.000691,91.0
1987,MD,Europe,0.000451,107.0
1987,ML,Africa,0.000396,113.0
1987,MN,Asia,0.000339,118.0
1987,MR,Africa,0.000227,131.0
1987,MZ,Africa,0.000227,131.0
1987,NP,Asia,0.00062,95.0
1987,PF,Oceania,0.000396,113.0
1987,PN,Oceania,0.00024,128.0
1987,AZ,Asia,0.000116,144.0
1987,TM,Asia,0.000116,144.0
1987,UZ,Asia,0.000608,96.0
1987,SL,Africa,0.00058,98.0
1987,SS,Africa,0.000218,138.0
1987,SV,North America,0.0002,142.0
1987,SZ,Africa,0.000751,84.0
1987,TC,North America,0.000246,127.0
1987,BF,Africa,0.000116,144.0
1987,BZ,North America,0.000116,144.0
1987,GD,North America,0.000116,144.0
1987,NC,Oceania,0.000116,144.0
1987,TT,North America,0.000116,144.0
1987,VA,Europe,0.000251,125.0
1987,VC,North America,0.000212,139.0
1987,XK,Other,0.000201,141.0
1988,LB,Asia,0.00082,78.0
1988,AE,Asia,0.000566,88.0
1988,SA,Asia,0.004508,35.0
1988,FR,Europe,0.04699,4.0
1988,AF,Asia,0.000383,108.0
1988,AT,Europe,0.005268,31.0
1988,AM,Asia,0.000932,73.0
1988,RU,Europe,0.01438,12.0
1988,PT,Europe,0.01182,17.0
1988,AO,Africa,0.000267,116.0
1988,BR,South America,0.020881,11.0
1988,AR,South America,0.002628,49.0
1988,CL,South America,0.003201,43.0
1988,CO,South America,0.006699,25.0
1988,ES,Europe,0.022183,10.0
1988,GB,Europe,0.123971,2.0
1988,PE,South America,0.002963,45.0
1988,SE,Europe,0.012166,16.0
1988,US,North America,0.249184,1.0
1988,CH,Europe,0.023937,8.0
1988,CN,Asia,0.004008,39.0
1988,DE,Europe,0.041381,5.0
1988,EG,Africa,0.006033,28.0
1988,GR,Europe,0.004578,33.0
1988,HR,Europe,0.001603,61.0
1988,HU,Europe,0.002081,56.0
1988,NO,Europe,0.005841,29.0
1988,PL,Europe,0.005167,32.0
1988,UA,Europe,0.00658,26.0
1988,CA,North America,0.058767,3.0
1988,AU,Oceania,0.032848,6.0
1988,DK,Europe,0.006377,27.0
1988,FJ,Oceania,8.7e-05,128.0
1988,HK,Asia,0.003205,42.0
1988,ID,Asia,0.00305,44.0
1988,IE,Europe,0.004454,37.0
1988,IL,Asia,0.010097,21.0
1988,IN,Asia,0.010075,22.0
1988,KR,Asia,0.013011,14.0
1988,MM,Asia,8.7e-05,128.0
1988,MX,North America,0.011804,18.0
1988,NL,Europe,0.012537,15.0
1988,NZ,Oceania,0.008279,23.0
1988,PG,Oceania,8.7e-05,128.0
1988,PK,Asia,0.002284,55.0
1988,SG,Asia,0.003448,41.0
1988,TR,Asia,0.007569,24.0
1988,TW,Asia,0.0138,13.0
1988,ZA,Africa,0.004154,38.0
1988,BY,Europe,0.000895,75.0
1988,AZ,Asia,0.000778,81.0
1988,JM,North America,0.000154,125.0
1988,BB,North America,0.000203,124.0
1988,TT,North America,8.7e-05,128.0
1988,BD,Asia,0.001309,66.0
1988,JP,Asia,0.023354,9.0
1988,BE,Europe,0.011269,19.0
1988,BO,South America,0.000547,89.0
1988,CD,Africa,8.7e-05,128.0
1988,IR,Asia,0.004514,34.0
1988,IT,Europe,0.03085,7.0
1988,MA,Africa,0.002521,51.0
1988,BG,Europe,0.000829,77.0
1988,BN,Asia,0.000386,105.0
1988,PY,South America,8.7e-05,128.0
1988,DO,North America,0.000392,103.0
1988,EC,South America,0.000464,94.0
1988,NI,North America,8.7e-05,128.0
1988,UY,South America,0.000249,122.0
1988,BS,North America,0.000444,98.0
1988,BV,Oceania,0.00014,127.0
1988,BW,Africa,0.000818,79.0
1988,TZ,Africa,0.00053,91.0
1988,LT,Europe,0.00059,87.0
1988,UZ,Asia,0.000455,95.0
1988,BH,Asia,8.7e-05,128.0
1988,BZ,North America,8.7e-05,128.0
1988,CR,North America,0.001751,59.0
1988,FI,Europe,0.002673,47.0
1988,GH,Africa,0.001566,62.0
1988,IS,Europe,0.001666,60.0
1988,KE,Africa,0.002392,53.0
1988,KP,Asia,8.7e-05,128.0
1988,MT,Europe,0.001035,71.0
1988,MY,Asia,0.010535,20.0
1988,PH,Asia,0.002285,54.0
1988,RS,Europe,0.000788,80.0
1988,SV,North America,0.000355,113.0
1988,SY,Asia,0.001279,67.0
1988,TG,Africa,8.7e-05,128.0
1988,TH,Asia,0.002632,48.0
1988,TN,Africa,0.002458,52.0
1988,UG,Africa,0.000386,105.0
1988,CZ,Europe,0.000607,86.0
1988,SI,Europe,0.000887,76.0
1988,CU,North America,0.002946,46.0
1988,CM,Africa,0.000739,84.0
1988,CG,Africa,8.7e-05,128.0
1988,VE,South America,0.003756,40.0
1988,GT,North America,0.001359,65.0
1988,PA,North America,0.000961,72.0
1988,GY,South America,8.7e-05,128.0
1988,KZ,Asia,0.000926,74.0
1988,SK,Europe,0.00045,97.0
1988,JO,Asia,0.004491,36.0
1988,DZ,Africa,0.005742,30.0
1988,IQ,Asia,0.000511,92.0
1988,SD,Africa,0.001459,64.0
1988,HN,North America,0.001038,70.0
1988,BF,Africa,8.7e-05,128.0
1988,CI,Africa,8.7e-05,128.0
1988,GA,Africa,0.000383,108.0
1988,MQ,North America,8.7e-05,128.0
1988,NE,Africa,8.7e-05,128.0
1988,NG,Africa,0.002621,50.0
1988,SN,Africa,8.7e-05,128.0
1988,GM,Africa,8.7e-05,128.0
1988,JE,Europe,8.7e-05,128.0
1988,KW,Asia,0.001958,57.0
1988,LK,Asia,0.000392,103.0
1988,LU,Europe,0.000305,114.0
1988,LV,Europe,0.000226,123.0
1988,MW,Africa,8.7e-05,128.0
1988,NP,Asia,0.001139,69.0
1988,PS,Asia,0.000444,98.0
1988,QA,Asia,0.000674,85.0
1988,SC,Africa,8.7e-05,128.0
1988,SL,Africa,8.7e-05,128.0
1988,YE,Asia,0.000383,108.0
1988,ZM,Africa,8.7e-05,128.0
1988,ZW,Africa,0.001479,63.0
1988,GE,Asia,0.000255,120.0
1988,GI,Europe,0.000386,105.0
1988,CY,Europe,8.7e-05,128.0
1988,AL,Europe,8.7e-05,128.0
1988,BA,Europe,8.7e-05,128.0
1988,HT,North America,0.000305,114.0
1988,RO,Europe,0.00026,118.0
1988,TL,Asia,8.7e-05,128.0
1988,GG,Europe,8.7e-05,128.0
1988,OM,Asia,0.00026,118.0
1988,VA,Europe,0.000153,126.0
1988,LY,Africa,0.001265,68.0
1988,KG,Asia,0.000255,120.0
1988,LS,Africa,0.000453,96.0
1988,TM,Asia,8.7e-05,128.0
1988,MD,Europe,0.000758,82.0
1988,ML,Africa,0.000496,93.0
1988,MN,Asia,0.000422,102.0
1988,MO,Asia,0.000267,116.0
1988,MV,Asia,0.000371,112.0
1988,MZ,Africa,0.000542,90.0
1988,PR,North America,0.001919,58.0
1988,NR,Oceania,0.000444,98.0
1988,PF,Oceania,0.000383,108.0
1988,VN,Asia,8.7e-05,128.0
1988,LI,Europe,8.7e-05,128.0
1988,ME,Europe,8.7e-05,128.0
1988,MK,Europe,8.7e-05,128.0
1988,SS,Africa,8.7e-05,128.0
1988,CV,Africa,8.7e-05,128.0
1988,BJ,Africa,8.7e-05,128.0
1988,TJ,Asia,8.7e-05,128.0
1988,GF,South America,8.7e-05,128.0
1988,RW,Africa,8.7e-05,128.0
1988,VI,North America,0.000752,83.0
1988,WS,Oceania,0.000444,98.0
1989,EG,Africa,0.005019,32.0
1989,AE,Asia,0.001194,68.0
1989,GB,Europe,0.12381,2.0
1989,IN,Asia,0.009639,21.0
1989,JO,Asia,0.00258,47.0
1989,LB,Asia,0.00052,100.0
1989,US,North America,0.258683,1.0
1989,CU,North America,0.001826,52.0
1989,AF,Asia,0.000255,132.0
1989,AM,Asia,0.000482,103.0
1989,RU,Europe,0.008038,22.0
1989,AQ,Other,0.000414,107.0
1989,BR,South America,0.023028,8.0
1989,AR,South America,0.002651,46.0
1989,CO,South America,0.005188,29.0
1989,DO,North America,0.000584,94.0
1989,EC,South America,0.00198,51.0
1989,PY,South America,0.000195,142.0
1989,SE,Europe,0.010831,19.0
1989,KE,Africa,0.002558,48.0
1989,AS,Oceania,0.00024,138.0
1989,AT,Europe,0.00535,26.0
1989,BG,Europe,0.00086,76.0
1989,CA,North America,0.05676,3.0
1989,CH,Europe,0.0228,9.0
1989,CN,Asia,0.006465,25.0
1989,DE,Europe,0.04277,5.0
1989,FR,Europe,0.051264,4.0
1989,GR,Europe,0.011602,17.0
1989,IT,Europe,0.020948,10.0
1989,MX,North America,0.015586,14.0
1989,NG,Africa,0.00223,50.0
1989,NL,Europe,0.015753,13.0
1989,SI,Europe,0.000672,89.0
1989,AU,Oceania,0.030521,6.0
1989,BD,Asia,0.001286,59.0
1989,BH,Asia,0.000367,114.0
1989,CL,South America,0.005252,27.0
1989,HK,Asia,0.00252,49.0
1989,HR,Europe,0.001239,62.0
1989,ID,Asia,0.001386,57.0
1989,IR,Asia,0.003642,40.0
1989,JP,Asia,0.020067,11.0
1989,KR,Asia,0.015144,15.0
1989,LK,Asia,0.000737,82.0
1989,MY,Asia,0.009683,20.0
1989,NP,Asia,0.000246,137.0
1989,NZ,Oceania,0.0078,23.0
1989,PG,Oceania,0.001223,65.0
1989,PH,Asia,0.001273,60.0
1989,PK,Asia,0.001197,67.0
1989,PL,Europe,0.004487,35.0
1989,SA,Asia,0.003787,39.0
1989,SG,Asia,0.003959,37.0
1989,TH,Asia,0.001386,57.0
1989,TR,Asia,0.004968,33.0
1989,UG,Africa,9.1e-05,154.0
1989,ZA,Africa,0.004709,34.0
1989,AZ,Asia,0.000405,111.0
1989,UA,Europe,0.00316,44.0
1989,BE,Europe,0.011079,18.0
1989,BI,Africa,9.1e-05,154.0
1989,DZ,Africa,0.003559,41.0
1989,ES,Europe,0.024739,7.0
1989,FI,Europe,0.004258,36.0
1989,MA,Africa,0.001509,55.0
1989,PE,South America,0.003175,43.0
1989,PT,Europe,0.012563,16.0
1989,TN,Africa,0.001766,53.0
1989,UY,South America,0.001225,64.0
1989,SK,Europe,0.000587,93.0
1989,GH,Africa,0.000811,79.0
1989,BJ,Africa,0.000191,144.0
1989,BM,North America,0.000414,107.0
1989,BO,South America,0.00107,72.0
1989,AO,Africa,9.1e-05,154.0
1989,IL,Asia,0.005205,28.0
1989,VE,South America,0.005098,31.0
1989,BW,Africa,0.000524,99.0
1989,ZW,Africa,0.001419,56.0
1989,BY,Europe,0.000553,97.0
1989,BZ,North America,0.000414,107.0
1989,CR,North America,0.001201,66.0
1989,DK,Europe,0.006575,24.0
1989,HU,Europe,0.003015,45.0
1989,IE,Europe,0.005101,30.0
1989,IS,Europe,0.001621,54.0
1989,LT,Europe,0.000434,105.0
1989,MM,Asia,0.000367,114.0
1989,MT,Europe,0.000644,91.0
1989,NI,North America,0.000581,95.0
1989,TW,Asia,0.017847,12.0
1989,CD,Africa,0.000324,125.0
1989,CF,Africa,0.000382,113.0
1989,CZ,Europe,0.001058,73.0
1989,CI,Africa,0.000656,90.0
1989,CM,Africa,0.001174,69.0
1989,HN,North America,0.000173,147.0
1989,PA,North America,0.001092,70.0
1989,UZ,Asia,0.00015,150.0
1989,CW,North America,0.000307,129.0
1989,CY,Europe,0.000314,127.0
1989,VN,Asia,0.000535,98.0
1989,BA,Europe,9.1e-05,154.0
1989,KW,Asia,0.00123,63.0
1989,LV,Europe,0.00015,150.0
1989,NO,Europe,0.003841,38.0
1989,RO,Europe,0.000185,146.0
1989,EE,Europe,0.000448,104.0
1989,QA,Asia,0.000833,77.0
1989,GD,North America,0.000414,107.0
1989,IQ,Asia,0.001259,61.0
1989,PR,North America,0.003181,42.0
1989,ER,Africa,9.1e-05,154.0
1989,ET,Africa,0.000274,130.0
1989,FJ,Oceania,0.000728,84.0
1989,TO,Oceania,9.1e-05,154.0
1989,FM,Oceania,0.000328,124.0
1989,AL,Europe,9.1e-05,154.0
1989,MZ,Africa,0.000314,127.0
1989,NE,Africa,0.000813,78.0
1989,PF,Oceania,0.000332,119.0
1989,RS,Europe,0.000886,75.0
1989,SN,Africa,0.00075,81.0
1989,SY,Asia,0.000507,101.0
1989,TD,Africa,0.000332,119.0
1989,YE,Asia,9.1e-05,154.0
1989,GA,Africa,0.000367,114.0
1989,GI,Europe,9.1e-05,154.0
1989,JM,North America,0.000691,87.0
1989,LY,Africa,0.000506,102.0
1989,MO,Asia,0.00056,96.0
1989,MV,Asia,0.000367,114.0
1989,MW,Africa,0.000737,82.0
1989,OM,Asia,0.001088,71.0
1989,PS,Asia,0.001037,74.0
1989,SD,Africa,0.000792,80.0
1989,SZ,Africa,0.000347,118.0
1989,TZ,Africa,0.00024,138.0
1989,ZM,Africa,0.000644,91.0
1989,GE,Asia,0.000713,85.0
1989,GF,South America,0.000332,119.0
1989,GL,North America,0.000433,106.0
1989,GM,Africa,0.000191,144.0
1989,GT,North America,0.000166,148.0
1989,GW,Africa,0.000329,123.0
1989,ME,Europe,9.1e-05,154.0
1989,CG,Africa,9.1e-05,154.0
1989,IO,Oceania,0.000195,142.0
1989,SO,Africa,0.000255,132.0
1989,VA,Europe,0.000255,132.0
1989,JE,Europe,0.000265,131.0
1989,NC,Oceania,9.1e-05,154.0
1989,KG,Asia,0.000233,140.0
1989,KZ,Asia,0.00071,86.0
1989,MD,Europe,0.00015,150.0
1989,MG,Africa,0.000388,112.0
1989,MN,Asia,0.00015,150.0
1989,MR,Africa,0.000215,141.0
1989,MU,Africa,0.000332,119.0
1989,SV,North America,9.1e-05,154.0
1989,PN,Oceania,9.1e-05,154.0
1989,CV,Africa,9.1e-05,154.0
1989,LA,Asia,9.1e-05,154.0
1989,TJ,Asia,9.1e-05,154.0
1989,SC,Africa,0.000163,149.0
1989,MK,Europe,9.1e-05,154.0
1989,SL,Africa,0.000678,88.0
1989,SM,Europe,0.000255,132.0
1989,SR,South America,0.000247,136.0
1989,TT,North America,0.000319,126.0
1989,GU,Oceania,9.1e-05,154.0
1989,GY,South America,9.1e-05,154.0
1989,KH,Asia,9.1e-05,154.0
1990,GB,Europe,0.127343,2.0
1990,AE,Asia,0.001335,63.0
1990,IN,Asia,0.008825,20.0
1990,JO,Asia,0.002562,46.0
1990,SD,Africa,0.000778,78.0
1990,SE,Europe,0.01198,15.0
1990,US,North America,0.240877,1.0
1990,RU,Europe,0.005103,30.0
1990,AF,Asia,0.000122,157.0
1990,XK,Other,9.3e-05,162.0
1990,AL,Europe,0.000185,142.0
1990,AM,Asia,0.00018,144.0
1990,CU,North America,0.001433,61.0
1990,AO,Africa,0.000271,128.0
1990,AU,Oceania,0.030564,6.0
1990,AR,South America,0.003358,39.0
1990,BR,South America,0.019652,11.0
1990,CL,South America,0.003121,40.0
1990,CO,South America,0.006256,27.0
1990,EC,South America,0.00147,60.0
1990,ES,Europe,0.030503,7.0
1990,IE,Europe,0.009308,19.0
1990,IT,Europe,0.029526,8.0
1990,PE,South America,0.00237,50.0
1990,UY,South America,0.000443,101.0
1990,AT,Europe,0.005028,31.0
1990,BG,Europe,0.001002,72.0
1990,CA,North America,0.063005,3.0
1990,CN,Asia,0.004503,32.0
1990,CZ,Europe,0.001018,70.0
1990,DE,Europe,0.043759,5.0
1990,DK,Europe,0.004398,34.0
1990,GR,Europe,0.007825,23.0
1990,NL,Europe,0.015238,13.0
1990,PL,Europe,0.003873,37.0
1990,PT,Europe,0.011719,17.0
1990,RO,Europe,0.000754,79.0
1990,SI,Europe,0.000817,76.0
1990,SK,Europe,0.000519,92.0
1990,TR,Asia,0.006767,26.0
1990,FR,Europe,0.054332,4.0
1990,HK,Asia,0.002552,47.0
1990,ID,Asia,0.002501,48.0
1990,IR,Asia,0.008198,22.0
1990,JP,Asia,0.022897,10.0
1990,KE,Africa,0.002214,51.0
1990,KR,Asia,0.017079,12.0
1990,MY,Asia,0.006837,25.0
1990,NZ,Oceania,0.006037,28.0
1990,PH,Asia,0.001618,58.0
1990,PK,Asia,0.001554,59.0
1990,SG,Asia,0.005689,29.0
1990,SR,South America,0.000271,128.0
1990,TH,Asia,0.002841,42.0
1990,ZA,Africa,0.007587,24.0
1990,AZ,Asia,0.000215,134.0
1990,UA,Europe,0.001796,55.0
1990,BA,Europe,0.000122,157.0
1990,BB,North America,0.000422,105.0
1990,MX,North America,0.011737,16.0
1990,BO,South America,0.000378,110.0
1990,BE,Europe,0.011411,18.0
1990,CH,Europe,0.025012,9.0
1990,EG,Africa,0.003627,38.0
1990,HU,Europe,0.00249,49.0
1990,IL,Asia,0.008421,21.0
1990,LU,Europe,9.3e-05,162.0
1990,MA,Africa,0.002836,43.0
1990,NG,Africa,0.002942,41.0
1990,NP,Asia,0.000454,100.0
1990,IQ,Asia,0.000817,76.0
1990,VN,Asia,0.000611,86.0
1990,BJ,Africa,0.000347,111.0
1990,BL,North America,0.000121,160.0
1990,BM,North America,0.000347,111.0
1990,BD,Asia,9.3e-05,162.0
1990,BN,Asia,0.000101,161.0
1990,CM,Africa,0.001049,68.0
1990,HN,North America,0.001076,67.0
1990,NI,North America,0.000961,73.0
1990,BS,North America,0.000347,111.0
1990,BW,Africa,0.001211,64.0
1990,UG,Africa,0.000661,84.0
1990,ZM,Africa,0.000693,80.0
1990,ZW,Africa,0.002082,52.0
1990,BY,Europe,0.000158,150.0
1990,BI,Africa,9.3e-05,162.0
1990,CI,Africa,0.000494,96.0
1990,DZ,Africa,0.004467,33.0
1990,FI,Europe,0.004144,35.0
1990,FJ,Oceania,0.000384,109.0
1990,GH,Africa,0.000432,103.0
1990,JM,North America,0.000302,126.0
1990,LK,Asia,0.00205,53.0
1990,PS,Asia,0.000571,89.0
1990,SA,Asia,0.002741,44.0
1990,SY,Asia,0.00134,62.0
1990,TN,Africa,0.00175,56.0
1990,VE,South America,0.002687,45.0
1990,CD,Africa,0.00026,130.0
1990,LB,Asia,0.000507,93.0
1990,NO,Europe,0.00401,36.0
1990,RS,Europe,0.000485,97.0
1990,MO,Asia,0.000459,98.0
1990,CR,North America,0.00203,54.0
1990,MZ,Africa,0.000552,91.0
1990,PA,North America,0.000677,82.0
1990,CV,Africa,0.000175,147.0
1990,CY,Europe,0.001688,57.0
1990,ET,Africa,0.000618,85.0
1990,HR,Europe,0.000556,90.0
1990,IS,Europe,0.000959,74.0
1990,LT,Europe,0.000208,137.0
1990,LY,Africa,0.000687,81.0
1990,DJ,Africa,0.000333,119.0
1990,DM,North America,0.000205,138.0
1990,DO,North America,0.000854,75.0
1990,EE,Europe,0.00018,144.0
1990,KW,Asia,0.000177,146.0
1990,YE,Asia,0.000669,83.0
1990,PR,North America,0.000409,107.0
1990,ER,Africa,9.3e-05,162.0
1990,UZ,Asia,0.000151,151.0
1990,GA,Africa,0.000434,102.0
1990,RE,Africa,0.000573,88.0
1990,SC,Africa,0.000218,133.0
1990,SN,Africa,0.000496,95.0
1990,GM,Africa,0.000457,99.0
1990,MT,Europe,0.00032,124.0
1990,MV,Asia,9.3e-05,162.0
1990,MW,Africa,0.001004,71.0
1990,PG,Oceania,0.000574,87.0
1990,SS,Africa,9.3e-05,162.0
1990,TW,Asia,0.012173,14.0
1990,TZ,Africa,0.001168,66.0
1990,VC,North America,9.3e-05,162.0
1990,GD,North America,0.000191,141.0
1990,GE,Asia,0.000215,134.0
1990,GP,North America,0.000333,119.0
1990,GT,North America,0.001181,65.0
1990,SV,North America,0.000347,111.0
1990,PY,South America,0.000428,104.0
1990,QA,Asia,0.000199,140.0
1990,KG,Asia,0.000141,153.0
1990,KH,Asia,0.00016,149.0
1990,KZ,Asia,0.000388,108.0
1990,LA,Asia,0.000175,147.0
1990,LI,Europe,0.00026,130.0
1990,SO,Africa,9.3e-05,162.0
1990,LS,Africa,0.000185,142.0
1990,LV,Europe,0.000215,134.0
1990,MD,Europe,0.000322,123.0
1990,ME,Europe,0.000128,155.0
1990,MG,Africa,0.000333,119.0
1990,MK,Europe,0.000128,155.0
1990,ML,Africa,0.000129,154.0
1990,MM,Asia,0.000347,111.0
1990,MN,Asia,0.000151,151.0
1990,MR,Africa,0.000278,127.0
1990,MU,Africa,0.000236,132.0
1990,OM,Asia,0.000498,94.0
1990,BZ,North America,9.3e-05,162.0
1990,NE,Africa,0.000122,157.0
1990,TT,North America,0.001042,69.0
1990,PF,Oceania,0.000333,119.0
1990,TJ,Asia,9.3e-05,162.0
1990,RW,Africa,0.000412,106.0
1990,KM,Africa,9.3e-05,162.0
1990,SL,Africa,0.00032,124.0
1990,SZ,Africa,0.000205,138.0
1990,TD,Africa,0.000347,111.0
1990,AQ,Other,9.3e-05,162.0
1990,BF,Africa,9.3e-05,162.0
1990,TG,Africa,9.3e-05,162.0
1990,VG,North America,9.3e-05,162.0
1990,VI,North America,0.000347,111.0
1990,VA,Europe,0.000345,118.0
1991,ES,Europe,0.030725,7.0
1991,AD,Europe,0.000289,134.0
1991,CA,North America,0.053308,4.0
1991,AE,Asia,0.000564,98.0
1991,IN,Asia,0.009371,19.0
1991,SD,Africa,0.001296,66.0
1991,UA,Europe,0.001448,63.0
1991,RU,Europe,0.005154,32.0
1991,AM,Asia,0.000382,113.0
1991,US,North America,0.239055,1.0
1991,CU,North America,0.001309,65.0
1991,AO,Africa,0.000233,143.0
1991,AU,Oceania,0.033032,6.0
1991,AR,South America,0.002248,51.0
1991,BR,South America,0.014172,14.0
1991,DE,Europe,0.044089,5.0
1991,DO,North America,0.000591,93.0
1991,FR,Europe,0.055171,3.0
1991,GB,Europe,0.116081,2.0
1991,IL,Asia,0.008358,21.0
1991,CN,Asia,0.004144,38.0
1991,AS,Oceania,0.000122,157.0
1991,AT,Europe,0.005153,33.0
1991,BG,Europe,0.000757,82.0
1991,CH,Europe,0.023644,9.0
1991,CZ,Europe,0.00121,67.0
1991,EG,Africa,0.005137,35.0
1991,HR,Europe,0.000819,79.0
1991,HU,Europe,0.002884,46.0
1991,IT,Europe,0.02853,8.0
1991,LV,Europe,0.000126,155.0
1991,RO,Europe,0.001939,55.0
1991,SI,Europe,0.000431,109.0
1991,SK,Europe,0.000684,86.0
1991,TR,Asia,0.008822,20.0
1991,ZA,Africa,0.005392,31.0
1991,DK,Europe,0.006756,27.0
1991,FJ,Oceania,0.00082,78.0
1991,HK,Asia,0.005487,30.0
1991,ID,Asia,0.003258,43.0
1991,IE,Europe,0.007887,24.0
1991,IR,Asia,0.007092,26.0
1991,JP,Asia,0.018512,11.0
1991,KE,Africa,0.003017,44.0
1991,LK,Asia,0.00083,77.0
1991,MW,Africa,0.000104,159.0
1991,MY,Asia,0.008063,22.0
1991,NG,Africa,0.003385,42.0
1991,NL,Europe,0.019379,10.0
1991,NZ,Oceania,0.006443,28.0
1991,PK,Asia,0.000651,89.0
1991,PL,Europe,0.004793,36.0
1991,PT,Europe,0.012716,16.0
1991,SE,Europe,0.012167,17.0
1991,SZ,Africa,0.000548,100.0
1991,TH,Asia,0.002944,45.0
1991,VN,Asia,0.00021,147.0
1991,GE,Asia,0.000254,139.0
1991,AZ,Asia,0.000222,145.0
1991,BA,Europe,0.000188,150.0
1991,RS,Europe,0.000575,95.0
1991,BE,Europe,0.011665,18.0
1991,BD,Asia,0.000641,90.0
1991,CL,South America,0.003952,40.0
1991,CO,South America,0.005148,34.0
1991,EC,South America,0.001162,69.0
1991,FI,Europe,0.003462,41.0
1991,GR,Europe,0.007549,25.0
1991,MA,Africa,0.002262,50.0
1991,MX,North America,0.013744,15.0
1991,NO,Europe,0.004055,39.0
1991,PE,South America,0.002295,49.0
1991,PR,North America,0.001929,56.0
1991,TW,Asia,0.015619,13.0
1991,ZM,Africa,0.000568,97.0
1991,BJ,Africa,0.000104,159.0
1991,BF,Africa,0.000155,153.0
1991,MN,Asia,0.000219,146.0
1991,BH,Asia,0.000313,129.0
1991,BN,Asia,0.000172,151.0
1991,BO,South America,0.000672,87.0
1991,UY,South America,0.000901,73.0
1991,LA,Asia,0.000104,159.0
1991,LT,Europe,0.000194,149.0
1991,MZ,Africa,0.000121,158.0
1991,SV,North America,0.000462,106.0
1991,VE,South America,0.002823,47.0
1991,BS,North America,0.000337,116.0
1991,BW,Africa,0.000732,84.0
1991,BY,Europe,0.000167,152.0
1991,DZ,Africa,0.002649,48.0
1991,JO,Asia,0.004668,37.0
1991,KR,Asia,0.017157,12.0
1991,KW,Asia,0.000579,94.0
1991,PH,Asia,0.001794,59.0
1991,SA,Asia,0.005699,29.0
1991,TT,North America,0.000266,138.0
1991,ZW,Africa,0.000803,80.0
1991,CD,Africa,0.000569,96.0
1991,CF,Africa,0.000535,103.0
1991,CG,Africa,0.00032,123.0
1991,EE,Europe,0.00025,141.0
1991,JM,North America,0.000546,102.0
1991,CI,Africa,0.000529,104.0
1991,CM,Africa,0.000628,92.0
1991,NE,Africa,0.000553,99.0
1991,MO,Asia,0.000227,144.0
1991,GT,North America,0.000104,159.0
1991,CR,North America,0.001969,54.0
1991,NI,North America,0.000104,159.0
1991,PA,North America,0.000999,71.0
1991,AF,Asia,0.000104,159.0
1991,HN,North America,0.000666,88.0
1991,IQ,Asia,0.001787,60.0
1991,CY,Europe,0.001928,57.0
1991,ET,Africa,0.000877,76.0
1991,LB,Asia,0.002173,53.0
1991,PY,South America,0.000389,111.0
1991,SY,Asia,0.000732,84.0
1991,GL,North America,0.000289,134.0
1991,LY,Africa,0.000878,75.0
1991,ER,Africa,0.000337,116.0
1991,GM,Africa,0.000104,159.0
1991,FO,Europe,0.000289,134.0
1991,NC,Oceania,0.00032,123.0
1991,PF,Oceania,0.00032,123.0
1991,SG,Asia,0.008024,23.0
1991,TN,Africa,0.001709,61.0
1991,GA,Africa,0.00032,123.0
1991,BB,North America,0.000104,159.0
1991,BT,Asia,0.000104,159.0
1991,GH,Africa,0.001117,70.0
1991,IM,Europe,0.000313,129.0
1991,LS,Africa,0.000326,122.0
1991,MU,Africa,0.000104,159.0
1991,NP,Asia,0.000252,140.0
1991,OM,Asia,0.001352,64.0
1991,PS,Asia,0.001205,68.0
1991,SL,Africa,0.000104,159.0
1991,YE,Asia,0.000548,100.0
1991,GP,North America,0.00032,123.0
1991,AL,Europe,0.000104,159.0
1991,GU,Oceania,0.000337,116.0
1991,GW,Africa,0.000633,91.0
1991,KG,Asia,0.000295,133.0
1991,TZ,Africa,0.000479,105.0
1991,KZ,Asia,0.000442,108.0
1991,MD,Europe,0.000358,115.0
1991,UZ,Asia,0.00024,142.0
1991,IS,Europe,0.002229,52.0
1991,UG,Africa,0.001915,58.0
1991,JE,Europe,0.000104,159.0
1991,MM,Asia,0.000104,159.0
1991,PG,Oceania,0.000888,74.0
1991,KH,Asia,0.001637,62.0
1991,NR,Oceania,0.000104,159.0
1991,KI,Oceania,0.000206,148.0
1991,KM,Africa,0.000337,116.0
1991,MR,Africa,0.000104,159.0
1991,ME,Europe,0.000154,154.0
1991,MG,Africa,0.000313,129.0
1991,ML,Africa,0.000746,83.0
1991,MP,Oceania,0.000313,129.0
1991,MT,Europe,0.000784,81.0
1991,MK,Europe,0.000104,159.0
1991,TJ,Asia,0.000126,155.0
1991,PN,Oceania,0.000337,116.0
1991,QA,Asia,0.000385,112.0
1991,SN,Africa,0.000977,72.0
1991,SX,North America,0.000337,116.0
1991,TF,Oceania,0.00032,123.0
1991,TG,Africa,0.000415,110.0
1991,TO,Oceania,0.000462,106.0
1991,TM,Asia,0.000104,159.0
1991,GD,North America,0.000104,159.0
1991,KN,North America,0.000104,159.0
1991,SC,Africa,0.000104,159.0
1991,TD,Africa,0.000104,159.0
1991,VA,Europe,0.000285,137.0
1991,VU,Oceania,0.000374,114.0
1992,AU,Oceania,0.031859,7.0
1992,AE,Asia,0.001315,65.0
1992,EG,Africa,0.004066,38.0
1992,GB,Europe,0.125238,2.0
1992,LB,Asia,0.002384,48.0
1992,NZ,Oceania,0.010054,18.0
1992,PK,Asia,0.001287,66.0
1992,US,North America,0.226741,1.0
1992,PT,Europe,0.015633,14.0
1992,AF,Asia,0.000247,131.0
1992,HR,Europe,0.000504,94.0
1992,AL,Europe,0.000125,153.0
1992,AZ,Asia,0.00015,148.0
1992,AM,Asia,0.000636,91.0
1992,BG,Europe,0.000332,112.0
1992,FR,Europe,0.050978,3.0
1992,JP,Asia,0.02058,12.0
1992,CU,North America,0.000847,83.0
1992,AO,Africa,0.000354,110.0
1992,ES,Europe,0.028863,8.0
1992,HU,Europe,0.002682,46.0
1992,RU,Europe,0.004752,36.0
1992,BE,Europe,0.008831,21.0
1992,AR,South America,0.004719,37.0
1992,BR,South America,0.023452,10.0
1992,CL,South America,0.004028,39.0
1992,CO,South America,0.005629,31.0
1992,DE,Europe,0.046257,4.0
1992,IL,Asia,0.008656,22.0
1992,IT,Europe,0.033458,6.0
1992,NL,Europe,0.01477,15.0
1992,PA,North America,0.000961,77.0
1992,PE,South America,0.002252,50.0
1992,PR,North America,0.001727,58.0
1992,UY,South America,0.000958,78.0
1992,AS,Oceania,0.000154,147.0
1992,CA,North America,0.041983,5.0
1992,AT,Europe,0.006726,26.0
1992,CH,Europe,0.024419,9.0
1992,CN,Asia,0.006324,28.0
1992,CZ,Europe,0.002069,52.0
1992,DK,Europe,0.00811,24.0
1992,FI,Europe,0.002355,49.0
1992,GR,Europe,0.006505,27.0
1992,PL,Europe,0.005594,32.0
1992,RO,Europe,0.001868,55.0
1992,SI,Europe,0.000502,96.0
1992,SK,Europe,0.000429,104.0
1992,SY,Asia,0.001373,62.0
1992,TR,Asia,0.009948,19.0
1992,UA,Europe,0.00196,53.0
1992,ZA,Africa,0.006277,29.0
1992,BD,Asia,0.000997,75.0
1992,GH,Africa,0.000955,79.0
1992,ID,Asia,0.003088,45.0
1992,IE,Europe,0.009571,20.0
1992,IN,Asia,0.005436,33.0
1992,IR,Asia,0.004754,35.0
1992,KE,Africa,0.002633,47.0
1992,KR,Asia,0.020573,13.0
1992,LK,Asia,0.001401,61.0
1992,LT,Europe,0.000278,123.0
1992,MX,North America,0.013172,16.0
1992,MY,Asia,0.007652,25.0
1992,NI,North America,0.000158,145.0
1992,NP,Asia,0.000521,93.0
1992,PG,Oceania,0.000172,144.0
1992,PH,Asia,0.001495,59.0
1992,SA,Asia,0.00328,43.0
1992,SE,Europe,0.010991,17.0
1992,SG,Asia,0.008166,23.0
1992,TH,Asia,0.003509,41.0
1992,TW,Asia,0.02092,11.0
1992,ZM,Africa,0.001068,72.0
1992,CM,Africa,0.000376,107.0
1992,EC,South America,0.000674,88.0
1992,HT,North America,9.6e-05,156.0
1992,IS,Europe,0.001137,69.0
1992,SD,Africa,0.000877,82.0
1992,ML,Africa,9.6e-05,156.0
1992,BF,Africa,0.000143,149.0
1992,BH,Asia,0.0002,139.0
1992,BO,South America,0.000487,99.0
1992,BI,Africa,0.000192,140.0
1992,BJ,Africa,0.000299,116.0
1992,BM,North America,0.000299,116.0
1992,BV,Oceania,9.6e-05,156.0
1992,CR,North America,0.001873,54.0
1992,CV,Africa,0.000247,131.0
1992,DO,North America,0.000797,85.0
1992,MT,Europe,0.000612,92.0
1992,PY,South America,0.000176,143.0
1992,VE,South America,0.003396,42.0
1992,BT,Asia,0.0003,115.0
1992,BW,Africa,0.00081,84.0
1992,NG,Africa,0.002167,51.0
1992,BY,Europe,0.000362,109.0
1992,BA,Europe,9.6e-05,156.0
1992,CI,Africa,9.6e-05,156.0
1992,DZ,Africa,0.001739,57.0
1992,HK,Asia,0.006213,30.0
1992,KW,Asia,0.001077,71.0
1992,LV,Europe,0.000777,86.0
1992,MA,Africa,0.001748,56.0
1992,NE,Africa,0.000299,116.0
1992,SN,Africa,9.6e-05,156.0
1992,TN,Africa,0.001372,63.0
1992,TT,North America,9.6e-05,156.0
1992,TZ,Africa,0.000912,81.0
1992,VN,Asia,0.000272,127.0
1992,CD,Africa,0.000217,136.0
1992,RS,Europe,0.001253,68.0
1992,JO,Asia,0.003771,40.0
1992,BB,North America,9.6e-05,156.0
1992,HN,North America,0.000127,152.0
1992,SV,North America,9.6e-05,156.0
1992,CY,Europe,0.003225,44.0
1992,EE,Europe,0.000114,154.0
1992,KZ,Asia,0.000282,122.0
1992,NO,Europe,0.004971,34.0
1992,SL,Africa,0.000224,135.0
1992,YE,Asia,0.000727,87.0
1992,FO,Europe,9.6e-05,156.0
1992,GL,North America,9.6e-05,156.0
1992,ZW,Africa,0.00106,73.0
1992,DM,North America,0.000263,130.0
1992,ET,Africa,0.000637,90.0
1992,ER,Africa,0.000204,137.0
1992,AD,Europe,9.6e-05,156.0
1992,LS,Africa,9.6e-05,156.0
1992,MZ,Africa,0.00048,100.0
1992,GA,Africa,0.000503,95.0
1992,MG,Africa,0.000457,102.0
1992,IQ,Asia,0.001471,60.0
1992,JM,North America,0.00019,141.0
1992,LY,Africa,0.000979,76.0
1992,MM,Asia,9.6e-05,156.0
1992,MU,Africa,9.6e-05,156.0
1992,PS,Asia,0.001367,64.0
1992,RW,Africa,0.000272,127.0
1992,UG,Africa,0.000933,80.0
1992,VI,North America,9.6e-05,156.0
1992,GD,North America,0.000488,98.0
1992,GE,Asia,0.000333,111.0
1992,GF,South America,0.000276,124.0
1992,TG,Africa,9.6e-05,156.0
1992,GM,Africa,0.000473,101.0
1992,GT,North America,0.000143,149.0
1992,GY,South America,0.000299,116.0
1992,MN,Asia,0.000321,113.0
1992,MV,Asia,0.000492,97.0
1992,BN,Asia,9.6e-05,156.0
1992,SC,Africa,9.6e-05,156.0
1992,UZ,Asia,0.00044,103.0
1992,BS,North America,9.6e-05,156.0
1992,MD,Europe,0.000204,137.0
1992,MK,Europe,0.000402,106.0
1992,KG,Asia,0.000155,146.0
1992,KH,Asia,0.000135,151.0
1992,LA,Asia,0.000235,133.0
1992,LI,Europe,0.000276,124.0
1992,LR,Africa,0.000297,121.0
1992,LU,Europe,0.001081,70.0
1992,ME,Europe,0.000264,129.0
1992,MH,Oceania,0.000299,116.0
1992,MO,Asia,0.001013,74.0
1992,MW,Africa,0.000427,105.0
1992,FJ,Oceania,9.6e-05,156.0
1992,NC,Oceania,0.00019,141.0
1992,TO,Oceania,9.6e-05,156.0
1992,OM,Asia,0.000641,89.0
1992,QA,Asia,0.001254,67.0
1992,RE,Africa,0.000276,124.0
1992,TM,Asia,0.000232,134.0
1992,CF,Africa,9.6e-05,156.0
1992,SZ,Africa,0.000369,108.0
1992,TJ,Asia,0.000114,154.0
1992,UM,North America,9.6e-05,156.0
1992,VA,Europe,0.000302,114.0
1993,ES,Europe,0.034694,5.0
1993,AD,Europe,0.000246,135.0
1993,DZ,Africa,0.002449,46.0
1993,AE,Asia,0.001119,68.0
1993,EG,Africa,0.004119,37.0
1993,GB,Europe,0.127803,2.0
1993,JO,Asia,0.001957,53.0
1993,US,North America,0.225877,1.0
1993,GR,Europe,0.009308,20.0
1993,AL,Europe,0.000242,139.0
1993,HR,Europe,0.00106,72.0
1993,GE,Asia,0.000246,135.0
1993,AM,Asia,0.000126,160.0
1993,RU,Europe,0.003502,40.0
1993,BR,South America,0.027548,8.0
1993,AR,South America,0.004983,35.0
1993,CA,North America,0.033959,7.0
1993,CL,South America,0.003986,39.0
1993,CO,South America,0.00778,25.0
1993,DE,Europe,0.045038,4.0
1993,EC,South America,0.001525,58.0
1993,FR,Europe,0.051795,3.0
1993,IL,Asia,0.008674,21.0
1993,IT,Europe,0.024474,9.0
1993,PE,South America,0.002109,51.0
1993,PY,South America,0.000392,106.0
1993,SV,North America,0.000734,83.0
1993,UY,South America,0.001008,75.0
1993,ZA,Africa,0.004147,36.0
1993,AU,Oceania,0.034323,6.0
1993,AT,Europe,0.008549,22.0
1993,BE,Europe,0.01104,19.0
1993,CH,Europe,0.02056,12.0
1993,CN,Asia,0.007292,27.0
1993,ET,Africa,0.000861,77.0
1993,ID,Asia,0.003426,41.0
1993,JP,Asia,0.02392,10.0
1993,LK,Asia,0.001436,60.0
1993,NG,Africa,0.001451,59.0
1993,NL,Europe,0.017795,13.0
1993,NP,Asia,0.000602,92.0
1993,SI,Europe,0.00046,97.0
1993,SK,Europe,0.000956,76.0
1993,TR,Asia,0.013223,17.0
1993,UA,Europe,0.001254,65.0
1993,BD,Asia,0.001043,73.0
1993,DK,Europe,0.007989,23.0
1993,FI,Europe,0.002854,45.0
1993,IE,Europe,0.007825,24.0
1993,IN,Asia,0.005961,29.0
1993,IR,Asia,0.005431,33.0
1993,KE,Africa,0.001727,55.0
1993,KR,Asia,0.022695,11.0
1993,KW,Asia,0.001102,70.0
1993,MY,Asia,0.006113,28.0
1993,MZ,Africa,0.000355,109.0
1993,NZ,Oceania,0.007575,26.0
1993,PA,North America,0.001342,62.0
1993,PG,Oceania,9e-05,162.0
1993,PH,Asia,0.001663,57.0
1993,SE,Europe,0.011665,18.0
1993,SG,Asia,0.005439,32.0
1993,TH,Asia,0.004077,38.0
1993,TW,Asia,0.017229,14.0
1993,UG,Africa,0.000757,80.0
1993,UZ,Asia,0.000195,148.0
1993,VN,Asia,0.000253,133.0
1993,AW,North America,0.000239,141.0
1993,AZ,Asia,0.00024,140.0
1993,RO,Europe,0.001103,69.0
1993,BA,Europe,0.00019,151.0
1993,RS,Europe,0.000801,78.0
1993,BG,Europe,0.000275,125.0
1993,BO,South America,0.000415,104.0
1993,CD,Africa,0.000274,126.0
1993,LU,Europe,0.000261,130.0
1993,MX,North America,0.015493,16.0
1993,NO,Europe,0.005182,34.0
1993,PL,Europe,0.005798,30.0
1993,PT,Europe,0.015586,15.0
1993,TN,Africa,0.001223,66.0
1993,CM,Africa,0.000431,103.0
1993,BF,Africa,0.000504,96.0
1993,SN,Africa,0.000319,115.0
1993,HU,Europe,0.00223,49.0
1993,MD,Europe,0.000366,108.0
1993,BH,Asia,0.000609,90.0
1993,SA,Asia,0.0033,42.0
1993,BI,Africa,0.000226,142.0
1993,BJ,Africa,0.000203,146.0
1993,BN,Asia,0.000753,82.0
1993,SZ,Africa,0.00025,134.0
1993,CU,North America,0.001206,67.0
1993,DO,North America,0.000548,94.0
1993,VE,South America,0.002256,48.0
1993,BT,Asia,0.000166,155.0
1993,BW,Africa,0.001408,61.0
1993,TZ,Africa,0.001259,64.0
1993,ZM,Africa,0.000692,86.0
1993,ZW,Africa,0.001069,71.0
1993,BY,Europe,0.000137,158.0
1993,CZ,Europe,0.002349,47.0
1993,GA,Africa,9e-05,162.0
1993,HK,Asia,0.005573,31.0
1993,LB,Asia,0.00312,43.0
1993,MA,Africa,0.001705,56.0
1993,CF,Africa,0.00018,153.0
1993,MK,Europe,0.000144,157.0
1993,CI,Africa,0.000397,105.0
1993,CR,North America,0.001751,54.0
1993,KZ,Asia,0.000285,123.0
1993,PK,Asia,0.002203,50.0
1993,GT,North America,0.000192,150.0
1993,HN,North America,0.000246,135.0
1993,NI,North America,0.000443,100.0
1993,CY,Europe,0.003041,44.0
1993,IS,Europe,0.00071,84.0
1993,MW,Africa,0.000372,107.0
1993,EE,Europe,0.000609,90.0
1993,LT,Europe,0.000763,79.0
1993,OM,Asia,0.000757,80.0
1993,YE,Asia,0.000308,118.0
1993,ER,Africa,0.000314,117.0
1993,LY,Africa,0.000321,114.0
1993,FO,Europe,0.000303,120.0
1993,CG,Africa,9e-05,162.0
1993,SY,Asia,0.000458,99.0
1993,TF,Oceania,9e-05,162.0
1993,GH,Africa,0.001041,74.0
1993,GM,Africa,9e-05,162.0
1993,IQ,Asia,0.00021,144.0
1993,LS,Africa,0.000459,98.0
1993,LV,Europe,0.00029,122.0
1993,MN,Asia,0.000442,101.0
1993,MT,Europe,0.00067,87.0
1993,MU,Africa,0.000128,159.0
1993,PS,Asia,0.000618,89.0
1993,QA,Asia,0.00066,88.0
1993,SD,Africa,0.001275,63.0
1993,TJ,Asia,9e-05,162.0
1993,TT,North America,0.000339,112.0
1993,VA,Europe,0.000158,156.0
1993,GD,North America,0.000266,128.0
1993,SL,Africa,0.000203,146.0
1993,GQ,Africa,0.000246,135.0
1993,GU,Oceania,0.000442,101.0
1993,HM,Oceania,0.000195,148.0
1993,JM,North America,0.000274,126.0
1993,KG,Asia,0.000204,145.0
1993,KH,Asia,0.000708,85.0
1993,LA,Asia,9e-05,162.0
1993,KY,North America,0.000179,154.0
1993,LI,Europe,0.000285,123.0
1993,MR,Africa,9e-05,162.0
1993,MC,Europe,0.000306,119.0
1993,ME,Europe,0.00026,132.0
1993,MG,Africa,0.000541,95.0
1993,MV,Asia,0.000182,152.0
1993,MM,Asia,9e-05,162.0
1993,NE,Africa,0.000324,113.0
1993,CW,North America,9e-05,162.0
1993,PR,North America,0.002016,52.0
1993,PF,Oceania,0.000261,130.0
1993,AF,Asia,9e-05,162.0
1993,MO,Asia,9e-05,162.0
1993,BL,North America,9e-05,162.0
1993,SB,Oceania,0.000347,110.0
1993,SS,Africa,0.0003,121.0
1993,SM,Europe,0.000212,143.0
1993,TG,Africa,0.000589,93.0
1993,AQ,Other,9e-05,162.0
1993,UM,North America,0.000266,128.0
1993,BB,North America,9e-05,162.0
1993,VI,North America,9e-05,162.0
1993,VU,Oceania,0.000317,116.0
1993,WS,Oceania,0.000347,110.0
1993,XK,Other,0.000115,161.0
1994,ES,Europe,0.031264,6.0
1994,AD,Europe,0.000349,110.0
1994,US,North America,0.215045,1.0
1994,CH,Europe,0.022781,12.0
1994,AE,Asia,0.001211,65.0
1994,EG,Africa,0.004595,35.0
1994,GB,Europe,0.125055,2.0
1994,LY,Africa,0.000798,82.0
1994,OM,Asia,0.000655,86.0
1994,SY,Asia,0.000763,83.0
1994,AT,Europe,0.006784,26.0
1994,AM,Asia,0.000336,112.0
1994,LB,Asia,0.001813,56.0
1994,RU,Europe,0.003998,41.0
1994,PT,Europe,0.011996,19.0
1994,AO,Africa,0.000266,121.0
1994,BR,South America,0.030456,7.0
1994,AR,South America,0.00351,44.0
1994,DE,Europe,0.049363,4.0
1994,EC,South America,0.00214,53.0
1994,FR,Europe,0.054134,3.0
1994,MX,North America,0.017326,14.0
1994,PE,South America,0.003225,46.0
1994,SE,Europe,0.014214,15.0
1994,VE,South America,0.0035,45.0
1994,FM,Oceania,7.5e-05,159.0
1994,AS,Oceania,0.000149,145.0
1994,AU,Oceania,0.031931,5.0
1994,BE,Europe,0.012131,17.0
1994,CN,Asia,0.01209,18.0
1994,CO,South America,0.008234,23.0
1994,CZ,Europe,0.003686,43.0
1994,FI,Europe,0.004015,40.0
1994,HR,Europe,0.000849,81.0
1994,ID,Asia,0.004148,39.0
1994,IT,Europe,0.02402,10.0
1994,JP,Asia,0.027574,9.0
1994,NL,Europe,0.018145,13.0
1994,RO,Europe,0.002771,48.0
1994,SI,Europe,0.000895,77.0
1994,SK,Europe,0.000934,71.0
1994,UA,Europe,0.001411,61.0
1994,VN,Asia,0.000432,104.0
1994,ZA,Africa,0.004979,34.0
1994,CA,North America,0.030293,8.0
1994,CL,South America,0.005966,32.0
1994,CY,Europe,0.002518,51.0
1994,GE,Asia,0.00011,153.0
1994,HK,Asia,0.00666,28.0
1994,IL,Asia,0.006446,29.0
1994,IN,Asia,0.005692,33.0
1994,IR,Asia,0.003721,42.0
1994,IS,Europe,0.00122,64.0
1994,JO,Asia,0.001931,55.0
1994,KR,Asia,0.02308,11.0
1994,LK,Asia,0.001383,62.0
1994,MW,Africa,0.000454,100.0
1994,MY,Asia,0.008466,22.0
1994,NG,Africa,0.001795,57.0
1994,NZ,Oceania,0.011655,20.0
1994,QA,Asia,0.000558,88.0
1994,RS,Europe,0.000688,85.0
1994,SG,Asia,0.004224,37.0
1994,TH,Asia,0.004348,36.0
1994,TR,Asia,0.011265,21.0
1994,TW,Asia,0.012438,16.0
1994,UG,Africa,0.000446,102.0
1994,WS,Oceania,7.5e-05,159.0
1994,ZW,Africa,0.000926,72.0
1994,AZ,Asia,0.00011,153.0
1994,BA,Europe,0.000238,123.0
1994,BD,Asia,0.000309,115.0
1994,BG,Europe,0.001307,63.0
1994,BO,South America,0.000458,99.0
1994,CU,North America,0.001755,58.0
1994,DK,Europe,0.007258,25.0
1994,DZ,Africa,0.000996,69.0
1994,GH,Africa,0.001018,68.0
1994,GR,Europe,0.007672,24.0
1994,KE,Africa,0.001158,67.0
1994,LU,Europe,0.000911,73.0
1994,MA,Africa,0.002447,52.0
1994,SA,Asia,0.002713,49.0
1994,SN,Africa,0.000298,118.0
1994,TZ,Africa,0.000478,97.0
1994,UZ,Asia,0.000168,142.0
1994,BF,Africa,0.00023,130.0
1994,MG,Africa,7.5e-05,159.0
1994,BH,Asia,0.000107,157.0
1994,BI,Africa,0.000131,151.0
1994,BM,North America,0.000231,127.0
1994,BN,Asia,0.000491,94.0
1994,PY,South America,0.000527,91.0
1994,BQ,North America,0.00014,150.0
1994,BY,Europe,0.00011,153.0
1994,DO,North America,0.000189,136.0
1994,NI,North America,0.000438,103.0
1994,PA,North America,0.001196,66.0
1994,PK,Asia,0.001566,60.0
1994,PL,Europe,0.00667,27.0
1994,SR,South America,7.5e-05,159.0
1994,UY,South America,0.000339,111.0
1994,BS,North America,0.000173,140.0
1994,BT,Asia,0.000107,157.0
1994,LS,Africa,0.000142,148.0
1994,BW,Africa,0.000647,87.0
1994,ZM,Africa,0.000413,106.0
1994,HU,Europe,0.004153,38.0
1994,JM,North America,0.000232,126.0
1994,SL,Africa,7.5e-05,159.0
1994,TN,Africa,0.00297,47.0
1994,CD,Africa,0.000142,148.0
1994,RW,Africa,0.000516,92.0
1994,CG,Africa,0.000491,94.0
1994,NO,Europe,0.006417,30.0
1994,CI,Africa,0.000886,78.0
1994,GM,Africa,0.000231,127.0
1994,CR,North America,0.002649,50.0
1994,CM,Africa,0.000201,135.0
1994,IE,Europe,0.00635,31.0
1994,MN,Asia,0.00011,153.0
1994,MO,Asia,0.000331,113.0
1994,MU,Africa,7.5e-05,159.0
1994,SD,Africa,0.000701,84.0
1994,HN,North America,0.000304,116.0
1994,GT,North America,0.000476,98.0
1994,SV,North America,0.000555,90.0
1994,CV,Africa,0.000286,120.0
1994,CW,North America,0.000127,152.0
1994,LT,Europe,0.000181,139.0
1994,ME,Europe,0.000144,146.0
1994,IQ,Asia,0.000903,74.0
1994,MK,Europe,0.000451,101.0
1994,NP,Asia,0.000557,89.0
1994,MZ,Africa,0.000304,116.0
1994,EE,Europe,0.000484,96.0
1994,MV,Asia,0.000231,127.0
1994,YE,Asia,0.000941,70.0
1994,ET,Africa,0.000896,76.0
1994,ER,Africa,7.5e-05,159.0
1994,BJ,Africa,7.5e-05,159.0
1994,DJ,Africa,7.5e-05,159.0
1994,GF,South America,7.5e-05,159.0
1994,LI,Europe,0.000258,122.0
1994,LV,Europe,0.00037,107.0
1994,NE,Africa,0.000219,133.0
1994,RE,Africa,0.000364,108.0
1994,TD,Africa,7.5e-05,159.0
1994,AF,Asia,7.5e-05,159.0
1994,GY,South America,7.5e-05,159.0
1994,MM,Asia,7.5e-05,159.0
1994,MT,Europe,0.000862,80.0
1994,PS,Asia,0.000885,79.0
1994,TT,North America,0.000235,124.0
1994,MD,Europe,0.000189,136.0
1994,TG,Africa,7.5e-05,159.0
1994,GI,Europe,0.000414,105.0
1994,GL,North America,0.000221,132.0
1994,GP,North America,0.000364,108.0
1994,GD,North America,7.5e-05,159.0
1994,HT,North America,0.000153,144.0
1994,KZ,Asia,0.000511,93.0
1994,TJ,Asia,7.5e-05,159.0
1994,AL,Europe,7.5e-05,159.0
1994,PH,Asia,0.002091,54.0
1994,KG,Asia,0.00016,143.0
1994,KI,Oceania,0.000228,131.0
1994,MR,Africa,7.5e-05,159.0
1994,KW,Asia,0.0009,75.0
1994,MC,Europe,0.000219,133.0
1994,ML,Africa,0.000183,138.0
1994,PR,North America,0.0016,59.0
1994,SS,Africa,0.000144,146.0
1994,SO,Africa,0.000329,114.0
1994,ST,Africa,0.00017,141.0
1994,TC,North America,0.000235,124.0
1994,GW,Africa,7.5e-05,159.0
1994,FJ,Oceania,7.5e-05,159.0
1994,SZ,Africa,7.5e-05,159.0
1994,TM,Asia,7.5e-05,159.0
1994,TO,Oceania,7.5e-05,159.0
1994,VA,Europe,0.000289,119.0
1995,AU,Oceania,0.036448,6.0
1995,AE,Asia,0.000955,69.0
1995,EG,Africa,0.005806,36.0
1995,GB,Europe,0.12843,2.0
1995,IN,Asia,0.007512,29.0
1995,OM,Asia,0.000475,98.0
1995,PH,Asia,0.002267,52.0
1995,PK,Asia,0.002346,49.0
1995,AF,Asia,0.000143,157.0
1995,US,North America,0.207525,1.0
1995,AI,North America,0.000219,138.0
1995,FR,Europe,0.046917,3.0
1995,AM,Asia,0.000241,131.0
1995,FI,Europe,0.003553,43.0
1995,AO,Africa,0.000269,126.0
1995,PT,Europe,0.013277,17.0
1995,AQ,Other,0.000219,138.0
1995,BO,South America,0.000768,76.0
1995,AR,South America,0.004825,39.0
1995,BR,South America,0.025747,8.0
1995,CA,North America,0.03424,7.0
1995,CL,South America,0.006505,31.0
1995,CN,Asia,0.011015,19.0
1995,CO,South America,0.008347,24.0
1995,DO,North America,0.000465,99.0
1995,EC,South America,0.002344,50.0
1995,ES,Europe,0.039283,5.0
1995,IE,Europe,0.007549,28.0
1995,IT,Europe,0.022488,11.0
1995,JP,Asia,0.024216,9.0
1995,MX,North America,0.014253,15.0
1995,NG,Africa,0.00278,47.0
1995,PE,South America,0.004189,41.0
1995,PY,South America,0.000169,152.0
1995,AT,Europe,0.007772,27.0
1995,CU,North America,0.001467,57.0
1995,CZ,Europe,0.003153,46.0
1995,DE,Europe,0.045449,4.0
1995,ET,Africa,0.000594,87.0
1995,GR,Europe,0.008246,25.0
1995,HR,Europe,0.000613,85.0
1995,HU,Europe,0.002138,54.0
1995,LT,Europe,0.000539,91.0
1995,LU,Europe,0.00019,148.0
1995,NL,Europe,0.017027,13.0
1995,NO,Europe,0.00815,26.0
1995,RO,Europe,0.001375,59.0
1995,RU,Europe,0.004408,40.0
1995,SE,Europe,0.014954,14.0
1995,SG,Asia,0.006336,33.0
1995,TN,Africa,0.001273,62.0
1995,TR,Asia,0.011562,18.0
1995,ZA,Africa,0.005933,34.0
1995,BA,Europe,0.000201,147.0
1995,BD,Asia,0.000541,89.0
1995,BE,Europe,0.010538,21.0
1995,BH,Asia,0.000441,101.0
1995,BN,Asia,7.2e-05,164.0
1995,CH,Europe,0.021743,12.0
1995,DK,Europe,0.008664,22.0
1995,EE,Europe,0.000216,146.0
1995,HK,Asia,0.006939,30.0
1995,ID,Asia,0.003507,44.0
1995,IR,Asia,0.005421,37.0
1995,KI,Oceania,7.2e-05,164.0
1995,KR,Asia,0.023881,10.0
1995,KW,Asia,0.001339,60.0
1995,LV,Europe,0.000163,153.0
1995,MU,Africa,7.2e-05,164.0
1995,MY,Asia,0.008388,23.0
1995,NZ,Oceania,0.010722,20.0
1995,PG,Oceania,0.000491,97.0
1995,SA,Asia,0.003704,42.0
1995,TH,Asia,0.005114,38.0
1995,TW,Asia,0.013942,16.0
1995,VE,South America,0.003475,45.0
1995,VN,Asia,0.000791,75.0
1995,VU,Oceania,0.000299,120.0
1995,SI,Europe,0.000605,86.0
1995,BB,North America,0.000366,110.0
1995,AL,Europe,7.2e-05,164.0
1995,DZ,Africa,0.000434,102.0
1995,ER,Africa,7.2e-05,164.0
1995,JO,Asia,0.002622,48.0
1995,KE,Africa,0.001328,61.0
1995,MA,Africa,0.002263,53.0
1995,ML,Africa,7.2e-05,164.0
1995,PS,Asia,0.000751,77.0
1995,UA,Europe,0.001407,58.0
1995,CI,Africa,0.000335,116.0
1995,BF,Africa,0.000238,132.0
1995,BG,Europe,0.001151,65.0
1995,GW,Africa,0.000269,126.0
1995,BJ,Africa,0.00041,103.0
1995,NE,Africa,7.2e-05,164.0
1995,IL,Asia,0.006497,32.0
1995,UY,South America,0.000349,115.0
1995,BS,North America,0.000646,82.0
1995,BT,Asia,0.000124,161.0
1995,BW,Africa,0.000541,89.0
1995,BY,Europe,0.000529,93.0
1995,PL,Europe,0.005877,35.0
1995,CF,Africa,7.2e-05,164.0
1995,FJ,Oceania,0.000366,110.0
1995,GH,Africa,0.000809,73.0
1995,IS,Europe,0.001197,63.0
1995,LK,Asia,0.000894,71.0
1995,LY,Africa,0.000255,129.0
1995,PR,North America,0.002307,51.0
1995,RS,Europe,0.001525,56.0
1995,ZW,Africa,0.000802,74.0
1995,RE,Africa,0.000307,118.0
1995,SK,Europe,0.001046,68.0
1995,TG,Africa,7.2e-05,164.0
1995,PA,North America,0.000562,88.0
1995,CM,Africa,0.00023,133.0
1995,MO,Asia,0.000502,96.0
1995,NP,Asia,0.000379,107.0
1995,UG,Africa,0.000741,78.0
1995,CG,Africa,7.2e-05,164.0
1995,KY,North America,7.2e-05,164.0
1995,NI,North America,0.00017,151.0
1995,CR,North America,0.001149,66.0
1995,GT,North America,0.000637,83.0
1995,HN,North America,0.000513,94.0
1995,CV,Africa,9.1e-05,162.0
1995,CY,Europe,0.000947,70.0
1995,MK,Europe,0.000636,84.0
1995,AZ,Asia,7.2e-05,164.0
1995,KZ,Asia,0.00045,100.0
1995,LR,Africa,7.2e-05,164.0
1995,SN,Africa,0.00019,148.0
1995,SY,Asia,0.00082,72.0
1995,UZ,Asia,0.000264,128.0
1995,GL,North America,7.2e-05,164.0
1995,SD,Africa,0.000533,92.0
1995,QA,Asia,0.001135,67.0
1995,SV,North America,0.000311,117.0
1995,TZ,Africa,0.000677,80.0
1995,FO,Europe,0.00029,123.0
1995,BI,Africa,7.2e-05,164.0
1995,GA,Africa,0.000513,94.0
1995,IQ,Asia,0.000387,104.0
1995,LB,Asia,0.00183,55.0
1995,MG,Africa,0.000223,137.0
1995,TF,Oceania,7.2e-05,164.0
1995,YE,Asia,7.2e-05,164.0
1995,GM,Africa,0.00023,133.0
1995,JM,North America,0.000373,109.0
1995,KH,Asia,0.000381,106.0
1995,LI,Europe,0.000354,114.0
1995,MM,Asia,0.00023,133.0
1995,MT,Europe,0.001154,64.0
1995,MW,Africa,0.000219,138.0
1995,RW,Africa,0.000133,160.0
1995,SL,Africa,0.000284,125.0
1995,TO,Oceania,7.2e-05,164.0
1995,ZM,Africa,0.000387,104.0
1995,GE,Asia,0.000218,145.0
1995,GG,Europe,0.00023,133.0
1995,GP,North America,0.000307,118.0
1995,GU,Oceania,0.000366,110.0
1995,TL,Asia,7.2e-05,164.0
1995,CD,Africa,7.2e-05,164.0
1995,VA,Europe,7.2e-05,164.0
1995,KG,Asia,0.000298,122.0
1995,LC,North America,0.000219,138.0
1995,MC,Europe,0.000355,113.0
1995,MD,Europe,0.000174,150.0
1995,ME,Europe,0.000379,107.0
1995,MH,Oceania,0.000219,138.0
1995,MN,Asia,0.000136,159.0
1995,MP,Oceania,0.000162,154.0
1995,MZ,Africa,0.000674,81.0
1995,ST,Africa,7.2e-05,164.0
1995,TM,Asia,7.2e-05,164.0
1995,SB,Oceania,0.000254,130.0
1995,SH,Africa,7.2e-05,164.0
1995,SR,South America,0.000299,120.0
1995,SS,Africa,0.000138,158.0
1995,SX,North America,0.000219,138.0
1995,TC,North America,0.000146,156.0
1995,TK,Oceania,0.000154,155.0
1995,TJ,Asia,9.1e-05,162.0
1995,TT,North America,0.0007,79.0
1995,TV,Oceania,0.00029,123.0
1995,HT,North America,7.2e-05,164.0
1995,KM,Africa,7.2e-05,164.0
1995,LS,Africa,7.2e-05,164.0
1995,UM,North America,7.2e-05,164.0
1995,VI,North America,0.000219,138.0
1995,SZ,Africa,7.2e-05,164.0
1996,EG,Africa,0.004049,41.0
1996,AE,Asia,0.001867,60.0
1996,ES,Europe,0.03529,5.0
1996,FJ,Oceania,0.00038,109.0
1996,GB,Europe,0.128703,2.0
1996,IN,Asia,0.009391,23.0
1996,JO,Asia,0.003738,45.0
1996,LB,Asia,0.001944,58.0
1996,PH,Asia,0.002051,54.0
1996,SA,Asia,0.00378,44.0
1996,SD,Africa,0.000659,91.0
1996,US,North America,0.194677,1.0
1996,DE,Europe,0.047558,4.0
1996,AF,Asia,0.000167,157.0
1996,AL,Europe,0.000183,151.0
1996,IR,Asia,0.006128,34.0
1996,AM,Asia,0.00032,121.0
1996,RU,Europe,0.004246,40.0
1996,SY,Asia,0.000398,108.0
1996,BR,South America,0.026269,8.0
1996,AO,Africa,0.000227,141.0
1996,CO,South America,0.008863,25.0
1996,AR,South America,0.003896,43.0
1996,CL,South America,0.0054,36.0
1996,CR,North America,0.00211,53.0
1996,CU,North America,0.001834,63.0
1996,EC,South America,0.001902,59.0
1996,FR,Europe,0.048343,3.0
1996,HN,North America,0.000376,111.0
1996,IT,Europe,0.020491,11.0
1996,JP,Asia,0.022937,9.0
1996,PY,South America,0.000294,124.0
1996,RO,Europe,0.002502,49.0
1996,UY,South America,0.000331,117.0
1996,AT,Europe,0.01006,22.0
1996,BG,Europe,0.000656,92.0
1996,CA,North America,0.030799,7.0
1996,CH,Europe,0.022892,10.0
1996,CN,Asia,0.008315,26.0
1996,CZ,Europe,0.002421,52.0
1996,FI,Europe,0.005202,37.0
1996,HR,Europe,0.001771,65.0
1996,KR,Asia,0.018197,14.0
1996,LI,Europe,7.5e-05,173.0
1996,LT,Europe,0.00108,74.0
1996,LV,Europe,0.000674,90.0
1996,MX,North America,0.012461,17.0
1996,NL,Europe,0.019349,12.0
1996,NO,Europe,0.006815,33.0
1996,NZ,Oceania,0.008934,24.0
1996,PL,Europe,0.00715,30.0
1996,SE,Europe,0.018224,13.0
1996,SI,Europe,0.001515,67.0
1996,SK,Europe,0.001314,70.0
1996,TH,Asia,0.004866,39.0
1996,TR,Asia,0.008167,27.0
1996,UG,Africa,0.00069,88.0
1996,AU,Oceania,0.034109,6.0
1996,BD,Asia,0.002013,56.0
1996,BE,Europe,0.014307,15.0
1996,BW,Africa,0.000739,86.0
1996,DK,Europe,0.010529,19.0
1996,ET,Africa,0.001071,75.0
1996,GR,Europe,0.010478,20.0
1996,HK,Asia,0.007134,31.0
1996,HU,Europe,0.003069,47.0
1996,ID,Asia,0.003989,42.0
1996,IQ,Asia,0.00082,82.0
1996,JM,North America,0.000472,106.0
1996,KH,Asia,0.000292,125.0
1996,LK,Asia,0.002448,51.0
1996,MK,Europe,0.000274,128.0
1996,MY,Asia,0.01062,18.0
1996,PG,Oceania,0.000601,96.0
1996,PK,Asia,0.002954,48.0
1996,PT,Europe,0.013911,16.0
1996,RS,Europe,0.001277,71.0
1996,SG,Asia,0.005859,35.0
1996,TW,Asia,0.010467,21.0
1996,VN,Asia,0.001065,76.0
1996,ZA,Africa,0.006998,32.0
1996,ZW,Africa,0.00184,62.0
1996,AW,North America,0.000219,142.0
1996,AX,Europe,0.000267,132.0
1996,IL,Asia,0.007671,29.0
1996,AZ,Asia,0.000364,112.0
1996,BA,Europe,0.000807,85.0
1996,BB,North America,0.000242,137.0
1996,PS,Asia,0.002048,55.0
1996,ZM,Africa,0.000505,104.0
1996,BF,Africa,0.000506,103.0
1996,BO,South America,0.001021,78.0
1996,CD,Africa,0.00018,153.0
1996,GE,Asia,0.000167,157.0
1996,MA,Africa,0.002457,50.0
1996,PE,South America,0.004953,38.0
1996,TN,Africa,0.001783,64.0
1996,TZ,Africa,0.00062,94.0
1996,UA,Europe,0.001852,61.0
1996,BJ,Africa,0.000264,135.0
1996,ML,Africa,7.5e-05,173.0
1996,BH,Asia,0.000607,95.0
1996,PA,North America,0.001003,79.0
1996,PR,North America,0.001957,57.0
1996,VE,South America,0.003196,46.0
1996,BT,Asia,0.00027,130.0
1996,KE,Africa,0.001123,72.0
1996,MW,Africa,0.000219,142.0
1996,BY,Europe,0.000341,115.0
1996,BZ,North America,0.000144,161.0
1996,CF,Africa,7.5e-05,173.0
1996,CI,Africa,0.000812,84.0
1996,IE,Europe,0.007933,28.0
1996,IS,Europe,0.001634,66.0
1996,LY,Africa,0.000546,100.0
1996,NG,Africa,0.001514,68.0
1996,SN,Africa,0.000278,127.0
1996,YT,Africa,7.5e-05,173.0
1996,CG,Africa,0.00019,150.0
1996,MQ,North America,7.5e-05,173.0
1996,NE,Africa,0.000326,119.0
1996,CK,Oceania,0.000219,142.0
1996,DO,North America,0.000321,120.0
1996,CM,Africa,0.000557,98.0
1996,MO,Asia,0.000523,102.0
1996,QA,Asia,0.000551,99.0
1996,SL,Africa,9.4e-05,170.0
1996,GM,Africa,0.000341,115.0
1996,SV,North America,0.000477,105.0
1996,NI,North America,0.000626,93.0
1996,CW,North America,7.5e-05,173.0
1996,MZ,Africa,0.00038,109.0
1996,CV,Africa,0.000118,166.0
1996,CY,Europe,0.001031,77.0
1996,GH,Africa,0.000816,83.0
1996,NP,Asia,0.001089,73.0
1996,UZ,Asia,0.000302,123.0
1996,DM,North America,0.0002,147.0
1996,DZ,Africa,0.000692,87.0
1996,GT,North America,0.000361,114.0
1996,EE,Europe,0.000308,122.0
1996,ER,Africa,0.000178,154.0
1996,FO,Europe,0.000238,139.0
1996,GA,Africa,0.00017,155.0
1996,GF,South America,7.5e-05,173.0
1996,GP,North America,0.000265,133.0
1996,KZ,Asia,0.000443,107.0
1996,MD,Europe,0.000166,159.0
1996,MG,Africa,7.5e-05,173.0
1996,MR,Africa,7.5e-05,173.0
1996,MU,Africa,0.00089,81.0
1996,RE,Africa,7.5e-05,173.0
1996,BN,Asia,7.5e-05,173.0
1996,GY,South America,7.5e-05,173.0
1996,KW,Asia,0.001359,69.0
1996,MM,Asia,0.000127,164.0
1996,MT,Europe,0.000527,101.0
1996,OM,Asia,0.000904,80.0
1996,SZ,Africa,0.000181,152.0
1996,TT,North America,0.000584,97.0
1996,GD,North America,0.000153,160.0
1996,GQ,Africa,9.3e-05,172.0
1996,GU,Oceania,0.0002,147.0
1996,YE,Asia,0.000273,129.0
1996,LU,Europe,0.000676,89.0
1996,VA,Europe,0.000262,136.0
1996,MN,Asia,9.9e-05,169.0
1996,KG,Asia,0.00024,138.0
1996,KN,North America,0.000327,118.0
1996,LA,Asia,9.4e-05,170.0
1996,LS,Africa,0.00012,165.0
1996,ME,Europe,0.00029,126.0
1996,MS,North America,0.000219,142.0
1996,SB,Oceania,7.5e-05,173.0
1996,NC,Oceania,0.00017,155.0
1996,SR,South America,7.5e-05,173.0
1996,SO,Africa,7.5e-05,173.0
1996,TV,Oceania,7.5e-05,173.0
1996,MC,Europe,7.5e-05,173.0
1996,TJ,Asia,0.000219,142.0
1996,RW,Africa,0.000364,112.0
1996,SM,Europe,0.000137,162.0
1996,SS,Africa,0.000113,167.0
1996,TD,Africa,0.000132,163.0
1996,TG,Africa,0.000265,133.0
1996,TM,Asia,7.5e-05,173.0
1996,UM,North America,0.0002,147.0
1996,TC,North America,7.5e-05,173.0
1996,VI,North America,7.5e-05,173.0
1996,VG,North America,0.000268,131.0
1996,WS,Oceania,0.000236,140.0
1996,XK,Other,0.000105,168.0
1997,ES,Europe,0.038075,5.0
1997,AD,Europe,0.000284,124.0
1997,AU,Oceania,0.032767,7.0
1997,AE,Asia,0.002041,52.0
1997,CA,North America,0.034916,6.0
1997,DZ,Africa,0.000628,97.0
1997,EG,Africa,0.005788,35.0
1997,GR,Europe,0.008692,24.0
1997,HU,Europe,0.002808,46.0
1997,IN,Asia,0.006571,33.0
1997,JO,Asia,0.003768,45.0
1997,KW,Asia,0.000746,88.0
1997,RU,Europe,0.004059,44.0
1997,SD,Africa,0.00081,84.0
1997,SY,Asia,0.000529,103.0
1997,TR,Asia,0.008813,22.0
1997,US,North America,0.19797,1.0
1997,ZA,Africa,0.007598,28.0
1997,AF,Asia,0.000411,111.0
1997,GB,Europe,0.132427,2.0
1997,PK,Asia,0.001368,62.0
1997,AM,Asia,9.7e-05,178.0
1997,BG,Europe,0.000894,77.0
1997,AO,Africa,0.000201,146.0
1997,BY,Europe,0.00019,151.0
1997,PT,Europe,0.015046,15.0
1997,AT,Europe,0.007419,29.0
1997,AR,South America,0.004177,42.0
1997,BR,South America,0.027241,8.0
1997,CL,South America,0.005276,37.0
1997,CO,South America,0.007844,26.0
1997,CU,North America,0.002494,50.0
1997,FR,Europe,0.043929,4.0
1997,IT,Europe,0.021325,11.0
1997,MX,North America,0.013799,16.0
1997,NL,Europe,0.020139,12.0
1997,PE,South America,0.004169,43.0
1997,UY,South America,0.00088,78.0
1997,BA,Europe,0.000812,83.0
1997,BD,Asia,0.001433,61.0
1997,CH,Europe,0.021663,10.0
1997,CZ,Europe,0.002653,48.0
1997,DE,Europe,0.05125,3.0
1997,HR,Europe,0.000685,92.0
1997,ID,Asia,0.004284,41.0
1997,IL,Asia,0.007372,30.0
1997,IS,Europe,0.001155,65.0
1997,JP,Asia,0.024415,9.0
1997,KE,Africa,0.000607,99.0
1997,LV,Europe,0.000634,95.0
1997,NP,Asia,0.000435,109.0
1997,PL,Europe,0.005781,36.0
1997,RS,Europe,0.001523,60.0
1997,UA,Europe,0.001922,54.0
1997,VN,Asia,0.00077,86.0
1997,XK,Other,0.000102,177.0
1997,BW,Africa,0.000841,80.0
1997,CN,Asia,0.008775,23.0
1997,FI,Europe,0.005234,38.0
1997,HK,Asia,0.005921,34.0
1997,IE,Europe,0.010134,20.0
1997,IR,Asia,0.007319,31.0
1997,KH,Asia,0.000349,114.0
1997,KR,Asia,0.015954,14.0
1997,LB,Asia,0.002307,51.0
1997,LK,Asia,0.00105,66.0
1997,MK,Europe,0.000327,115.0
1997,MY,Asia,0.013077,17.0
1997,NC,Oceania,7.9e-05,180.0
1997,NO,Europe,0.007208,32.0
1997,NZ,Oceania,0.008989,21.0
1997,PG,Oceania,0.000211,137.0
1997,PH,Asia,0.001258,64.0
1997,RO,Europe,0.00204,53.0
1997,SE,Europe,0.016382,13.0
1997,SG,Asia,0.007796,27.0
1997,SI,Europe,0.000441,107.0
1997,TH,Asia,0.004448,40.0
1997,TW,Asia,0.010426,19.0
1997,VE,South America,0.0025,49.0
1997,AZ,Asia,0.000252,130.0
1997,BE,Europe,0.011238,18.0
1997,BF,Africa,0.000175,156.0
1997,BO,South America,0.000817,82.0
1997,CD,Africa,0.000465,105.0
1997,CM,Africa,0.000259,128.0
1997,DK,Europe,0.008624,25.0
1997,EC,South America,0.001287,63.0
1997,LU,Europe,0.001034,68.0
1997,MA,Africa,0.000757,87.0
1997,SR,South America,0.000299,119.0
1997,TZ,Africa,0.000627,98.0
1997,UZ,Asia,0.000172,158.0
1997,BS,North America,7.9e-05,180.0
1997,BH,Asia,0.000193,148.0
1997,SL,Africa,7.9e-05,180.0
1997,BI,Africa,0.000105,175.0
1997,BN,Asia,0.000803,85.0
1997,YE,Asia,0.000847,79.0
1997,CV,Africa,0.000234,134.0
1997,JM,North America,0.000672,93.0
1997,ZW,Africa,0.000722,90.0
1997,SZ,Africa,0.000124,172.0
1997,ZM,Africa,0.000663,94.0
1997,KZ,Asia,0.000276,126.0
1997,CR,North America,0.001763,57.0
1997,DO,North America,0.000203,140.0
1997,LY,Africa,0.000953,73.0
1997,QA,Asia,0.001012,71.0
1997,SA,Asia,0.004499,39.0
1997,TN,Africa,0.001848,55.0
1997,CF,Africa,0.000315,118.0
1997,BT,Asia,7.9e-05,180.0
1997,ET,Africa,0.001001,72.0
1997,GH,Africa,0.000694,91.0
1997,LI,Europe,7.9e-05,180.0
1997,MM,Asia,0.000176,155.0
1997,SK,Europe,0.000921,75.0
1997,SN,Africa,0.000533,102.0
1997,CI,Africa,0.000191,150.0
1997,NG,Africa,0.000929,74.0
1997,GT,North America,0.000437,108.0
1997,NI,North America,0.000457,106.0
1997,PY,South America,0.000556,101.0
1997,PR,North America,0.001711,58.0
1997,HN,North America,0.000731,89.0
1997,PA,North America,0.001566,59.0
1997,CW,North America,0.000195,147.0
1997,CY,Europe,0.001797,56.0
1997,MN,Asia,0.000166,159.0
1997,AL,Europe,7.9e-05,180.0
1997,EE,Europe,0.000631,96.0
1997,GE,Asia,0.000205,139.0
1997,HT,North America,7.9e-05,180.0
1997,LT,Europe,0.00083,81.0
1997,MW,Africa,0.001024,69.0
1997,GQ,Africa,0.000203,140.0
1997,DJ,Africa,0.000372,112.0
1997,MG,Africa,0.000186,152.0
1997,DM,North America,0.000244,133.0
1997,BJ,Africa,7.9e-05,180.0
1997,IQ,Asia,0.000471,104.0
1997,ER,Africa,0.000174,157.0
1997,SM,Europe,0.000161,166.0
1997,SV,North America,0.00029,122.0
1997,MZ,Africa,0.00043,110.0
1997,AS,Oceania,7.9e-05,180.0
1997,FJ,Oceania,0.000281,125.0
1997,GA,Africa,0.000247,131.0
1997,GP,North America,7.9e-05,180.0
1997,MD,Europe,0.000297,120.0
1997,ML,Africa,0.000166,159.0
1997,NE,Africa,0.000163,161.0
1997,PF,Oceania,0.000247,131.0
1997,TG,Africa,7.9e-05,180.0
1997,AW,North America,7.9e-05,180.0
1997,GM,Africa,7.9e-05,180.0
1997,MT,Europe,0.000563,100.0
1997,MU,Africa,0.000295,121.0
1997,OM,Asia,0.001036,67.0
1997,PS,Asia,0.002657,47.0
1997,RW,Africa,0.000193,148.0
1997,TT,North America,0.001013,70.0
1997,UG,Africa,0.000902,76.0
1997,GD,North America,0.000286,123.0
1997,GF,South America,0.000222,135.0
1997,GG,Europe,0.000211,137.0
1997,GN,Africa,0.000126,170.0
1997,MO,Asia,0.000324,117.0
1997,KG,Asia,0.000112,174.0
1997,VA,Europe,0.000161,166.0
1997,KM,Africa,0.000116,173.0
1997,KN,North America,0.000162,164.0
1997,KY,North America,0.000162,164.0
1997,LA,Asia,0.000354,113.0
1997,LS,Africa,0.000179,154.0
1997,MC,Europe,9.7e-05,178.0
1997,ME,Europe,0.000253,129.0
1997,MP,Oceania,0.000203,140.0
1997,HM,Oceania,7.9e-05,180.0
1997,PN,Oceania,0.000141,169.0
1997,RE,Africa,0.000163,161.0
1997,TJ,Asia,0.000183,153.0
1997,TM,Asia,7.9e-05,180.0
1997,SJ,Europe,0.000267,127.0
1997,MR,Africa,7.9e-05,180.0
1997,SX,North America,0.000327,115.0
1997,TD,Africa,0.000143,168.0
1997,TL,Asia,0.000104,176.0
1997,BB,North America,7.9e-05,180.0
1997,UM,North America,0.000203,140.0
1997,WS,Oceania,0.000222,135.0
1997,VC,North America,0.000203,140.0
1997,VG,North America,0.000125,171.0
1997,VI,North America,0.000203,140.0
1997,VU,Oceania,0.000163,161.0
1998,AU,Oceania,0.029805,7.0
1998,AE,Asia,0.004442,38.0
1998,CA,North America,0.034071,6.0
1998,CN,Asia,0.009267,23.0
1998,DZ,Africa,0.00042,110.0
1998,EG,Africa,0.003932,41.0
1998,GB,Europe,0.12925,2.0
1998,IN,Asia,0.008905,24.0
1998,JO,Asia,0.003608,45.0
1998,JP,Asia,0.024647,10.0
1998,LB,Asia,0.001669,61.0
1998,QA,Asia,0.00093,71.0
1998,SD,Africa,0.000482,99.0
1998,TR,Asia,0.009439,21.0
1998,US,North America,0.194159,1.0
1998,ZA,Africa,0.007687,29.0
1998,BR,South America,0.026387,8.0
1998,AF,Asia,0.000265,133.0
1998,FR,Europe,0.051373,3.0
1998,AL,Europe,0.000386,114.0
1998,IL,Asia,0.006986,32.0
1998,RS,Europe,0.00051,96.0
1998,XK,Other,0.000113,171.0
1998,NL,Europe,0.022108,11.0
1998,AM,Asia,0.000258,136.0
1998,RU,Europe,0.004054,40.0
1998,SY,Asia,0.000367,117.0
1998,DK,Europe,0.006893,33.0
1998,AO,Africa,0.000415,112.0
1998,PT,Europe,0.015093,15.0
1998,AR,South America,0.003901,42.0
1998,CH,Europe,0.01894,12.0
1998,CO,South America,0.007879,25.0
1998,CU,North America,0.002025,56.0
1998,DE,Europe,0.04763,4.0
1998,EC,South America,0.001983,57.0
1998,ES,Europe,0.04035,5.0
1998,PE,South America,0.005754,35.0
1998,PY,South America,0.000258,136.0
1998,SE,Europe,0.016998,13.0
1998,UY,South America,0.00049,97.0
1998,VA,Europe,0.000229,141.0
1998,VE,South America,0.003103,47.0
1998,FJ,Oceania,7.8e-05,181.0
1998,AS,Oceania,9.3e-05,180.0
1998,AT,Europe,0.007731,28.0
1998,BA,Europe,0.000658,90.0
1998,BG,Europe,0.000718,87.0
1998,GE,Asia,0.000194,146.0
1998,GR,Europe,0.010817,19.0
1998,HR,Europe,0.000903,74.0
1998,HU,Europe,0.002823,48.0
1998,ID,Asia,0.003702,44.0
1998,IE,Europe,0.00935,22.0
1998,IT,Europe,0.025414,9.0
1998,KE,Africa,0.002344,51.0
1998,NO,Europe,0.007845,26.0
1998,NP,Asia,0.000838,78.0
1998,NZ,Oceania,0.007639,30.0
1998,SK,Europe,0.001046,70.0
1998,TH,Asia,0.003886,43.0
1998,TW,Asia,0.010611,20.0
1998,UA,Europe,0.002303,52.0
1998,ZM,Africa,0.000429,109.0
1998,ZW,Africa,0.001532,62.0
1998,BD,Asia,0.001798,58.0
1998,BE,Europe,0.011161,18.0
1998,BW,Africa,0.000809,82.0
1998,CL,South America,0.007276,31.0
1998,CY,Europe,0.002168,55.0
1998,HK,Asia,0.005277,36.0
1998,KR,Asia,0.012891,17.0
1998,LK,Asia,0.001049,69.0
1998,MO,Asia,0.000153,161.0
1998,MY,Asia,0.013712,16.0
1998,PG,Oceania,0.000311,125.0
1998,PK,Asia,0.001728,60.0
1998,PL,Europe,0.00467,37.0
1998,RO,Europe,0.002221,54.0
1998,SA,Asia,0.003231,46.0
1998,SG,Asia,0.007813,27.0
1998,TZ,Africa,0.001076,68.0
1998,VN,Asia,0.000841,77.0
1998,AX,Europe,0.000183,155.0
1998,MZ,Africa,0.00081,81.0
1998,AZ,Asia,0.00044,104.0
1998,IR,Asia,0.00606,34.0
1998,TJ,Asia,0.000111,172.0
1998,BB,North America,0.000304,126.0
1998,BF,Africa,0.00019,152.0
1998,BJ,Africa,0.000141,164.0
1998,BO,South America,0.000356,120.0
1998,CD,Africa,7.8e-05,181.0
1998,CM,Africa,0.000434,107.0
1998,FI,Europe,0.004436,39.0
1998,HT,North America,0.000163,156.0
1998,KI,Oceania,7.8e-05,181.0
1998,LU,Europe,0.000484,98.0
1998,MD,Europe,0.00032,124.0
1998,ML,Africa,0.000151,163.0
1998,TN,Africa,0.001479,63.0
1998,SI,Europe,0.000923,72.0
1998,BH,Asia,0.000444,103.0
1998,BN,Asia,0.000789,83.0
1998,BY,Europe,0.000263,134.0
1998,GN,Africa,0.000162,158.0
1998,HN,North America,0.000439,105.0
1998,JM,North America,0.00013,167.0
1998,MX,North America,0.015697,14.0
1998,NG,Africa,0.000851,76.0
1998,PA,North America,0.001094,67.0
1998,SV,North America,0.000369,116.0
1998,BT,Asia,0.000273,131.0
1998,CZ,Europe,0.002287,53.0
1998,DO,North America,0.000334,122.0
1998,IQ,Asia,0.000557,94.0
1998,IS,Europe,0.002727,49.0
1998,MA,Africa,0.000922,73.0
1998,MT,Europe,0.000534,95.0
1998,MW,Africa,0.000365,118.0
1998,WS,Oceania,0.0002,145.0
1998,CI,Africa,0.00047,100.0
1998,ET,Africa,0.000758,84.0
1998,LT,Europe,0.001369,65.0
1998,UG,Africa,0.000565,92.0
1998,UZ,Asia,0.000214,142.0
1998,TG,Africa,0.000105,175.0
1998,BV,Oceania,7.8e-05,181.0
1998,CR,North America,0.00144,64.0
1998,GT,North America,0.000723,85.0
1998,PH,Asia,0.002498,50.0
1998,CV,Africa,0.000301,128.0
1998,CW,North America,0.00014,165.0
1998,KZ,Asia,0.000412,113.0
1998,NI,North America,0.000567,91.0
1998,OM,Asia,0.000816,80.0
1998,PS,Asia,0.001109,66.0
1998,TM,Asia,7.8e-05,181.0
1998,DM,North America,0.000191,147.0
1998,EE,Europe,0.000565,92.0
1998,LY,Africa,0.000664,89.0
1998,ER,Africa,0.000298,129.0
1998,GQ,Africa,7.8e-05,181.0
1998,KH,Asia,0.000131,166.0
1998,PR,North America,0.000818,79.0
1998,GH,Africa,0.000719,86.0
1998,FK,South America,9.4e-05,177.0
1998,FM,Oceania,0.000189,153.0
1998,FO,Europe,0.000291,130.0
1998,GP,North America,0.000163,156.0
1998,MG,Africa,0.000329,123.0
1998,NC,Oceania,0.00036,119.0
1998,NE,Africa,0.000153,161.0
1998,RE,Africa,0.000249,138.0
1998,VU,Oceania,0.000129,169.0
1998,GA,Africa,0.000335,121.0
1998,KW,Asia,0.001782,59.0
1998,SZ,Africa,0.00043,108.0
1998,TT,North America,0.000262,135.0
1998,GD,North America,0.000417,111.0
1998,BS,North America,7.8e-05,181.0
1998,GU,Oceania,0.000456,101.0
1998,TL,Asia,7.8e-05,181.0
1998,LV,Europe,0.000879,75.0
1998,MN,Asia,9.4e-05,177.0
1998,YE,Asia,0.000381,115.0
1998,BQ,North America,7.8e-05,181.0
1998,SM,Europe,7.8e-05,181.0
1998,PF,Oceania,0.000249,138.0
1998,LR,Africa,0.000105,175.0
1998,SN,Africa,0.000453,102.0
1998,KG,Asia,0.000213,143.0
1998,KY,North America,0.000191,147.0
1998,LA,Asia,0.000121,170.0
1998,LI,Europe,0.000236,140.0
1998,LS,Africa,0.00011,173.0
1998,MC,Europe,0.000437,106.0
1998,ME,Europe,0.00013,167.0
1998,MH,Oceania,0.000191,147.0
1998,MK,Europe,9.4e-05,177.0
1998,MM,Asia,0.000209,144.0
1998,MR,Africa,0.00016,159.0
1998,MU,Africa,0.000718,87.0
1998,MV,Asia,0.000189,153.0
1998,SL,Africa,0.000272,132.0
1998,SJ,Europe,7.8e-05,181.0
1998,GW,Africa,7.8e-05,181.0
1998,SR,South America,0.000109,174.0
1998,MQ,North America,7.8e-05,181.0
1998,BI,Africa,7.8e-05,181.0
1998,KN,North America,7.8e-05,181.0
1998,VI,North America,0.000191,147.0
1998,VC,North America,0.000154,160.0
1998,VG,North America,0.000304,126.0
1998,WF,Oceania,0.000191,147.0
1999,ES,Europe,0.039258,5.0
1999,AD,Europe,0.000239,136.0
1999,FR,Europe,0.046309,4.0
1999,EG,Africa,0.00488,37.0
1999,AE,Asia,0.004221,39.0
1999,FI,Europe,0.005841,32.0
1999,GB,Europe,0.125073,2.0
1999,IN,Asia,0.009474,22.0
1999,JO,Asia,0.003934,41.0
1999,LB,Asia,0.001338,65.0
1999,LY,Africa,0.000359,112.0
1999,NG,Africa,0.001655,56.0
1999,NL,Europe,0.021151,11.0
1999,OM,Asia,0.000726,84.0
1999,PK,Asia,0.001585,58.0
1999,QA,Asia,0.000859,82.0
1999,SD,Africa,0.001261,68.0
1999,SY,Asia,0.000709,86.0
1999,TZ,Africa,0.001069,76.0
1999,US,North America,0.204982,1.0
1999,VE,South America,0.002098,50.0
1999,BR,South America,0.021131,12.0
1999,AF,Asia,0.000143,171.0
1999,RU,Europe,0.003388,46.0
1999,BB,North America,0.000305,118.0
1999,AG,North America,0.000139,174.0
1999,BA,Europe,0.000579,92.0
1999,AL,Europe,0.000284,127.0
1999,IT,Europe,0.025572,8.0
1999,PE,South America,0.004553,38.0
1999,TR,Asia,0.008135,28.0
1999,AM,Asia,0.000165,165.0
1999,CU,North America,0.00147,59.0
1999,AO,Africa,0.000379,111.0
1999,ID,Asia,0.003649,44.0
1999,PT,Europe,0.015649,15.0
1999,AU,Oceania,0.031557,7.0
1999,AR,South America,0.003908,42.0
1999,BO,South America,0.001196,71.0
1999,CA,North America,0.036673,6.0
1999,CL,South America,0.005351,34.0
1999,CO,South America,0.009045,24.0
1999,CR,North America,0.002106,49.0
1999,DE,Europe,0.050798,3.0
1999,IL,Asia,0.006089,30.0
1999,LU,Europe,0.001266,67.0
1999,NI,North America,0.000493,100.0
1999,PY,South America,0.000513,98.0
1999,UY,South America,0.000989,78.0
1999,AS,Oceania,0.000106,183.0
1999,AT,Europe,0.007961,29.0
1999,BE,Europe,0.01227,16.0
1999,BG,Europe,0.000398,106.0
1999,CH,Europe,0.02249,10.0
1999,CN,Asia,0.01002,21.0
1999,CZ,Europe,0.001956,52.0
1999,ET,Africa,0.001331,66.0
1999,HR,Europe,0.000793,83.0
1999,HU,Europe,0.002849,47.0
1999,JP,Asia,0.024898,9.0
1999,LT,Europe,0.000614,90.0
1999,PL,Europe,0.005208,36.0
1999,RO,Europe,0.001191,72.0
1999,RS,Europe,0.001032,77.0
1999,SE,Europe,0.016016,14.0
1999,SK,Europe,0.000512,99.0
1999,TH,Asia,0.00379,43.0
1999,UA,Europe,0.001674,54.0
1999,BD,Asia,0.001443,61.0
1999,BN,Asia,0.000291,122.0
1999,DK,Europe,0.008804,25.0
1999,GR,Europe,0.010787,20.0
1999,HK,Asia,0.003636,45.0
1999,HN,North America,0.000192,149.0
1999,IE,Europe,0.009098,23.0
1999,KE,Africa,0.001901,53.0
1999,KH,Asia,0.000617,89.0
1999,KR,Asia,0.012044,18.0
1999,LK,Asia,0.001179,74.0
1999,MM,Asia,0.000263,131.0
1999,MX,North America,0.016076,13.0
1999,MY,Asia,0.012238,17.0
1999,MZ,Africa,0.000453,102.0
1999,NO,Europe,0.006077,31.0
1999,NP,Asia,0.000516,96.0
1999,NZ,Oceania,0.008559,26.0
1999,PG,Oceania,0.000224,141.0
1999,PH,Asia,0.001974,51.0
1999,SC,Africa,7.8e-05,187.0
1999,SG,Asia,0.008217,27.0
1999,SI,Europe,0.000184,159.0
1999,UZ,Asia,0.000236,137.0
1999,VN,Asia,0.001469,60.0
1999,ZA,Africa,0.005727,33.0
1999,ZM,Africa,0.000522,95.0
1999,AW,North America,0.000186,156.0
1999,AZ,Asia,0.000233,139.0
1999,ME,Europe,0.000125,180.0
1999,MK,Europe,0.000347,114.0
1999,TT,North America,0.000291,122.0
1999,SA,Asia,0.004065,40.0
1999,BF,Africa,0.000343,115.0
1999,CD,Africa,0.00019,155.0
1999,CM,Africa,0.000285,126.0
1999,EC,South America,0.00227,48.0
1999,GH,Africa,0.001098,75.0
1999,MA,Africa,0.000914,81.0
1999,PA,North America,0.000957,79.0
1999,PS,Asia,0.001359,63.0
1999,YE,Asia,0.000392,107.0
1999,GA,Africa,0.000186,156.0
1999,TG,Africa,7.8e-05,187.0
1999,BH,Asia,0.000319,116.0
1999,BJ,Africa,0.000319,116.0
1999,BM,North America,0.000186,156.0
1999,BV,Oceania,0.00013,176.0
1999,CV,Africa,7.8e-05,187.0
1999,DO,North America,0.000492,101.0
1999,TC,North America,0.000168,162.0
1999,BS,North America,0.000358,113.0
1999,BT,Asia,0.000287,125.0
1999,BW,Africa,0.00118,73.0
1999,LS,Africa,0.000259,134.0
1999,MW,Africa,0.000719,85.0
1999,BY,Europe,0.000141,173.0
1999,GE,Asia,0.000296,120.0
1999,IR,Asia,0.005233,35.0
1999,IS,Europe,0.001348,64.0
1999,KW,Asia,0.00123,69.0
1999,MU,Africa,0.000296,120.0
1999,TN,Africa,0.001371,62.0
1999,TW,Asia,0.011283,19.0
1999,CF,Africa,0.000168,162.0
1999,EE,Europe,0.000429,104.0
1999,SN,Africa,0.000265,130.0
1999,ZW,Africa,0.000673,88.0
1999,CI,Africa,0.000524,94.0
1999,KZ,Asia,0.000414,105.0
1999,GT,North America,0.000386,109.0
1999,SV,North America,0.000219,142.0
1999,SL,Africa,0.000214,144.0
1999,BI,Africa,7.8e-05,187.0
1999,IQ,Asia,0.000951,80.0
1999,UG,Africa,0.001228,70.0
1999,CG,Africa,7.8e-05,187.0
1999,JM,North America,0.00039,108.0
1999,CX,Oceania,9.6e-05,186.0
1999,CY,Europe,0.001668,55.0
1999,MD,Europe,0.000122,181.0
1999,MG,Africa,7.8e-05,187.0
1999,FO,Europe,0.00029,124.0
1999,HT,North America,0.000146,170.0
1999,DZ,Africa,0.000543,93.0
1999,MR,Africa,7.8e-05,187.0
1999,MT,Europe,0.000687,87.0
1999,MC,Europe,7.8e-05,187.0
1999,PR,North America,0.001647,57.0
1999,FJ,Oceania,0.000383,110.0
1999,GU,Oceania,7.8e-05,187.0
1999,FM,Oceania,0.000192,149.0
1999,GP,North America,7.8e-05,187.0
1999,GG,Europe,7.8e-05,187.0
1999,TM,Asia,7.8e-05,187.0
1999,GD,North America,0.000612,91.0
1999,GI,Europe,0.000143,171.0
1999,GL,North America,0.000262,132.0
1999,GM,Africa,0.000267,129.0
1999,GW,Africa,0.00015,168.0
1999,GY,South America,0.000178,160.0
1999,KG,Asia,0.000114,182.0
1999,LV,Europe,0.000516,96.0
1999,KY,North America,7.8e-05,187.0
1999,VA,Europe,0.000434,103.0
1999,MN,Asia,0.000253,135.0
1999,LA,Asia,7.8e-05,187.0
1999,KI,Oceania,0.000199,147.0
1999,KN,North America,0.000269,128.0
1999,LI,Europe,0.000148,169.0
1999,LR,Africa,0.00013,176.0
1999,ML,Africa,0.000236,137.0
1999,MO,Asia,0.000178,160.0
1999,MP,Oceania,0.000192,149.0
1999,MV,Asia,0.000106,183.0
1999,BZ,North America,7.8e-05,187.0
1999,SO,Africa,0.00013,176.0
1999,NC,Oceania,0.000151,166.0
1999,NE,Africa,0.000213,145.0
1999,PF,Oceania,0.000167,164.0
1999,RE,Africa,0.000262,132.0
1999,RW,Africa,0.000206,146.0
1999,SS,Africa,0.000137,175.0
1999,ER,Africa,7.8e-05,187.0
1999,SJ,Europe,0.000199,147.0
1999,SM,Europe,0.000151,166.0
1999,SR,South America,0.00013,176.0
1999,ST,Africa,0.000192,149.0
1999,SZ,Africa,0.000233,139.0
1999,TL,Asia,9.8e-05,185.0
1999,UM,North America,0.000192,149.0
1999,AQ,Other,7.8e-05,187.0
1999,VC,North America,7.8e-05,187.0
1999,WF,Oceania,7.8e-05,187.0
1999,TJ,Asia,7.8e-05,187.0
1999,VI,North America,0.000305,118.0
1999,WS,Oceania,0.000192,149.0
1999,XK,Other,0.000215,143.0
2000,ES,Europe,0.042359,5.0
2000,AD,Europe,0.000234,142.0
2000,AU,Oceania,0.031797,7.0
2000,AE,Asia,0.00525,35.0
2000,CA,North America,0.03506,6.0
2000,CY,Europe,0.002307,52.0
2000,EG,Africa,0.004854,37.0
2000,GB,Europe,0.119364,2.0
2000,HK,Asia,0.004472,43.0
2000,IE,Europe,0.010462,21.0
2000,IN,Asia,0.0079,25.0
2000,IQ,Asia,0.000434,107.0
2000,IR,Asia,0.005374,34.0
2000,IT,Europe,0.028954,8.0
2000,JO,Asia,0.0035,46.0
2000,JP,Asia,0.023965,9.0
2000,LB,Asia,0.001675,59.0
2000,LY,Africa,0.000414,109.0
2000,MA,Africa,0.000749,84.0
2000,MY,Asia,0.011017,20.0
2000,OM,Asia,0.001,70.0
2000,PK,Asia,0.002007,54.0
2000,QA,Asia,0.000843,79.0
2000,SA,Asia,0.004702,39.0
2000,SY,Asia,0.000911,76.0
2000,TN,Africa,0.001644,60.0
2000,TR,Asia,0.009975,23.0
2000,UA,Europe,0.001629,61.0
2000,US,North America,0.195924,1.0
2000,YE,Asia,0.000268,133.0
2000,ZA,Africa,0.007786,26.0
2000,NI,North America,0.000645,88.0
2000,AF,Asia,0.000122,180.0
2000,AM,Asia,0.000281,127.0
2000,AG,North America,9.6e-05,187.0
2000,GR,Europe,0.010265,22.0
2000,AL,Europe,0.000363,113.0
2000,IL,Asia,0.005858,32.0
2000,BB,North America,0.000322,115.0
2000,PT,Europe,0.016377,13.0
2000,RU,Europe,0.003805,45.0
2000,CU,North America,0.002521,49.0
2000,AO,Africa,0.000405,110.0
2000,FR,Europe,0.04732,4.0
2000,AQ,Other,0.000258,135.0
2000,AR,South America,0.004728,38.0
2000,BR,South America,0.019872,12.0
2000,CL,South America,0.006548,31.0
2000,CO,South America,0.007264,28.0
2000,CR,North America,0.001928,55.0
2000,DE,Europe,0.055565,3.0
2000,MX,North America,0.016037,14.0
2000,NL,Europe,0.022101,11.0
2000,PY,South America,0.000738,85.0
2000,UY,South America,0.000621,92.0
2000,VE,South America,0.002823,48.0
2000,AT,Europe,0.007757,27.0
2000,BD,Asia,0.001303,64.0
2000,BE,Europe,0.011206,19.0
2000,CH,Europe,0.022711,10.0
2000,CN,Asia,0.011381,18.0
2000,CZ,Europe,0.002389,51.0
2000,DZ,Africa,0.000969,73.0
2000,EC,South America,0.002233,53.0
2000,ET,Africa,0.000796,82.0
2000,FI,Europe,0.004566,41.0
2000,HR,Europe,0.000751,83.0
2000,HU,Europe,0.003498,47.0
2000,KR,Asia,0.013501,16.0
2000,MT,Europe,0.000282,125.0
2000,NO,Europe,0.005038,36.0
2000,PE,South America,0.004492,42.0
2000,SE,Europe,0.014918,15.0
2000,SK,Europe,0.00084,80.0
2000,VN,Asia,0.001018,69.0
2000,DK,Europe,0.008016,24.0
2000,ER,Africa,0.000168,161.0
2000,FJ,Oceania,0.000208,153.0
2000,FM,Oceania,7.3e-05,192.0
2000,ID,Asia,0.004666,40.0
2000,LK,Asia,0.00083,81.0
2000,MZ,Africa,0.000966,74.0
2000,NG,Africa,0.001273,65.0
2000,NP,Asia,0.000503,99.0
2000,NZ,Oceania,0.006937,29.0
2000,PG,Oceania,0.00027,130.0
2000,PH,Asia,0.001326,63.0
2000,PL,Europe,0.005589,33.0
2000,RO,Europe,0.001709,58.0
2000,RS,Europe,0.000978,72.0
2000,SG,Asia,0.006663,30.0
2000,TH,Asia,0.004376,44.0
2000,TW,Asia,0.011949,17.0
2000,TZ,Africa,0.001099,67.0
2000,ZW,Africa,0.000512,98.0
2000,AW,North America,0.000313,119.0
2000,AZ,Asia,0.000185,158.0
2000,BA,Europe,0.000487,104.0
2000,JM,North America,0.000324,114.0
2000,BG,Europe,0.00065,86.0
2000,BJ,Africa,0.000253,137.0
2000,BW,Africa,0.000315,118.0
2000,CM,Africa,0.000282,125.0
2000,IS,Europe,0.001792,57.0
2000,LT,Europe,0.000602,93.0
2000,LU,Europe,0.001248,66.0
2000,MD,Europe,7.3e-05,192.0
2000,PS,Asia,0.00102,68.0
2000,SI,Europe,0.000628,91.0
2000,SR,South America,0.000159,163.0
2000,TG,Africa,0.000141,172.0
2000,UG,Africa,0.000641,89.0
2000,GA,Africa,0.000226,145.0
2000,BF,Africa,0.000321,116.0
2000,BH,Asia,0.000496,102.0
2000,BI,Africa,0.000112,183.0
2000,CD,Africa,7.3e-05,192.0
2000,CI,Africa,0.00052,97.0
2000,BM,North America,0.000152,165.0
2000,BN,Asia,0.000291,122.0
2000,BO,South America,0.000986,71.0
2000,BY,Europe,0.000466,105.0
2000,DO,North America,0.000444,106.0
2000,BS,North America,0.000183,159.0
2000,BT,Asia,0.000267,134.0
2000,LV,Europe,0.000521,96.0
2000,BZ,North America,0.000258,135.0
2000,GH,Africa,0.000885,78.0
2000,HT,North America,0.000131,178.0
2000,KE,Africa,0.001863,56.0
2000,LC,North America,9.5e-05,188.0
2000,NC,Oceania,0.000212,150.0
2000,CF,Africa,0.000283,124.0
2000,CG,Africa,0.000243,139.0
2000,ZM,Africa,0.000629,90.0
2000,CV,Africa,0.000213,149.0
2000,LA,Asia,7.3e-05,192.0
2000,LI,Europe,0.000239,140.0
2000,SN,Africa,0.000432,108.0
2000,PA,North America,0.000962,75.0
2000,SV,North America,0.000109,184.0
2000,AS,Oceania,7.3e-05,192.0
2000,HN,North America,0.000649,87.0
2000,PR,North America,0.001428,62.0
2000,DM,North America,0.000146,169.0
2000,SL,Africa,7.3e-05,192.0
2000,CW,North America,0.000137,175.0
2000,EE,Europe,0.000493,103.0
2000,GE,Asia,0.00032,117.0
2000,MK,Europe,0.000277,128.0
2000,MM,Asia,7.3e-05,192.0
2000,MW,Africa,0.000533,95.0
2000,SD,Africa,0.00089,77.0
2000,UZ,Asia,0.00027,130.0
2000,XK,Other,0.000214,148.0
2000,DJ,Africa,0.00015,168.0
2000,NE,Africa,0.000152,165.0
2000,KW,Asia,0.00249,50.0
2000,GT,North America,0.0005,100.0
2000,KH,Asia,0.000201,156.0
2000,MG,Africa,0.000205,154.0
2000,ML,Africa,0.000239,140.0
2000,PF,Oceania,0.000277,128.0
2000,RE,Africa,0.000139,173.0
2000,RW,Africa,0.000211,152.0
2000,TD,Africa,8.3e-05,191.0
2000,GM,Africa,0.000101,185.0
2000,KZ,Asia,0.000387,111.0
2000,LS,Africa,7.3e-05,192.0
2000,MO,Asia,0.000218,146.0
2000,MU,Africa,0.000231,143.0
2000,SZ,Africa,9.5e-05,188.0
2000,TT,North America,0.000311,120.0
2000,GD,North America,0.000536,94.0
2000,GF,South America,0.000205,154.0
2000,GP,North America,0.00027,130.0
2000,GQ,Africa,0.000101,185.0
2000,GY,South America,0.000115,182.0
2000,IM,Europe,0.000231,143.0
2000,MV,Asia,0.000246,138.0
2000,VA,Europe,0.000376,112.0
2000,KG,Asia,0.000171,160.0
2000,KN,North America,9.1e-05,190.0
2000,MN,Asia,0.000291,122.0
2000,KY,North America,0.000187,157.0
2000,MC,Europe,0.000139,173.0
2000,ME,Europe,0.000132,177.0
2000,MF,North America,0.000135,176.0
2000,MQ,North America,0.000212,150.0
2000,MS,North America,0.000217,147.0
2000,SB,Oceania,0.000142,170.0
2000,AX,Europe,7.3e-05,192.0
2000,MP,Oceania,7.3e-05,192.0
2000,GW,Africa,7.3e-05,192.0
2000,SC,Africa,0.000152,165.0
2000,SS,Africa,0.000298,121.0
2000,SJ,Europe,0.000154,164.0
2000,MR,Africa,7.3e-05,192.0
2000,SX,North America,0.000166,162.0
2000,TF,Oceania,0.000142,170.0
2000,TL,Asia,0.000498,101.0
2000,TM,Asia,7.3e-05,192.0
2000,UM,North America,0.00012,181.0
2000,GN,Africa,7.3e-05,192.0
2000,GU,Oceania,7.3e-05,192.0
2000,PN,Oceania,7.3e-05,192.0
2000,TC,North America,7.3e-05,192.0
2000,VI,North America,0.000124,179.0
2001,ES,Europe,0.043799,5.0
2001,AD,Europe,0.000212,149.0
2001,AU,Oceania,0.032564,7.0
2001,AE,Asia,0.004004,41.0
2001,CA,North America,0.042317,6.0
2001,DK,Europe,0.008095,27.0
2001,DZ,Africa,0.000456,104.0
2001,EG,Africa,0.004335,37.0
2001,FR,Europe,0.047351,4.0
2001,GB,Europe,0.118061,2.0
2001,IN,Asia,0.007622,29.0
2001,IQ,Asia,0.000434,108.0
2001,JO,Asia,0.003872,42.0
2001,JP,Asia,0.02342,10.0
2001,LB,Asia,0.001109,66.0
2001,LY,Africa,0.000332,121.0
2001,MR,Africa,6e-05,186.0
2001,MY,Asia,0.011643,18.0
2001,NZ,Oceania,0.008308,26.0
2001,PK,Asia,0.001498,59.0
2001,QA,Asia,0.000763,88.0
2001,RS,Europe,0.001234,64.0
2001,SA,Asia,0.004113,40.0
2001,SD,Africa,0.000857,82.0
2001,SY,Asia,0.000545,96.0
2001,US,North America,0.198486,1.0
2001,YE,Asia,0.000756,89.0
2001,ZA,Africa,0.007145,30.0
2001,ET,Africa,0.000811,84.0
2001,AF,Asia,0.000112,176.0
2001,IR,Asia,0.002742,46.0
2001,AT,Europe,0.009593,22.0
2001,AL,Europe,0.00027,133.0
2001,HR,Europe,0.000969,72.0
2001,IT,Europe,0.029821,8.0
2001,CL,South America,0.006181,31.0
2001,AM,Asia,0.000219,144.0
2001,RU,Europe,0.004177,39.0
2001,BE,Europe,0.011766,17.0
2001,AR,South America,0.004269,38.0
2001,BO,South America,0.000638,94.0
2001,BR,South America,0.018013,12.0
2001,CH,Europe,0.024888,9.0
2001,CO,South America,0.008619,25.0
2001,DE,Europe,0.052546,3.0
2001,DO,North America,0.000865,80.0
2001,EC,South America,0.001896,54.0
2001,IE,Europe,0.009498,23.0
2001,IL,Asia,0.005205,34.0
2001,MX,North America,0.015165,14.0
2001,PE,South America,0.003468,45.0
2001,PY,South America,0.000502,101.0
2001,UY,South America,0.00077,86.0
2001,VE,South America,0.002716,47.0
2001,BD,Asia,0.001501,58.0
2001,BG,Europe,0.000878,79.0
2001,BY,Europe,0.000302,126.0
2001,CN,Asia,0.011525,19.0
2001,CZ,Europe,0.002233,49.0
2001,GR,Europe,0.008788,24.0
2001,HU,Europe,0.002706,48.0
2001,ID,Asia,0.004798,36.0
2001,NL,Europe,0.022166,11.0
2001,PH,Asia,0.001433,61.0
2001,PL,Europe,0.005615,33.0
2001,PT,Europe,0.016941,13.0
2001,RO,Europe,0.001938,52.0
2001,SE,Europe,0.013809,15.0
2001,SI,Europe,0.000671,92.0
2001,SK,Europe,0.000648,93.0
2001,TR,Asia,0.011079,20.0
2001,UA,Europe,0.002077,51.0
2001,UG,Africa,0.000859,81.0
2001,VN,Asia,0.000902,76.0
2001,ZM,Africa,0.00015,166.0
2001,AZ,Asia,0.00031,124.0
2001,BT,Asia,0.000164,157.0
2001,BW,Africa,0.000899,77.0
2001,FI,Europe,0.005026,35.0
2001,HK,Asia,0.003699,43.0
2001,KH,Asia,0.000508,100.0
2001,KR,Asia,0.013601,16.0
2001,KW,Asia,0.000886,78.0
2001,LK,Asia,0.001304,63.0
2001,MW,Africa,0.000408,113.0
2001,MZ,Africa,0.000555,95.0
2001,NO,Europe,0.00607,32.0
2001,OM,Asia,0.000994,71.0
2001,PG,Oceania,6e-05,186.0
2001,SG,Asia,0.007632,28.0
2001,TH,Asia,0.00347,44.0
2001,TL,Asia,0.000335,119.0
2001,TW,Asia,0.009893,21.0
2001,ZW,Africa,0.000855,83.0
2001,AX,Europe,0.000115,175.0
2001,GE,Asia,0.000271,132.0
2001,BA,Europe,0.000447,105.0
2001,BB,North America,7.4e-05,185.0
2001,BJ,Africa,0.000431,109.0
2001,CD,Africa,0.000446,106.0
2001,CI,Africa,0.00069,91.0
2001,CM,Africa,0.000325,122.0
2001,EE,Europe,0.000951,73.0
2001,GH,Africa,0.000526,98.0
2001,GM,Africa,0.000423,110.0
2001,KE,Africa,0.001085,68.0
2001,LT,Europe,0.001083,69.0
2001,LU,Europe,0.001086,67.0
2001,MA,Africa,0.001216,65.0
2001,NG,Africa,0.001799,56.0
2001,NP,Asia,0.000764,87.0
2001,RE,Africa,0.000123,173.0
2001,SN,Africa,0.000278,129.0
2001,TZ,Africa,0.001051,70.0
2001,VA,Europe,0.000476,102.0
2001,BF,Africa,0.000389,115.0
2001,ML,Africa,0.000293,127.0
2001,NE,Africa,0.000245,139.0
2001,BH,Asia,0.000387,116.0
2001,BI,Africa,0.000147,167.0
2001,BM,North America,0.000152,160.0
2001,BN,Asia,0.000439,107.0
2001,CR,North America,0.002213,50.0
2001,BQ,North America,0.000174,153.0
2001,CU,North America,0.001873,55.0
2001,NI,North America,0.000939,74.0
2001,LV,Europe,0.000713,90.0
2001,BZ,North America,0.00027,133.0
2001,AG,North America,6e-05,186.0
2001,CY,Europe,0.00193,53.0
2001,HN,North America,0.000243,140.0
2001,IS,Europe,0.001489,60.0
2001,KZ,Asia,0.000533,97.0
2001,PS,Asia,0.000938,75.0
2001,TN,Africa,0.001362,62.0
2001,MG,Africa,0.000256,136.0
2001,CG,Africa,0.000282,128.0
2001,KG,Asia,0.000371,117.0
2001,LA,Asia,0.000214,147.0
2001,MK,Europe,0.000169,155.0
2001,TD,Africa,6e-05,186.0
2001,MN,Asia,0.000194,150.0
2001,GT,North America,0.000274,130.0
2001,PA,North America,0.000789,85.0
2001,SV,North America,0.000215,145.0
2001,CV,Africa,0.000469,103.0
2001,CW,North America,0.000116,174.0
2001,GW,Africa,6e-05,186.0
2001,MD,Europe,0.000274,130.0
2001,MM,Asia,0.000152,160.0
2001,GL,North America,6e-05,186.0
2001,MT,Europe,0.000398,114.0
2001,DM,North America,0.000152,160.0
2001,MQ,North America,6e-05,186.0
2001,AO,Africa,6e-05,186.0
2001,EH,Africa,0.000105,178.0
2001,TT,North America,0.000522,99.0
2001,FJ,Oceania,0.000234,142.0
2001,FK,South America,0.000259,135.0
2001,FO,Europe,0.000141,170.0
2001,DJ,Africa,6e-05,186.0
2001,GA,Africa,0.00016,159.0
2001,GF,South America,0.000248,137.0
2001,GP,North America,0.000248,137.0
2001,HT,North America,0.000215,145.0
2001,LI,Europe,9.5e-05,180.0
2001,MC,Europe,0.000136,172.0
2001,NC,Oceania,0.000186,151.0
2001,PF,Oceania,0.000213,148.0
2001,TG,Africa,0.000238,141.0
2001,GG,Europe,6e-05,186.0
2001,JM,North America,0.000367,118.0
2001,KN,North America,6e-05,186.0
2001,MU,Africa,0.000163,158.0
2001,RW,Africa,0.000173,154.0
2001,SL,Africa,0.000106,177.0
2001,GD,North America,0.000306,125.0
2001,GN,Africa,0.000166,156.0
2001,GI,Europe,6e-05,186.0
2001,XK,Other,9e-05,181.0
2001,GU,Oceania,0.000412,112.0
2001,GY,South America,0.000221,143.0
2001,VG,North America,6e-05,186.0
2001,AS,Oceania,6e-05,186.0
2001,ER,Africa,6e-05,186.0
2001,ME,Europe,0.000176,152.0
2001,UZ,Asia,0.000419,111.0
2001,UM,North America,0.000152,160.0
2001,PR,North America,0.001722,57.0
2001,WS,Oceania,6e-05,186.0
2001,TJ,Asia,8.8e-05,182.0
2001,KY,North America,0.000152,160.0
2001,LS,Africa,0.000335,119.0
2001,MF,North America,0.000143,169.0
2001,MO,Asia,0.000137,171.0
2001,MV,Asia,0.000319,123.0
2001,SZ,Africa,7.5e-05,184.0
2001,GQ,Africa,6e-05,186.0
2001,NF,Oceania,6e-05,186.0
2001,AW,North America,6e-05,186.0
2001,PN,Oceania,8.8e-05,182.0
2001,TM,Asia,6e-05,186.0
2001,SS,Africa,0.000105,178.0
2001,SR,South America,0.000145,168.0
2001,SX,North America,0.000152,160.0
2001,AI,North America,6e-05,186.0
2001,CF,Africa,6e-05,186.0
2001,FM,Oceania,6e-05,186.0
2002,AU,Oceania,0.032792,7.0
2002,AE,Asia,0.004584,38.0
2002,BE,Europe,0.01228,18.0
2002,BH,Asia,0.000769,80.0
2002,CA,North America,0.040741,6.0
2002,CI,Africa,0.000175,149.0
2002,DE,Europe,0.058796,3.0
2002,DK,Europe,0.007697,27.0
2002,EG,Africa,0.005434,35.0
2002,FR,Europe,0.048279,4.0
2002,GB,Europe,0.114323,2.0
2002,IN,Asia,0.007452,29.0
2002,IQ,Asia,0.000511,99.0
2002,IR,Asia,0.003255,44.0
2002,JO,Asia,0.004008,42.0
2002,JP,Asia,0.022304,11.0
2002,KW,Asia,0.001501,61.0
2002,LB,Asia,0.001646,59.0
2002,MA,Africa,0.000686,87.0
2002,MY,Asia,0.008476,25.0
2002,OM,Asia,0.000965,73.0
2002,PK,Asia,0.002188,51.0
2002,QA,Asia,0.001152,70.0
2002,SA,Asia,0.004919,36.0
2002,SD,Africa,0.001296,65.0
2002,TH,Asia,0.004336,39.0
2002,TR,Asia,0.010034,22.0
2002,UA,Europe,0.001776,56.0
2002,US,North America,0.186132,1.0
2002,AF,Asia,0.000247,137.0
2002,AL,Europe,0.000496,101.0
2002,SI,Europe,0.000851,77.0
2002,CN,Asia,0.012316,17.0
2002,AM,Asia,0.000236,138.0
2002,ES,Europe,0.045691,5.0
2002,RU,Europe,0.004601,37.0
2002,SE,Europe,0.013361,15.0
2002,BR,South America,0.025279,10.0
2002,AO,Africa,0.000328,120.0
2002,CU,North America,0.001817,54.0
2002,MZ,Africa,0.000625,93.0
2002,PT,Europe,0.017785,13.0
2002,AR,South America,0.002773,47.0
2002,CH,Europe,0.026659,9.0
2002,CL,South America,0.005437,34.0
2002,CO,South America,0.008493,24.0
2002,EC,South America,0.001709,57.0
2002,IT,Europe,0.028053,8.0
2002,MX,North America,0.011792,19.0
2002,PE,South America,0.002817,46.0
2002,PL,Europe,0.006318,31.0
2002,UY,South America,0.00053,98.0
2002,ZA,Africa,0.007606,28.0
2002,AT,Europe,0.009549,23.0
2002,BG,Europe,0.000909,74.0
2002,CZ,Europe,0.002526,49.0
2002,ET,Africa,0.001424,63.0
2002,FI,Europe,0.006175,32.0
2002,GE,Asia,0.000427,108.0
2002,GR,Europe,0.01053,21.0
2002,HU,Europe,0.002985,45.0
2002,ID,Asia,0.004113,40.0
2002,IL,Asia,0.0036,43.0
2002,KE,Africa,0.001692,58.0
2002,KR,Asia,0.016314,14.0
2002,NI,North America,0.000417,110.0
2002,NL,Europe,0.020705,12.0
2002,NO,Europe,0.006035,33.0
2002,NZ,Oceania,0.008425,26.0
2002,RS,Europe,0.001209,68.0
2002,SK,Europe,0.000749,83.0
2002,VE,South America,0.00222,50.0
2002,VN,Asia,0.001223,67.0
2002,BA,Europe,0.000792,79.0
2002,BD,Asia,0.001806,55.0
2002,BW,Africa,0.000636,92.0
2002,CY,Europe,0.002567,48.0
2002,FJ,Oceania,0.000489,102.0
2002,HK,Asia,0.004028,41.0
2002,IE,Europe,0.012868,16.0
2002,LK,Asia,0.001361,64.0
2002,MT,Europe,0.000742,84.0
2002,MV,Asia,8.4e-05,191.0
2002,NE,Africa,0.000221,140.0
2002,NG,Africa,0.001268,66.0
2002,NP,Asia,0.000312,123.0
2002,PA,North America,0.000533,97.0
2002,PG,Oceania,0.000304,125.0
2002,PH,Asia,0.00076,81.0
2002,RO,Europe,0.002106,52.0
2002,SG,Asia,0.006553,30.0
2002,TW,Asia,0.01074,20.0
2002,ZM,Africa,0.000346,118.0
2002,ZW,Africa,0.0007,86.0
2002,AX,Europe,0.00013,167.0
2002,AZ,Asia,9.4e-05,187.0
2002,HR,Europe,0.001486,62.0
2002,BB,North America,0.000164,150.0
2002,BF,Africa,0.000355,117.0
2002,BJ,Africa,0.000265,130.0
2002,BO,South America,0.000603,94.0
2002,ER,Africa,0.000129,168.0
2002,GH,Africa,0.001084,72.0
2002,LU,Europe,0.00119,69.0
2002,LV,Europe,0.000432,107.0
2002,MF,North America,0.000144,155.0
2002,PS,Asia,0.000824,78.0
2002,RW,Africa,0.000343,119.0
2002,SN,Africa,0.000315,122.0
2002,TN,Africa,0.000713,85.0
2002,TZ,Africa,0.000648,90.0
2002,UG,Africa,0.000754,82.0
2002,DZ,Africa,0.000586,95.0
2002,TD,Africa,0.000162,151.0
2002,YE,Asia,0.000685,88.0
2002,BI,Africa,0.000129,168.0
2002,CF,Africa,0.000123,174.0
2002,BN,Asia,0.000261,133.0
2002,BQ,North America,0.000123,174.0
2002,CR,North America,0.001937,53.0
2002,HT,North America,6e-05,194.0
2002,PY,South America,0.000505,100.0
2002,UM,North America,0.000151,153.0
2002,BS,North America,0.000144,155.0
2002,BT,Asia,0.000143,158.0
2002,JM,North America,0.000665,89.0
2002,LS,Africa,0.000188,146.0
2002,BY,Europe,0.000128,172.0
2002,DO,North America,0.000319,121.0
2002,GA,Africa,0.000191,145.0
2002,KZ,Asia,0.000489,102.0
2002,LY,Africa,0.000542,96.0
2002,MU,Africa,0.000141,159.0
2002,TT,North America,0.000395,111.0
2002,CD,Africa,0.000382,113.0
2002,CG,Africa,8.6e-05,189.0
2002,GN,Africa,0.000131,165.0
2002,IS,Europe,0.001527,60.0
2002,MD,Europe,0.000209,143.0
2002,ME,Europe,0.000149,154.0
2002,CX,Oceania,7.5e-05,193.0
2002,SV,North America,0.000267,129.0
2002,CM,Africa,0.000488,104.0
2002,MN,Asia,0.000253,135.0
2002,HN,North America,0.000273,128.0
2002,KG,Asia,0.000249,136.0
2002,PR,North America,0.001125,71.0
2002,GT,North America,0.000393,112.0
2002,CW,North America,6e-05,194.0
2002,GM,Africa,0.000144,155.0
2002,GY,South America,9e-05,188.0
2002,CV,Africa,0.0003,127.0
2002,GW,Africa,0.000117,183.0
2002,KH,Asia,8.6e-05,189.0
2002,LA,Asia,6e-05,194.0
2002,LI,Europe,0.000129,168.0
2002,LT,Europe,0.000852,76.0
2002,MK,Europe,0.000378,114.0
2002,MM,Asia,0.000221,140.0
2002,SY,Asia,0.000903,75.0
2002,TJ,Asia,6e-05,194.0
2002,DM,North America,0.000212,142.0
2002,MR,Africa,0.00012,182.0
2002,EE,Europe,0.000645,91.0
2002,EH,Africa,8.2e-05,192.0
2002,AD,Europe,6e-05,194.0
2002,BZ,North America,6e-05,194.0
2002,GQ,Africa,0.000135,162.0
2002,ML,Africa,0.000135,162.0
2002,SB,Oceania,0.000263,132.0
2002,FM,Oceania,0.000138,160.0
2002,GF,South America,0.000185,147.0
2002,MG,Africa,0.0002,144.0
2002,NC,Oceania,0.000123,174.0
2002,RE,Africa,0.000123,174.0
2002,TF,Oceania,6e-05,194.0
2002,TG,Africa,0.000131,165.0
2002,YT,Africa,0.000123,174.0
2002,MO,Asia,0.000368,116.0
2002,MW,Africa,0.000427,108.0
2002,SL,Africa,0.000265,130.0
2002,UZ,Asia,0.000302,126.0
2002,GD,North America,0.00037,115.0
2002,GL,North America,0.000124,173.0
2002,GP,North America,0.000309,124.0
2002,HM,Oceania,0.000135,162.0
2002,IM,Europe,6e-05,194.0
2002,TL,Asia,0.000472,106.0
2002,SH,Africa,6e-05,194.0
2002,SM,Europe,6e-05,194.0
2002,VA,Europe,0.000254,134.0
2002,JE,Europe,0.000129,168.0
2002,SS,Africa,0.000152,152.0
2002,KY,North America,0.000138,160.0
2002,MC,Europe,0.000123,174.0
2002,MQ,North America,0.000123,174.0
2002,DJ,Africa,6e-05,194.0
2002,MS,North America,9.7e-05,186.0
2002,TM,Asia,6e-05,194.0
2002,XK,Other,0.000176,148.0
2002,FK,South America,6e-05,194.0
2002,PN,Oceania,6e-05,194.0
2002,MP,Oceania,6e-05,194.0
2002,PF,Oceania,6e-05,194.0
2002,SJ,Europe,6e-05,194.0
2002,SO,Africa,0.000114,184.0
2002,SR,South America,0.000222,139.0
2002,ST,Africa,0.000123,174.0
2002,SZ,Africa,0.000113,185.0
2002,LC,North America,6e-05,194.0
2002,VU,Oceania,0.000487,105.0
2003,AU,Oceania,0.037011,7.0
2003,AE,Asia,0.003319,45.0
2003,BE,Europe,0.012724,18.0
2003,BN,Asia,0.000461,105.0
2003,CA,North America,0.042031,6.0
2003,CN,Asia,0.015707,16.0
2003,DE,Europe,0.052982,3.0
2003,DZ,Africa,0.000953,84.0
2003,EG,Africa,0.005952,33.0
2003,GB,Europe,0.114066,2.0
2003,ID,Asia,0.004701,38.0
2003,IN,Asia,0.008806,26.0
2003,IQ,Asia,0.001408,66.0
2003,IR,Asia,0.002999,47.0
2003,JO,Asia,0.004728,36.0
2003,KW,Asia,0.001112,78.0
2003,LB,Asia,0.00176,58.0
2003,NZ,Oceania,0.01031,21.0
2003,OM,Asia,0.001403,67.0
2003,PK,Asia,0.001986,55.0
2003,SD,Africa,0.001044,81.0
2003,SG,Asia,0.007821,30.0
2003,TN,Africa,0.001226,74.0
2003,US,North America,0.171449,1.0
2003,ES,Europe,0.047889,5.0
2003,AF,Asia,0.000283,126.0
2003,PE,South America,0.004254,41.0
2003,RS,Europe,0.001222,75.0
2003,RU,Europe,0.004518,40.0
2003,SE,Europe,0.016051,15.0
2003,DM,North America,0.000197,148.0
2003,AG,North America,0.000253,137.0
2003,AT,Europe,0.008938,25.0
2003,AL,Europe,0.000595,99.0
2003,BG,Europe,0.00132,71.0
2003,CH,Europe,0.024151,10.0
2003,NI,North America,0.000375,110.0
2003,XK,Other,0.000267,131.0
2003,AR,South America,0.004097,42.0
2003,AM,Asia,0.000276,129.0
2003,BR,South America,0.016372,14.0
2003,AO,Africa,0.000363,112.0
2003,BY,Europe,0.000264,132.0
2003,CU,North America,0.001915,57.0
2003,PT,Europe,0.016633,12.0
2003,UA,Europe,0.001947,56.0
2003,BO,South America,0.001185,77.0
2003,CL,South America,0.005092,34.0
2003,CO,South America,0.009136,24.0
2003,CR,North America,0.001343,70.0
2003,EC,South America,0.002342,53.0
2003,FR,Europe,0.048697,4.0
2003,HN,North America,0.000313,121.0
2003,IE,Europe,0.011288,20.0
2003,IT,Europe,0.024495,9.0
2003,KE,Africa,0.002261,54.0
2003,MX,North America,0.014123,17.0
2003,PA,North America,0.000218,141.0
2003,PY,South America,0.000395,107.0
2003,SZ,Africa,0.000188,154.0
2003,UY,South America,0.000738,93.0
2003,VE,South America,0.002683,49.0
2003,AS,Oceania,0.000376,109.0
2003,FJ,Oceania,0.000557,101.0
2003,BD,Asia,0.00255,50.0
2003,CZ,Europe,0.003412,44.0
2003,DK,Europe,0.008428,28.0
2003,ET,Africa,0.001252,72.0
2003,GR,Europe,0.011419,19.0
2003,HU,Europe,0.002827,48.0
2003,JP,Asia,0.02462,8.0
2003,LK,Asia,0.00139,68.0
2003,MW,Africa,0.000568,100.0
2003,NL,Europe,0.021203,11.0
2003,NO,Europe,0.006488,31.0
2003,PL,Europe,0.006063,32.0
2003,RO,Europe,0.002538,51.0
2003,SI,Europe,0.000758,92.0
2003,SK,Europe,0.001446,65.0
2003,TR,Asia,0.008776,27.0
2003,VN,Asia,0.00167,61.0
2003,BH,Asia,0.000313,121.0
2003,BT,Asia,0.000139,171.0
2003,CY,Europe,0.002464,52.0
2003,FI,Europe,0.004709,37.0
2003,GT,North America,0.000318,120.0
2003,HK,Asia,0.003886,43.0
2003,IL,Asia,0.00306,46.0
2003,KR,Asia,0.016505,13.0
2003,LY,Africa,0.000984,83.0
2003,MK,Europe,0.000375,110.0
2003,MM,Asia,0.000141,168.0
2003,MO,Asia,0.000354,113.0
2003,MV,Asia,0.000165,160.0
2003,MY,Asia,0.009675,23.0
2003,NG,Africa,0.001622,62.0
2003,NP,Asia,0.000677,96.0
2003,PG,Oceania,5.8e-05,193.0
2003,PH,Asia,0.001727,59.0
2003,PS,Asia,0.000852,87.0
2003,SA,Asia,0.004693,39.0
2003,SY,Asia,0.001204,76.0
2003,TH,Asia,0.00477,35.0
2003,TL,Asia,0.000338,117.0
2003,TW,Asia,0.010308,22.0
2003,TZ,Africa,0.00125,73.0
2003,UG,Africa,0.001366,69.0
2003,YE,Asia,0.000776,89.0
2003,ZA,Africa,0.008208,29.0
2003,AZ,Asia,0.00017,159.0
2003,BA,Europe,0.000761,91.0
2003,GE,Asia,0.000658,97.0
2003,HR,Europe,0.001111,79.0
2003,BB,North America,0.000155,164.0
2003,SL,Africa,0.000191,151.0
2003,AW,North America,5.8e-05,193.0
2003,BJ,Africa,0.000213,144.0
2003,CD,Africa,0.000172,156.0
2003,CM,Africa,0.000264,132.0
2003,EE,Europe,0.000828,88.0
2003,GH,Africa,0.000729,94.0
2003,HT,North America,0.000214,143.0
2003,KH,Asia,0.000313,121.0
2003,LT,Europe,0.00092,85.0
2003,LU,Europe,0.001678,60.0
2003,LV,Europe,0.000299,124.0
2003,MA,Africa,0.001097,80.0
2003,MZ,Africa,0.000208,147.0
2003,RW,Africa,0.000141,168.0
2003,TG,Africa,5.8e-05,193.0
2003,GA,Africa,5.8e-05,193.0
2003,BF,Africa,0.00042,106.0
2003,SN,Africa,0.000769,90.0
2003,BI,Africa,7.1e-05,192.0
2003,GN,Africa,9.2e-05,187.0
2003,BM,North America,0.000258,134.0
2003,CI,Africa,0.000344,116.0
2003,CV,Africa,0.000282,127.0
2003,IO,Oceania,7.7e-05,191.0
2003,ST,Africa,5.8e-05,193.0
2003,BW,Africa,0.000536,102.0
2003,ZW,Africa,0.000889,86.0
2003,BZ,North America,9.8e-05,186.0
2003,GM,Africa,0.000191,151.0
2003,IS,Europe,0.001044,81.0
2003,JM,North America,0.000388,108.0
2003,ML,Africa,0.000172,156.0
2003,TT,North America,0.000192,149.0
2003,CF,Africa,0.000271,130.0
2003,TD,Africa,0.000158,162.0
2003,CG,Africa,0.000134,172.0
2003,LI,Europe,0.000192,149.0
2003,MT,Europe,0.000651,98.0
2003,PR,North America,0.001557,63.0
2003,DO,North America,0.000681,95.0
2003,SV,North America,0.000281,128.0
2003,MN,Asia,0.000256,136.0
2003,NE,Africa,0.000172,156.0
2003,ER,Africa,0.000346,115.0
2003,GQ,Africa,8e-05,190.0
2003,GY,South America,5.8e-05,193.0
2003,UZ,Asia,0.000507,103.0
2003,GW,Africa,0.00011,185.0
2003,CW,North America,8.1e-05,188.0
2003,VA,Europe,0.000215,142.0
2003,KZ,Asia,0.000469,104.0
2003,MD,Europe,0.000238,140.0
2003,MU,Africa,0.000296,125.0
2003,KG,Asia,0.000241,139.0
2003,HM,Oceania,5.8e-05,193.0
2003,TO,Oceania,5.8e-05,193.0
2003,FO,Europe,0.000129,173.0
2003,GP,North America,0.000258,134.0
2003,NC,Oceania,0.00014,170.0
2003,PF,Oceania,5.8e-05,193.0
2003,RE,Africa,0.000249,138.0
2003,SR,South America,5.8e-05,193.0
2003,SS,Africa,0.00021,146.0
2003,ZM,Africa,0.000348,114.0
2003,GD,North America,0.000326,119.0
2003,GF,South America,0.000212,145.0
2003,GL,North America,8.1e-05,188.0
2003,GU,Oceania,0.000125,174.0
2003,AX,Europe,5.8e-05,193.0
2003,JE,Europe,0.000191,151.0
2003,QA,Asia,0.001506,64.0
2003,MG,Africa,0.000115,183.0
2003,KN,North America,0.000125,174.0
2003,KY,North America,0.000125,174.0
2003,LA,Asia,0.00033,118.0
2003,LC,North America,0.000125,174.0
2003,LR,Africa,0.000155,164.0
2003,LS,Africa,0.000156,163.0
2003,ME,Europe,0.000117,182.0
2003,MS,North America,0.00012,180.0
2003,WS,Oceania,5.8e-05,193.0
2003,SJ,Europe,0.000162,161.0
2003,MH,Oceania,5.8e-05,193.0
2003,TJ,Asia,5.8e-05,193.0
2003,TM,Asia,0.00012,180.0
2003,SB,Oceania,0.000155,164.0
2003,SC,Africa,0.000125,174.0
2003,SM,Europe,0.000178,155.0
2003,KM,Africa,5.8e-05,193.0
2003,UM,North America,0.000125,174.0
2003,VU,Oceania,0.000155,164.0
2003,MP,Oceania,5.8e-05,193.0
2003,VG,North America,5.8e-05,193.0
2003,YT,Africa,0.000115,183.0
2004,ES,Europe,0.049664,4.0
2004,AD,Europe,0.000176,163.0
2004,FR,Europe,0.048491,5.0
2004,AU,Oceania,0.033507,7.0
2004,AE,Asia,0.004759,39.0
2004,BE,Europe,0.011328,18.0
2004,CA,North America,0.037462,6.0
2004,CH,Europe,0.022106,10.0
2004,DE,Europe,0.050789,3.0
2004,EG,Africa,0.005071,37.0
2004,GB,Europe,0.119678,2.0
2004,ID,Asia,0.004399,41.0
2004,IN,Asia,0.010532,20.0
2004,IQ,Asia,0.000903,85.0
2004,IR,Asia,0.003397,46.0
2004,JO,Asia,0.005078,36.0
2004,LB,Asia,0.001558,66.0
2004,LK,Asia,0.001311,75.0
2004,MR,Africa,5.8e-05,197.0
2004,MY,Asia,0.010092,21.0
2004,OM,Asia,0.001444,69.0
2004,PK,Asia,0.002886,51.0
2004,QA,Asia,0.001501,68.0
2004,SA,Asia,0.005092,35.0
2004,SE,Europe,0.013781,16.0
2004,SG,Asia,0.005859,33.0
2004,TR,Asia,0.009925,22.0
2004,US,North America,0.167618,1.0
2004,ZA,Africa,0.008511,28.0
2004,BD,Asia,0.00301,49.0
2004,AF,Asia,0.000284,134.0
2004,BR,South America,0.018465,13.0
2004,IE,Europe,0.009155,25.0
2004,AT,Europe,0.007838,29.0
2004,AL,Europe,0.000626,96.0
2004,BG,Europe,0.001372,71.0
2004,HU,Europe,0.002626,53.0
2004,MK,Europe,0.000513,103.0
2004,NL,Europe,0.020717,11.0
2004,RO,Europe,0.002664,52.0
2004,XK,Other,0.000329,127.0
2004,AR,South America,0.004207,42.0
2004,AM,Asia,0.000301,132.0
2004,GR,Europe,0.009152,26.0
2004,RU,Europe,0.004454,40.0
2004,AO,Africa,0.000807,89.0
2004,CO,South America,0.009815,23.0
2004,CU,North America,0.00219,56.0
2004,EC,South America,0.002906,50.0
2004,PT,Europe,0.017325,14.0
2004,BO,South America,0.000596,99.0
2004,BZ,North America,0.000179,161.0
2004,CL,South America,0.007686,30.0
2004,GT,North America,0.000475,109.0
2004,IL,Asia,0.003616,45.0
2004,IT,Europe,0.023367,9.0
2004,MX,North America,0.013588,17.0
2004,NO,Europe,0.006653,31.0
2004,PA,North America,0.000904,84.0
2004,PE,South America,0.003626,44.0
2004,PY,South America,0.000614,97.0
2004,UY,South America,0.000476,108.0
2004,ML,Africa,0.000286,133.0
2004,AS,Oceania,0.000152,170.0
2004,CN,Asia,0.019427,12.0
2004,CZ,Europe,0.003178,47.0
2004,DK,Europe,0.008883,27.0
2004,ET,Africa,0.001331,73.0
2004,FI,Europe,0.005925,32.0
2004,JP,Asia,0.025591,8.0
2004,LU,Europe,0.001186,77.0
2004,PL,Europe,0.005564,34.0
2004,RS,Europe,0.001885,59.0
2004,SI,Europe,0.000504,104.0
2004,SK,Europe,0.001175,78.0
2004,TH,Asia,0.004995,38.0
2004,UA,Europe,0.001815,62.0
2004,BW,Africa,0.000597,98.0
2004,FK,South America,0.000146,174.0
2004,HK,Asia,0.004044,43.0
2004,KE,Africa,0.002212,55.0
2004,KR,Asia,0.015222,15.0
2004,LY,Africa,0.000866,86.0
2004,MN,Asia,0.000458,110.0
2004,MO,Asia,0.000348,121.0
2004,MQ,North America,0.00013,176.0
2004,MV,Asia,0.000173,164.0
2004,NG,Africa,0.001732,63.0
2004,NP,Asia,0.00108,81.0
2004,NZ,Oceania,0.009229,24.0
2004,PG,Oceania,0.000122,179.0
2004,PH,Asia,0.000954,83.0
2004,TW,Asia,0.010751,19.0
2004,VE,South America,0.003048,48.0
2004,VN,Asia,0.001846,60.0
2004,ZW,Africa,0.001221,76.0
2004,AZ,Asia,0.000166,166.0
2004,DZ,Africa,0.000446,111.0
2004,BA,Europe,0.000846,88.0
2004,HR,Europe,0.001067,82.0
2004,LV,Europe,0.00064,95.0
2004,BB,North America,0.000233,149.0
2004,CM,Africa,0.000256,138.0
2004,BF,Africa,0.000147,173.0
2004,CD,Africa,0.00041,113.0
2004,CI,Africa,0.000238,146.0
2004,GE,Asia,0.000263,136.0
2004,GM,Africa,0.000321,128.0
2004,LT,Europe,0.000719,91.0
2004,MA,Africa,0.001103,80.0
2004,NI,North America,0.000372,118.0
2004,PS,Asia,0.001313,74.0
2004,RW,Africa,0.000227,150.0
2004,TN,Africa,0.0019,58.0
2004,TZ,Africa,0.001159,79.0
2004,UG,Africa,0.001583,65.0
2004,SN,Africa,0.000334,125.0
2004,BH,Asia,0.000643,94.0
2004,KW,Asia,0.001818,61.0
2004,LR,Africa,0.000153,169.0
2004,BI,Africa,0.000155,168.0
2004,BJ,Africa,0.000184,159.0
2004,BM,North America,0.000187,157.0
2004,BN,Asia,0.000521,102.0
2004,KZ,Asia,0.000679,92.0
2004,BQ,North America,9.4e-05,190.0
2004,BV,Oceania,5.8e-05,197.0
2004,CR,North America,0.001939,57.0
2004,CV,Africa,0.000376,117.0
2004,GW,Africa,5.8e-05,197.0
2004,HN,North America,0.00037,120.0
2004,MZ,Africa,0.000577,100.0
2004,TL,Asia,0.000314,130.0
2004,BS,North America,0.000194,156.0
2004,BT,Asia,0.000254,139.0
2004,GD,North America,0.000377,116.0
2004,BY,Europe,0.000334,125.0
2004,GH,Africa,0.001421,70.0
2004,JM,North America,0.00034,123.0
2004,LS,Africa,0.000235,148.0
2004,MW,Africa,0.000492,105.0
2004,CG,Africa,0.000185,158.0
2004,CF,Africa,0.000183,160.0
2004,ZM,Africa,0.000487,106.0
2004,EE,Europe,0.000739,90.0
2004,SY,Asia,0.000667,93.0
2004,YE,Asia,0.000556,101.0
2004,DO,North America,0.000861,87.0
2004,GL,North America,5.8e-05,197.0
2004,MD,Europe,0.000305,131.0
2004,PR,North America,0.001342,72.0
2004,VA,Europe,0.0002,154.0
2004,CW,North America,0.00015,171.0
2004,SV,North America,0.000372,118.0
2004,CY,Europe,0.00238,54.0
2004,KG,Asia,0.000247,142.0
2004,GF,South America,0.000241,144.0
2004,SD,Africa,0.001512,67.0
2004,SZ,Africa,0.000251,140.0
2004,UZ,Asia,0.000169,165.0
2004,IS,Europe,0.001705,64.0
2004,DM,North America,5.8e-05,197.0
2004,ER,Africa,0.000382,115.0
2004,GQ,Africa,5.8e-05,197.0
2004,GS,Other,0.000123,178.0
2004,TD,Africa,0.000103,186.0
2004,FJ,Oceania,0.000482,107.0
2004,GA,Africa,0.000198,155.0
2004,GP,North America,0.000239,145.0
2004,KH,Asia,0.000439,112.0
2004,MT,Europe,0.000341,122.0
2004,NC,Oceania,0.000335,124.0
2004,PF,Oceania,0.000111,184.0
2004,RE,Africa,0.000226,151.0
2004,SM,Europe,0.0001,187.0
2004,TG,Africa,0.000125,177.0
2004,VU,Oceania,5.8e-05,197.0
2004,GY,South America,5.8e-05,197.0
2004,LI,Europe,9.9e-05,188.0
2004,MS,North America,5.8e-05,197.0
2004,MU,Africa,0.000245,143.0
2004,SL,Africa,0.00012,180.0
2004,HT,North America,0.000164,167.0
2004,TT,North America,0.000385,114.0
2004,IM,Europe,8.6e-05,192.0
2004,LA,Asia,9.7e-05,189.0
2004,MM,Asia,0.000249,141.0
2004,SS,Africa,0.000317,129.0
2004,KP,Asia,7.5e-05,196.0
2004,LC,North America,8.6e-05,192.0
2004,MC,Europe,0.000111,184.0
2004,ME,Europe,0.000262,137.0
2004,MG,Africa,7.9e-05,195.0
2004,GN,Africa,5.8e-05,197.0
2004,NE,Africa,0.000148,172.0
2004,MP,Oceania,0.000114,181.0
2004,SJ,Europe,0.000236,147.0
2004,AG,North America,5.8e-05,197.0
2004,GU,Oceania,5.8e-05,197.0
2004,PW,Oceania,8.7e-05,191.0
2004,DJ,Africa,5.8e-05,197.0
2004,TJ,Asia,5.8e-05,197.0
2004,SB,Oceania,0.000177,162.0
2004,SC,Africa,8.6e-05,192.0
2004,SO,Africa,5.8e-05,197.0
2004,SX,North America,0.00021,152.0
2004,TC,North America,0.000201,153.0
2004,FM,Oceania,5.8e-05,197.0
2004,SR,South America,5.8e-05,197.0
2004,UM,North America,5.8e-05,197.0
2004,VG,North America,0.000114,181.0
2004,VI,North America,0.000114,181.0
2004,WS,Oceania,0.000271,135.0
2004,YT,Africa,0.000138,175.0
2005,ES,Europe,0.046829,4.0
2005,AD,Europe,0.000165,156.0
2005,AU,Oceania,0.036788,7.0
2005,AE,Asia,0.004314,42.0
2005,BH,Asia,0.000752,95.0
2005,CA,North America,0.037458,6.0
2005,CH,Europe,0.023407,10.0
2005,DE,Europe,0.053057,3.0
2005,EG,Africa,0.006066,34.0
2005,FR,Europe,0.044389,5.0
2005,GB,Europe,0.113217,2.0
2005,IN,Asia,0.010267,20.0
2005,IQ,Asia,0.001336,71.0
2005,IR,Asia,0.003202,47.0
2005,JO,Asia,0.004915,41.0
2005,JP,Asia,0.026455,8.0
2005,LB,Asia,0.001249,75.0
2005,LY,Africa,0.000872,86.0
2005,MY,Asia,0.010022,22.0
2005,OM,Asia,0.001301,73.0
2005,PH,Asia,0.001786,60.0
2005,PS,Asia,0.001078,83.0
2005,RU,Europe,0.004185,43.0
2005,SA,Asia,0.005771,36.0
2005,SD,Africa,0.0017,64.0
2005,SG,Asia,0.008735,27.0
2005,SI,Europe,0.001232,77.0
2005,SY,Asia,0.001027,84.0
2005,TR,Asia,0.009544,24.0
2005,US,North America,0.162439,1.0
2005,DK,Europe,0.007816,30.0
2005,AF,Asia,0.00041,116.0
2005,KE,Africa,0.002328,54.0
2005,MN,Asia,0.000357,119.0
2005,MX,North America,0.011741,19.0
2005,PK,Asia,0.00299,48.0
2005,AR,South America,0.005106,39.0
2005,AG,North America,0.000203,145.0
2005,BR,South America,0.01859,13.0
2005,AL,Europe,0.000861,88.0
2005,GR,Europe,0.009153,25.0
2005,IT,Europe,0.025896,9.0
2005,MK,Europe,0.000525,105.0
2005,RS,Europe,0.001645,65.0
2005,AM,Asia,0.000291,127.0
2005,AO,Africa,0.000475,111.0
2005,CD,Africa,0.000498,109.0
2005,CU,North America,0.00188,58.0
2005,NL,Europe,0.021296,11.0
2005,PT,Europe,0.015012,16.0
2005,AT,Europe,0.009975,23.0
2005,AQ,Other,0.000177,152.0
2005,NZ,Oceania,0.008359,29.0
2005,BE,Europe,0.012176,17.0
2005,BO,South America,0.000628,100.0
2005,CL,South America,0.005753,37.0
2005,CO,South America,0.010224,21.0
2005,CR,North America,0.001769,61.0
2005,EC,South America,0.00229,55.0
2005,FI,Europe,0.005448,38.0
2005,GT,North America,0.000654,98.0
2005,IL,Asia,0.003874,45.0
2005,PE,South America,0.003951,44.0
2005,PY,South America,0.000499,108.0
2005,UY,South America,0.000808,90.0
2005,VE,South America,0.002502,51.0
2005,CN,Asia,0.020121,12.0
2005,AS,Oceania,0.0001,190.0
2005,KH,Asia,0.000294,126.0
2005,AZ,Asia,0.000181,147.0
2005,BF,Africa,0.000248,137.0
2005,BG,Europe,0.001146,80.0
2005,CZ,Europe,0.003214,46.0
2005,HR,Europe,0.00129,74.0
2005,HU,Europe,0.002636,49.0
2005,ID,Asia,0.006444,33.0
2005,IE,Europe,0.011819,18.0
2005,KR,Asia,0.015737,14.0
2005,NO,Europe,0.007298,31.0
2005,NP,Asia,0.000865,87.0
2005,PL,Europe,0.006573,32.0
2005,RO,Europe,0.002466,52.0
2005,SE,Europe,0.015522,15.0
2005,SK,Europe,0.001162,79.0
2005,TH,Asia,0.005007,40.0
2005,TZ,Africa,0.001191,78.0
2005,UA,Europe,0.002267,56.0
2005,UZ,Asia,0.000165,156.0
2005,XK,Other,0.000274,134.0
2005,ZA,Africa,0.008708,28.0
2005,BB,North America,0.000303,124.0
2005,BD,Asia,0.002634,50.0
2005,BN,Asia,0.000486,110.0
2005,BT,Asia,0.00014,166.0
2005,FJ,Oceania,0.000781,91.0
2005,GM,Africa,0.000181,147.0
2005,HK,Asia,0.005843,35.0
2005,KW,Asia,0.001414,69.0
2005,LK,Asia,0.001736,63.0
2005,LV,Europe,0.000313,123.0
2005,MM,Asia,6e-05,199.0
2005,MW,Africa,0.000205,143.0
2005,MZ,Africa,0.000538,104.0
2005,PG,Oceania,0.000291,127.0
2005,SC,Africa,0.000124,175.0
2005,TW,Asia,0.009101,26.0
2005,VN,Asia,0.001798,59.0
2005,VU,Oceania,0.000208,142.0
2005,WS,Oceania,0.000122,176.0
2005,ZM,Africa,0.000615,101.0
2005,BA,Europe,0.000764,92.0
2005,CY,Europe,0.002373,53.0
2005,GH,Africa,0.001764,62.0
2005,SL,Africa,0.000181,147.0
2005,UG,Africa,0.001233,76.0
2005,BI,Africa,8.2e-05,194.0
2005,BJ,Africa,0.00047,113.0
2005,CM,Africa,0.000433,115.0
2005,DZ,Africa,0.00108,82.0
2005,EE,Europe,0.000857,89.0
2005,ET,Africa,0.000757,93.0
2005,GN,Africa,7.1e-05,196.0
2005,LT,Europe,0.000719,97.0
2005,LU,Europe,0.001569,66.0
2005,MA,Africa,0.001143,81.0
2005,MD,Europe,0.000279,132.0
2005,NG,Africa,0.001544,67.0
2005,RW,Africa,0.000575,103.0
2005,TN,Africa,0.001406,70.0
2005,ZW,Africa,0.000724,96.0
2005,CI,Africa,0.000345,121.0
2005,GE,Asia,0.000475,111.0
2005,QA,Asia,0.002177,57.0
2005,BM,North America,0.000127,172.0
2005,BY,Europe,0.000251,136.0
2005,DO,North America,0.000633,99.0
2005,GA,Africa,0.000159,161.0
2005,LA,Asia,0.000141,164.0
2005,LR,Africa,0.000161,159.0
2005,PA,North America,0.000989,85.0
2005,UM,North America,0.000164,158.0
2005,BS,North America,0.000109,184.0
2005,BW,Africa,0.000753,94.0
2005,BZ,North America,0.000111,180.0
2005,DM,North America,0.000161,159.0
2005,JM,North America,7.9e-05,195.0
2005,ML,Africa,0.000141,164.0
2005,MO,Asia,0.00051,107.0
2005,MU,Africa,0.000181,147.0
2005,PR,North America,0.001306,72.0
2005,SN,Africa,0.000355,120.0
2005,TD,Africa,0.000168,154.0
2005,CF,Africa,0.000112,179.0
2005,CG,Africa,0.000133,169.0
2005,GW,Africa,6e-05,199.0
2005,TG,Africa,0.000105,187.0
2005,LI,Europe,0.00017,153.0
2005,SV,North America,0.000211,141.0
2005,HT,North America,0.000108,186.0
2005,KG,Asia,0.000289,130.0
2005,NI,North America,0.000397,117.0
2005,HN,North America,0.000297,125.0
2005,CV,Africa,0.000443,114.0
2005,IS,Europe,0.001502,68.0
2005,KZ,Asia,0.00039,118.0
2005,NE,Africa,0.000282,131.0
2005,DJ,Africa,0.000103,189.0
2005,GF,South America,6e-05,199.0
2005,YE,Asia,0.000514,106.0
2005,SZ,Africa,0.000125,174.0
2005,ER,Africa,0.000179,151.0
2005,MG,Africa,0.000226,139.0
2005,BQ,North America,6e-05,199.0
2005,MT,Europe,0.000614,102.0
2005,GI,Europe,6e-05,199.0
2005,LS,Africa,0.000316,122.0
2005,TC,North America,0.000109,184.0
2005,TT,North America,0.000168,154.0
2005,GD,North America,0.000265,135.0
2005,GU,Oceania,0.000111,180.0
2005,GY,South America,0.000204,144.0
2005,TL,Asia,0.000194,146.0
2005,TJ,Asia,0.000129,171.0
2005,SM,Europe,6e-05,199.0
2005,VA,Europe,0.000104,188.0
2005,JE,Europe,0.000134,168.0
2005,KI,Oceania,0.000156,162.0
2005,KN,North America,0.000126,173.0
2005,KP,Asia,7e-05,197.0
2005,KY,North America,0.000217,140.0
2005,SR,South America,6e-05,199.0
2005,LC,North America,0.000115,178.0
2005,MV,Asia,0.000238,138.0
2005,MC,Europe,0.000139,167.0
2005,ME,Europe,0.000291,127.0
2005,MP,Oceania,0.000111,180.0
2005,MQ,North America,0.0001,190.0
2005,MS,North America,6.5e-05,198.0
2005,NC,Oceania,0.000278,133.0
2005,SB,Oceania,0.000122,176.0
2005,PN,Oceania,6e-05,199.0
2005,PF,Oceania,0.0001,190.0
2005,RE,Africa,0.000148,163.0
2005,SS,Africa,6e-05,199.0
2005,SJ,Europe,8.6e-05,193.0
2005,MR,Africa,6e-05,199.0
2005,SO,Africa,0.000132,170.0
2005,MF,North America,6e-05,199.0
2005,VI,North America,0.000111,180.0
2006,TW,Asia,0.008849,27.0
2006,AD,Europe,0.000101,182.0
2006,AU,Oceania,0.038457,6.0
2006,AE,Asia,0.005686,37.0
2006,BH,Asia,0.000547,112.0
2006,BN,Asia,0.000633,98.0
2006,BR,South America,0.02079,11.0
2006,CA,North America,0.034873,7.0
2006,CH,Europe,0.022536,9.0
2006,DE,Europe,0.049182,4.0
2006,EG,Africa,0.005627,38.0
2006,FR,Europe,0.045922,5.0
2006,GB,Europe,0.116498,2.0
2006,ID,Asia,0.005447,39.0
2006,IN,Asia,0.012628,18.0
2006,IQ,Asia,0.000846,88.0
2006,IR,Asia,0.003737,44.0
2006,IT,Europe,0.025413,8.0
2006,JO,Asia,0.004531,41.0
2006,JP,Asia,0.020121,12.0
2006,LB,Asia,0.001731,62.0
2006,LK,Asia,0.001475,69.0
2006,MA,Africa,0.000894,86.0
2006,MY,Asia,0.012076,19.0
2006,OM,Asia,0.001913,59.0
2006,PK,Asia,0.003708,45.0
2006,PS,Asia,0.001452,71.0
2006,PT,Europe,0.017369,14.0
2006,QA,Asia,0.00193,57.0
2006,SA,Asia,0.006129,35.0
2006,SD,Africa,0.000638,96.0
2006,SG,Asia,0.009392,24.0
2006,SY,Asia,0.001418,72.0
2006,US,North America,0.155932,1.0
2006,YE,Asia,0.00077,90.0
2006,ZA,Africa,0.008031,30.0
2006,AF,Asia,0.000468,117.0
2006,ES,Europe,0.050842,3.0
2006,NP,Asia,0.00066,94.0
2006,AI,North America,9.9e-05,183.0
2006,CY,Europe,0.00239,52.0
2006,AL,Europe,0.00059,103.0
2006,GR,Europe,0.008323,29.0
2006,MK,Europe,0.000384,121.0
2006,SO,Africa,6.6e-05,203.0
2006,TR,Asia,0.009381,25.0
2006,AM,Asia,0.000193,153.0
2006,RU,Europe,0.003704,46.0
2006,AO,Africa,0.000666,92.0
2006,CD,Africa,0.00063,99.0
2006,CU,North America,0.001821,60.0
2006,ST,Africa,0.000173,157.0
2006,AQ,Other,9.9e-05,183.0
2006,AR,South America,0.006211,34.0
2006,AT,Europe,0.010207,22.0
2006,BE,Europe,0.011342,20.0
2006,BO,South America,0.001172,80.0
2006,CL,South America,0.006695,32.0
2006,CO,South America,0.009682,23.0
2006,DO,North America,0.000654,95.0
2006,EC,South America,0.002305,53.0
2006,HN,North America,0.00049,114.0
2006,MX,North America,0.012735,17.0
2006,NL,Europe,0.021379,10.0
2006,PE,South America,0.004092,42.0
2006,PR,North America,0.001152,81.0
2006,PY,South America,0.000299,130.0
2006,RS,Europe,0.00192,58.0
2006,UY,South America,0.000695,91.0
2006,VE,South America,0.00259,50.0
2006,AS,Oceania,9.9e-05,183.0
2006,BA,Europe,0.000561,109.0
2006,BD,Asia,0.002513,51.0
2006,BG,Europe,0.001257,77.0
2006,CN,Asia,0.019887,13.0
2006,CZ,Europe,0.003144,48.0
2006,DK,Europe,0.008599,28.0
2006,ET,Africa,0.000869,87.0
2006,FI,Europe,0.005231,40.0
2006,HR,Europe,0.001225,78.0
2006,HU,Europe,0.001997,56.0
2006,IE,Europe,0.010632,21.0
2006,IL,Asia,0.003949,43.0
2006,KR,Asia,0.015314,15.0
2006,LI,Europe,5.5e-05,208.0
2006,LT,Europe,0.001394,74.0
2006,LU,Europe,0.001538,68.0
2006,NZ,Oceania,0.009161,26.0
2006,PG,Oceania,0.000284,132.0
2006,PL,Europe,0.005853,36.0
2006,RO,Europe,0.002289,54.0
2006,SE,Europe,0.015066,16.0
2006,SI,Europe,0.000948,84.0
2006,SK,Europe,0.001278,76.0
2006,TH,Asia,0.003376,47.0
2006,UA,Europe,0.002003,55.0
2006,UG,Africa,0.001334,75.0
2006,VN,Asia,0.003143,49.0
2006,BT,Asia,0.00026,139.0
2006,BW,Africa,0.000824,89.0
2006,FJ,Oceania,0.000277,136.0
2006,HK,Asia,0.006693,33.0
2006,KE,Africa,0.001573,66.0
2006,KH,Asia,0.000188,156.0
2006,KW,Asia,0.001397,73.0
2006,NO,Europe,0.007477,31.0
2006,PA,North America,0.000638,96.0
2006,PH,Asia,0.001571,67.0
2006,TL,Asia,0.000202,148.0
2006,TO,Oceania,0.00019,155.0
2006,ZW,Africa,0.000561,109.0
2006,AZ,Asia,0.000315,126.0
2006,BB,North America,0.000591,102.0
2006,JM,North America,0.000504,113.0
2006,TT,North America,0.000479,116.0
2006,TZ,Africa,0.001463,70.0
2006,EH,Africa,5.5e-05,208.0
2006,BF,Africa,0.000268,137.0
2006,BJ,Africa,0.000222,143.0
2006,CI,Africa,0.000212,146.0
2006,CM,Africa,0.000569,106.0
2006,EE,Europe,0.000594,101.0
2006,GH,Africa,0.001681,64.0
2006,GY,South America,8.8e-05,194.0
2006,MW,Africa,0.000481,115.0
2006,RW,Africa,0.000427,119.0
2006,TN,Africa,0.001048,83.0
2006,SN,Africa,0.000359,123.0
2006,BM,North America,0.000108,176.0
2006,MM,Asia,0.00025,140.0
2006,CR,North America,0.001747,61.0
2006,HT,North America,0.000172,158.0
2006,GT,North America,0.000555,111.0
2006,GW,Africa,0.00017,159.0
2006,IO,Oceania,8.2e-05,197.0
2006,MZ,Africa,0.000565,108.0
2006,NG,Africa,0.001697,63.0
2006,NI,North America,0.00057,105.0
2006,BS,North America,0.000128,170.0
2006,TC,North America,9.2e-05,190.0
2006,BY,Europe,0.000305,129.0
2006,BZ,North America,0.000105,181.0
2006,LY,Africa,0.001206,79.0
2006,ME,Europe,0.000194,151.0
2006,NE,Africa,0.000112,174.0
2006,ZM,Africa,0.000662,93.0
2006,LR,Africa,0.000197,150.0
2006,CG,Africa,9.9e-05,183.0
2006,KG,Asia,0.000322,125.0
2006,MC,Europe,0.000141,168.0
2006,MG,Africa,0.000294,131.0
2006,MT,Europe,0.000577,104.0
2006,GN,Africa,8.8e-05,194.0
2006,SV,North America,0.000193,153.0
2006,GA,Africa,9.1e-05,191.0
2006,CX,Oceania,5.5e-05,208.0
2006,MN,Asia,0.000414,120.0
2006,MO,Asia,0.000313,128.0
2006,KM,Africa,6.8e-05,201.0
2006,CV,Africa,0.000384,121.0
2006,CW,North America,9.9e-05,183.0
2006,DZ,Africa,0.001106,82.0
2006,GE,Asia,0.000467,118.0
2006,IS,Europe,0.001645,65.0
2006,KP,Asia,0.000148,164.0
2006,LS,Africa,0.00028,135.0
2006,LV,Europe,0.000618,100.0
2006,TD,Africa,5.5e-05,208.0
2006,UZ,Asia,7.7e-05,199.0
2006,XK,Other,0.000144,167.0
2006,DJ,Africa,9.1e-05,191.0
2006,GL,North America,0.000229,142.0
2006,DM,North America,0.000114,173.0
2006,KZ,Asia,0.000925,85.0
2006,ER,Africa,7.6e-05,200.0
2006,MD,Europe,0.000216,145.0
2006,VU,Oceania,5.5e-05,208.0
2006,FK,South America,8e-05,198.0
2006,CF,Africa,5.5e-05,208.0
2006,LA,Asia,0.0002,149.0
2006,ML,Africa,0.000204,147.0
2006,MU,Africa,0.000567,107.0
2006,NC,Oceania,0.000267,138.0
2006,PF,Oceania,9.1e-05,191.0
2006,RE,Africa,0.000332,124.0
2006,TG,Africa,0.000136,169.0
2006,VA,Europe,0.00024,141.0
2006,GD,North America,0.000282,133.0
2006,MV,Asia,0.000315,126.0
2006,SL,Africa,0.000108,176.0
2006,SM,Europe,8.4e-05,196.0
2006,SZ,Africa,0.00012,172.0
2006,TM,Asia,5.5e-05,208.0
2006,GF,South America,0.000164,161.0
2006,GM,Africa,0.000222,143.0
2006,GP,North America,0.000281,134.0
2006,MQ,North America,5.5e-05,208.0
2006,GU,Oceania,0.000149,163.0
2006,IM,Europe,0.000108,176.0
2006,JE,Europe,6.6e-05,203.0
2006,SS,Africa,0.00011,175.0
2006,KN,North America,0.000153,162.0
2006,LC,North America,0.000108,176.0
2006,TJ,Asia,0.000145,166.0
2006,MR,Africa,6.6e-05,203.0
2006,MS,North America,9.3e-05,189.0
2006,MP,Oceania,9.9e-05,183.0
2006,PW,Oceania,0.000121,171.0
2006,SR,South America,6.8e-05,201.0
2006,WS,Oceania,5.5e-05,208.0
2006,SJ,Europe,5.5e-05,208.0
2006,PN,Oceania,0.000108,176.0
2006,SC,Africa,0.000194,151.0
2006,BI,Africa,5.5e-05,208.0
2006,SB,Oceania,0.000146,165.0
2006,SX,North America,0.000168,160.0
2006,MF,North America,5.5e-05,208.0
2006,VI,North America,6.6e-05,203.0
2006,VG,North America,6.3e-05,207.0
2007,ES,Europe,0.056111,3.0
2007,AD,Europe,0.000234,146.0
2007,US,North America,0.147034,1.0
2007,AF,Asia,0.00032,135.0
2007,AE,Asia,0.005598,34.0
2007,AU,Oceania,0.03806,6.0
2007,BD,Asia,0.002148,58.0
2007,CA,North America,0.033183,7.0
2007,CY,Europe,0.003808,43.0
2007,DK,Europe,0.011391,20.0
2007,DZ,Africa,0.000632,99.0
2007,EG,Africa,0.004994,39.0
2007,FI,Europe,0.005295,37.0
2007,FR,Europe,0.045632,5.0
2007,GB,Europe,0.121324,2.0
2007,GH,Africa,0.001394,65.0
2007,HK,Asia,0.005544,35.0
2007,HU,Europe,0.002939,51.0
2007,IE,Europe,0.010912,21.0
2007,IN,Asia,0.014567,16.0
2007,IQ,Asia,0.000369,126.0
2007,IR,Asia,0.003221,49.0
2007,IS,Europe,0.001972,59.0
2007,JE,Europe,8.3e-05,206.0
2007,JO,Asia,0.003749,45.0
2007,JP,Asia,0.019551,12.0
2007,KZ,Asia,0.000618,101.0
2007,LB,Asia,0.001296,67.0
2007,MA,Africa,0.000905,86.0
2007,MY,Asia,0.01073,22.0
2007,NP,Asia,0.001201,70.0
2007,NZ,Oceania,0.008891,28.0
2007,PH,Asia,0.001025,80.0
2007,PK,Asia,0.003796,44.0
2007,PS,Asia,0.000869,88.0
2007,PT,Europe,0.018859,13.0
2007,QA,Asia,0.00234,56.0
2007,SA,Asia,0.006483,33.0
2007,SE,Europe,0.016868,14.0
2007,SG,Asia,0.009953,25.0
2007,SY,Asia,0.001383,66.0
2007,TR,Asia,0.00967,26.0
2007,TT,North America,0.000549,107.0
2007,UA,Europe,0.001532,63.0
2007,YE,Asia,0.000512,109.0
2007,ZA,Africa,0.007902,30.0
2007,IL,Asia,0.003627,46.0
2007,IT,Europe,0.024409,8.0
2007,ST,Africa,7.1e-05,209.0
2007,AG,North America,0.000202,153.0
2007,AT,Europe,0.010351,23.0
2007,AL,Europe,0.000577,106.0
2007,BG,Europe,0.00099,83.0
2007,CO,South America,0.01034,24.0
2007,DE,Europe,0.04898,4.0
2007,MK,Europe,0.000629,100.0
2007,NL,Europe,0.021967,10.0
2007,XK,Other,0.000158,170.0
2007,BR,South America,0.016297,15.0
2007,AM,Asia,0.000294,138.0
2007,NO,Europe,0.00962,27.0
2007,RU,Europe,0.003374,48.0
2007,AO,Africa,0.000798,90.0
2007,BW,Africa,0.000523,108.0
2007,CU,North America,0.001186,72.0
2007,CZ,Europe,0.003962,41.0
2007,AQ,Other,9.3e-05,197.0
2007,BE,Europe,0.012268,19.0
2007,AR,South America,0.005082,38.0
2007,BO,South America,0.000658,98.0
2007,CH,Europe,0.024075,9.0
2007,CL,South America,0.006879,32.0
2007,DO,North America,0.000891,87.0
2007,EC,South America,0.002745,53.0
2007,MX,North America,0.012577,18.0
2007,PE,South America,0.004453,40.0
2007,PY,South America,0.000706,95.0
2007,UY,South America,0.00099,83.0
2007,VE,South America,0.002788,52.0
2007,AS,Oceania,9.3e-05,197.0
2007,CN,Asia,0.020496,11.0
2007,ET,Africa,0.001004,82.0
2007,GE,Asia,0.000423,117.0
2007,GR,Europe,0.007382,31.0
2007,HN,North America,0.000455,113.0
2007,HR,Europe,0.001041,79.0
2007,ID,Asia,0.003829,42.0
2007,KE,Africa,0.00259,54.0
2007,KG,Asia,0.000198,154.0
2007,LI,Europe,0.000164,168.0
2007,NI,North America,0.000613,102.0
2007,PL,Europe,0.0055,36.0
2007,RO,Europe,0.003148,50.0
2007,RS,Europe,0.001939,60.0
2007,SI,Europe,0.00113,74.0
2007,SK,Europe,0.001279,69.0
2007,TW,Asia,0.00868,29.0
2007,TZ,Africa,0.001195,71.0
2007,UG,Africa,0.001078,77.0
2007,BN,Asia,0.00039,124.0
2007,BS,North America,0.000171,167.0
2007,BT,Asia,0.000275,139.0
2007,CR,North America,0.001539,62.0
2007,FJ,Oceania,0.000487,110.0
2007,KH,Asia,0.000412,119.0
2007,KR,Asia,0.012618,17.0
2007,KW,Asia,0.00128,68.0
2007,LK,Asia,0.000825,89.0
2007,LY,Africa,0.001015,81.0
2007,MM,Asia,0.000109,188.0
2007,MU,Africa,0.000231,148.0
2007,MV,Asia,0.000223,149.0
2007,MZ,Africa,0.00079,91.0
2007,NG,Africa,0.001577,61.0
2007,OM,Asia,0.001513,64.0
2007,PG,Oceania,0.000362,127.0
2007,TH,Asia,0.003565,47.0
2007,TL,Asia,0.000347,131.0
2007,VI,North America,0.000141,177.0
2007,VN,Asia,0.002158,57.0
2007,ZM,Africa,0.000696,97.0
2007,ZW,Africa,0.000422,118.0
2007,AW,North America,0.000134,181.0
2007,AZ,Asia,0.000274,140.0
2007,BA,Europe,0.0007,96.0
2007,BB,North America,0.000359,128.0
2007,ML,Africa,0.000173,165.0
2007,BF,Africa,0.000591,103.0
2007,BI,Africa,0.000153,172.0
2007,BJ,Africa,0.000475,111.0
2007,CD,Africa,0.000332,133.0
2007,CM,Africa,0.000399,122.0
2007,GA,Africa,0.000234,146.0
2007,LU,Europe,0.002427,55.0
2007,RW,Africa,0.000409,120.0
2007,CI,Africa,0.000428,116.0
2007,MD,Europe,0.000175,161.0
2007,TN,Africa,0.00113,74.0
2007,BH,Asia,0.000582,105.0
2007,GN,Africa,0.000108,189.0
2007,BM,North America,0.000209,152.0
2007,BY,Europe,0.000274,140.0
2007,CV,Africa,0.000448,114.0
2007,GT,North America,0.000591,103.0
2007,HT,North America,0.000188,156.0
2007,IO,Oceania,5.4e-05,211.0
2007,VA,Europe,0.000211,151.0
2007,BV,Oceania,7.1e-05,209.0
2007,MW,Africa,0.000398,123.0
2007,LT,Europe,0.000785,92.0
2007,BZ,North America,0.000146,176.0
2007,PA,North America,0.001054,78.0
2007,CF,Africa,0.000175,161.0
2007,CG,Africa,0.000177,160.0
2007,MG,Africa,0.00024,145.0
2007,UZ,Asia,0.000437,115.0
2007,TG,Africa,0.000335,132.0
2007,TD,Africa,0.00014,180.0
2007,KP,Asia,5.4e-05,211.0
2007,LR,Africa,0.000178,159.0
2007,MO,Asia,0.000402,121.0
2007,SD,Africa,0.000924,85.0
2007,SL,Africa,0.000141,177.0
2007,SO,Africa,0.000151,173.0
2007,KM,Africa,9.4e-05,196.0
2007,PR,North America,0.001164,73.0
2007,SV,North America,0.000389,125.0
2007,SC,Africa,8.7e-05,201.0
2007,CW,North America,8.8e-05,200.0
2007,EE,Europe,0.001112,76.0
2007,GP,North America,0.000172,166.0
2007,GY,South America,0.000102,191.0
2007,DJ,Africa,0.000106,190.0
2007,GL,North America,0.000149,175.0
2007,DM,North America,0.000184,158.0
2007,NE,Africa,0.000264,142.0
2007,SN,Africa,0.000349,130.0
2007,ER,Africa,0.000188,156.0
2007,MT,Europe,0.000748,94.0
2007,LA,Asia,0.000112,187.0
2007,SB,Oceania,0.000175,161.0
2007,VU,Oceania,5.4e-05,211.0
2007,FM,Oceania,8.3e-05,206.0
2007,FO,Europe,0.000119,184.0
2007,MC,Europe,0.000154,171.0
2007,MN,Asia,0.000259,143.0
2007,NC,Oceania,0.000302,137.0
2007,PF,Oceania,8.7e-05,201.0
2007,RE,Africa,0.000256,144.0
2007,GM,Africa,0.00015,174.0
2007,IM,Europe,0.000119,184.0
2007,JM,North America,0.000324,134.0
2007,LS,Africa,0.000305,136.0
2007,LV,Europe,0.000778,93.0
2007,SS,Africa,0.000162,169.0
2007,SX,North America,0.000212,150.0
2007,TJ,Asia,7.3e-05,208.0
2007,GD,North America,0.000475,111.0
2007,GF,South America,0.000359,128.0
2007,MQ,North America,8.7e-05,201.0
2007,GI,Europe,8.4e-05,205.0
2007,GQ,Africa,9.7e-05,193.0
2007,GU,Oceania,0.000141,177.0
2007,ME,Europe,0.000174,164.0
2007,KI,Oceania,0.000114,186.0
2007,KN,North America,0.000189,155.0
2007,KY,North America,9.5e-05,194.0
2007,MF,North America,9.3e-05,197.0
2007,MR,Africa,8.7e-05,201.0
2007,SZ,Africa,0.00013,182.0
2007,AX,Europe,5.4e-05,211.0
2007,NR,Oceania,9.5e-05,194.0
2007,TM,Asia,5.4e-05,211.0
2007,SM,Europe,0.000126,183.0
2007,UM,North America,0.000101,192.0
2007,LC,North America,5.4e-05,211.0
2007,SR,South America,5.4e-05,211.0
2007,MP,Oceania,5.4e-05,211.0
2007,VG,North America,5.4e-05,211.0
2007,TC,North America,5.4e-05,211.0
2008,ES,Europe,0.055206,3.0
2008,AD,Europe,0.000246,139.0
2008,AT,Europe,0.010319,24.0
2008,AE,Asia,0.005667,35.0
2008,AU,Oceania,0.03781,6.0
2008,BD,Asia,0.002684,52.0
2008,BH,Asia,0.000745,93.0
2008,CA,North America,0.032022,7.0
2008,CN,Asia,0.024135,9.0
2008,CY,Europe,0.00273,51.0
2008,DE,Europe,0.05213,4.0
2008,DK,Europe,0.010485,23.0
2008,DZ,Africa,0.000709,96.0
2008,EG,Africa,0.004708,40.0
2008,FI,Europe,0.005413,36.0
2008,FR,Europe,0.04634,5.0
2008,GB,Europe,0.104358,2.0
2008,IE,Europe,0.010899,22.0
2008,IN,Asia,0.014641,16.0
2008,IQ,Asia,0.000881,86.0
2008,IR,Asia,0.00401,44.0
2008,IT,Europe,0.023748,10.0
2008,JO,Asia,0.003266,47.0
2008,JP,Asia,0.020225,13.0
2008,KE,Africa,0.003046,48.0
2008,KG,Asia,0.000191,155.0
2008,KR,Asia,0.014052,18.0
2008,KW,Asia,0.001259,73.0
2008,LB,Asia,0.001699,63.0
2008,LK,Asia,0.00122,74.0
2008,MA,Africa,0.000967,83.0
2008,MV,Asia,0.000248,138.0
2008,MY,Asia,0.01136,21.0
2008,NG,Africa,0.002319,55.0
2008,NO,Europe,0.008722,26.0
2008,OM,Asia,0.001397,69.0
2008,PA,North America,0.000975,81.0
2008,PH,Asia,0.001187,76.0
2008,PK,Asia,0.003626,46.0
2008,PS,Asia,0.001005,80.0
2008,QA,Asia,0.002003,58.0
2008,RU,Europe,0.00388,45.0
2008,SA,Asia,0.007092,32.0
2008,SD,Africa,0.000769,92.0
2008,SE,Europe,0.017815,15.0
2008,SG,Asia,0.0099,25.0
2008,SY,Asia,0.001121,77.0
2008,TR,Asia,0.007958,28.0
2008,TW,Asia,0.008212,27.0
2008,US,North America,0.148471,1.0
2008,ZA,Africa,0.00783,29.0
2008,AF,Asia,0.000319,129.0
2008,HU,Europe,0.002629,53.0
2008,NP,Asia,0.000626,105.0
2008,AG,North America,0.00012,178.0
2008,AL,Europe,0.00068,100.0
2008,BE,Europe,0.014446,17.0
2008,BG,Europe,0.000974,82.0
2008,GR,Europe,0.006256,33.0
2008,NL,Europe,0.021413,11.0
2008,XK,Other,0.000157,161.0
2008,AM,Asia,0.000311,130.0
2008,AO,Africa,0.000914,85.0
2008,BR,South America,0.01927,14.0
2008,CD,Africa,0.000256,137.0
2008,CU,North America,0.001484,66.0
2008,GT,North America,0.000659,102.0
2008,PT,Europe,0.021062,12.0
2008,UA,Europe,0.001902,59.0
2008,AQ,Other,9e-05,194.0
2008,AR,South America,0.005067,38.0
2008,CH,Europe,0.026663,8.0
2008,CL,South America,0.007753,30.0
2008,CO,South America,0.011444,20.0
2008,CR,North America,0.001848,61.0
2008,EC,South America,0.003026,49.0
2008,JE,Europe,0.000153,167.0
2008,MX,North America,0.012536,19.0
2008,PE,South America,0.004215,41.0
2008,PY,South America,0.000743,94.0
2008,ST,Africa,0.000176,157.0
2008,UY,South America,0.001051,79.0
2008,VE,South America,0.002192,57.0
2008,BA,Europe,0.000636,104.0
2008,CZ,Europe,0.002919,50.0
2008,GP,North America,0.00014,171.0
2008,HK,Asia,0.004941,39.0
2008,HR,Europe,0.001376,70.0
2008,ID,Asia,0.005329,37.0
2008,IL,Asia,0.004121,42.0
2008,LU,Europe,0.001795,62.0
2008,MM,Asia,0.000157,161.0
2008,MO,Asia,0.000617,107.0
2008,PL,Europe,0.006191,34.0
2008,RO,Europe,0.002208,56.0
2008,RS,Europe,0.001479,67.0
2008,SI,Europe,0.001079,78.0
2008,SK,Europe,0.001208,75.0
2008,TH,Asia,0.004019,43.0
2008,VN,Asia,0.002472,54.0
2008,BT,Asia,0.000418,119.0
2008,BW,Africa,0.000877,87.0
2008,BY,Europe,0.000434,118.0
2008,EE,Europe,0.000932,84.0
2008,FJ,Oceania,0.000455,115.0
2008,GH,Africa,0.00156,65.0
2008,JM,North America,0.000231,143.0
2008,KH,Asia,0.000403,121.0
2008,LA,Asia,0.000217,148.0
2008,LS,Africa,0.000243,140.0
2008,LY,Africa,0.000687,99.0
2008,MN,Asia,0.000342,128.0
2008,MU,Africa,0.000128,177.0
2008,MZ,Africa,0.000624,106.0
2008,NZ,Oceania,0.007736,31.0
2008,PG,Oceania,0.000349,126.0
2008,SB,Oceania,5.1e-05,213.0
2008,SZ,Africa,0.000217,148.0
2008,TT,North America,0.000369,123.0
2008,UG,Africa,0.001849,60.0
2008,ZW,Africa,0.000457,114.0
2008,AW,North America,8.5e-05,200.0
2008,LV,Europe,0.000731,95.0
2008,AX,Europe,0.000111,188.0
2008,AZ,Asia,0.000243,140.0
2008,BB,North America,0.000203,152.0
2008,BO,South America,0.000698,98.0
2008,CM,Africa,0.000786,91.0
2008,ET,Africa,0.001278,71.0
2008,GM,Africa,0.000102,193.0
2008,GN,Africa,0.000152,168.0
2008,LT,Europe,0.000804,89.0
2008,MG,Africa,0.00026,136.0
2008,RW,Africa,0.00065,103.0
2008,SX,North America,0.00012,178.0
2008,TZ,Africa,0.001399,68.0
2008,UZ,Asia,0.000184,156.0
2008,ZM,Africa,0.00052,112.0
2008,CI,Africa,0.000277,134.0
2008,BF,Africa,0.000298,131.0
2008,MT,Europe,0.000699,97.0
2008,SN,Africa,0.000535,110.0
2008,TG,Africa,0.000234,142.0
2008,BI,Africa,8e-05,204.0
2008,BJ,Africa,0.000532,111.0
2008,BM,North America,9e-05,194.0
2008,BN,Asia,0.000278,133.0
2008,BQ,North America,7.6e-05,208.0
2008,BS,North America,0.000151,169.0
2008,CV,Africa,0.000518,113.0
2008,DO,North America,0.000581,109.0
2008,IM,Europe,0.000119,183.0
2008,MK,Europe,0.000801,90.0
2008,PR,North America,0.000817,88.0
2008,TL,Asia,0.00011,191.0
2008,BZ,North America,0.000138,174.0
2008,GL,North America,0.000154,166.0
2008,HT,North America,0.000199,153.0
2008,KZ,Asia,0.000665,101.0
2008,SV,North America,0.000443,116.0
2008,TN,Africa,0.001268,72.0
2008,CF,Africa,7.4e-05,209.0
2008,CG,Africa,0.00014,171.0
2008,HN,North America,0.000365,124.0
2008,IS,Europe,0.001689,64.0
2008,LI,Europe,0.00013,175.0
2008,SS,Africa,0.000209,150.0
2008,ML,Africa,8.1e-05,203.0
2008,CK,Oceania,8.8e-05,196.0
2008,MC,Europe,0.000218,147.0
2008,LR,Africa,7.7e-05,207.0
2008,ME,Europe,0.000229,145.0
2008,SL,Africa,0.000209,150.0
2008,CC,Oceania,5.1e-05,213.0
2008,KM,Africa,6.2e-05,212.0
2008,MS,North America,7.4e-05,209.0
2008,SR,South America,8.4e-05,202.0
2008,VA,Europe,0.000111,188.0
2008,NI,North America,0.00039,122.0
2008,CW,North America,0.000114,185.0
2008,GE,Asia,0.000343,127.0
2008,KP,Asia,8e-05,204.0
2008,MW,Africa,0.000441,117.0
2008,TJ,Asia,0.000139,173.0
2008,YE,Asia,0.000598,108.0
2008,GW,Africa,0.000107,192.0
2008,DM,North America,0.00012,178.0
2008,ER,Africa,0.000155,164.0
2008,MD,Europe,0.000226,146.0
2008,DJ,Africa,5.1e-05,213.0
2008,NR,Oceania,0.000151,169.0
2008,PW,Oceania,5.1e-05,213.0
2008,VU,Oceania,5.1e-05,213.0
2008,SC,Africa,0.000111,188.0
2008,FK,South America,8.7e-05,198.0
2008,FO,Europe,0.00012,178.0
2008,GA,Africa,0.00035,125.0
2008,GF,South America,0.000175,158.0
2008,NC,Oceania,0.000292,132.0
2008,NE,Africa,0.000231,143.0
2008,PF,Oceania,8.5e-05,200.0
2008,RE,Africa,0.000265,135.0
2008,TD,Africa,0.000197,154.0
2008,PN,Oceania,5.1e-05,213.0
2008,GD,North America,0.000417,120.0
2008,GI,Europe,8e-05,204.0
2008,GQ,Africa,0.000175,158.0
2008,GU,Oceania,0.00012,178.0
2008,GY,South America,0.000115,184.0
2008,VI,North America,0.000155,164.0
2008,SM,Europe,5.1e-05,213.0
2008,AS,Oceania,5.1e-05,213.0
2008,KN,North America,0.000158,160.0
2008,KY,North America,8.6e-05,199.0
2008,SO,Africa,5.1e-05,213.0
2008,MR,Africa,0.000157,161.0
2008,LC,North America,5.1e-05,213.0
2008,VG,North America,5.1e-05,213.0
2008,SJ,Europe,5.1e-05,213.0
2008,TM,Asia,0.000114,185.0
2008,TK,Oceania,8.8e-05,196.0
2008,TO,Oceania,0.00013,175.0
2008,VC,North America,7.1e-05,211.0
2008,MQ,North America,5.1e-05,213.0
2008,WS,Oceania,0.000112,187.0
2009,ES,Europe,0.05168,4.0
2009,AD,Europe,0.000143,163.0
2009,US,North America,0.141888,1.0
2009,AT,Europe,0.010602,25.0
2009,AE,Asia,0.00457,41.0
2009,AU,Oceania,0.03557,6.0
2009,BR,South America,0.023758,10.0
2009,CA,North America,0.032252,7.0
2009,DE,Europe,0.053601,3.0
2009,DZ,Africa,0.000608,107.0
2009,EG,Africa,0.005945,36.0
2009,FR,Europe,0.044252,5.0
2009,GB,Europe,0.102653,2.0
2009,GR,Europe,0.00606,35.0
2009,HK,Asia,0.005856,38.0
2009,HU,Europe,0.002611,52.0
2009,IE,Europe,0.00832,28.0
2009,IN,Asia,0.015728,16.0
2009,IQ,Asia,0.001219,75.0
2009,IR,Asia,0.00352,46.0
2009,JO,Asia,0.003718,44.0
2009,JP,Asia,0.019251,14.0
2009,KR,Asia,0.013471,18.0
2009,LB,Asia,0.002309,57.0
2009,LK,Asia,0.001601,64.0
2009,MA,Africa,0.001325,72.0
2009,MY,Asia,0.011732,20.0
2009,NZ,Oceania,0.00824,30.0
2009,PH,Asia,0.001593,65.0
2009,PK,Asia,0.003904,42.0
2009,PS,Asia,0.001022,81.0
2009,PT,Europe,0.022472,12.0
2009,QA,Asia,0.002383,56.0
2009,RU,Europe,0.003343,47.0
2009,SA,Asia,0.012049,19.0
2009,SD,Africa,0.001161,76.0
2009,SE,Europe,0.018655,15.0
2009,SG,Asia,0.011096,23.0
2009,TN,Africa,0.001277,73.0
2009,TR,Asia,0.009443,26.0
2009,VE,South America,0.002061,59.0
2009,YE,Asia,0.000612,106.0
2009,BD,Asia,0.002881,49.0
2009,AF,Asia,0.000451,119.0
2009,DK,Europe,0.010648,24.0
2009,EC,South America,0.003332,48.0
2009,PL,Europe,0.006175,34.0
2009,UG,Africa,0.001463,68.0
2009,AG,North America,0.000176,157.0
2009,AL,Europe,0.000792,91.0
2009,BG,Europe,0.00103,80.0
2009,CY,Europe,0.002531,53.0
2009,IT,Europe,0.022405,13.0
2009,MK,Europe,0.00062,104.0
2009,AM,Asia,0.000325,126.0
2009,MM,Asia,0.000155,161.0
2009,NL,Europe,0.023135,11.0
2009,AO,Africa,0.000752,92.0
2009,CU,North America,0.001621,63.0
2009,MZ,Africa,0.000737,93.0
2009,PE,South America,0.004703,40.0
2009,AQ,Other,6e-05,211.0
2009,AR,South America,0.005941,37.0
2009,BE,Europe,0.014346,17.0
2009,BO,South America,0.000659,99.0
2009,CH,Europe,0.025911,9.0
2009,CL,South America,0.006663,31.0
2009,CO,South America,0.011324,21.0
2009,CR,North America,0.001405,70.0
2009,HN,North America,0.000277,136.0
2009,MX,North America,0.011268,22.0
2009,PA,North America,0.000881,87.0
2009,PR,North America,0.00099,84.0
2009,PY,South America,0.000674,98.0
2009,UY,South America,0.001089,79.0
2009,CN,Asia,0.027404,8.0
2009,AS,Oceania,6.1e-05,209.0
2009,BA,Europe,0.000733,94.0
2009,CZ,Europe,0.002509,54.0
2009,FI,Europe,0.006369,32.0
2009,GE,Asia,0.000432,121.0
2009,HR,Europe,0.001098,78.0
2009,ID,Asia,0.005477,39.0
2009,IL,Asia,0.003572,45.0
2009,KE,Africa,0.002761,50.0
2009,LT,Europe,0.000871,88.0
2009,MN,Asia,0.000283,132.0
2009,NO,Europe,0.008282,29.0
2009,OM,Asia,0.001496,67.0
2009,RS,Europe,0.00167,62.0
2009,SI,Europe,0.001003,83.0
2009,SK,Europe,0.00095,85.0
2009,SY,Asia,0.000941,86.0
2009,TH,Asia,0.003747,43.0
2009,TZ,Africa,0.001588,66.0
2009,UA,Europe,0.001446,69.0
2009,VN,Asia,0.002616,51.0
2009,ZA,Africa,0.008579,27.0
2009,BM,North America,0.000325,126.0
2009,BN,Asia,0.00028,133.0
2009,BS,North America,0.000165,158.0
2009,BT,Asia,0.000302,129.0
2009,BW,Africa,0.001009,82.0
2009,ET,Africa,0.001359,71.0
2009,FJ,Oceania,0.000267,138.0
2009,GF,South America,9.6e-05,187.0
2009,GH,Africa,0.002408,55.0
2009,GU,Oceania,8.6e-05,194.0
2009,IS,Europe,0.001269,74.0
2009,KH,Asia,0.000448,120.0
2009,KW,Asia,0.001138,77.0
2009,LA,Asia,9.8e-05,186.0
2009,MU,Africa,0.000423,122.0
2009,MV,Asia,6e-05,211.0
2009,NG,Africa,0.001926,60.0
2009,NP,Asia,0.000865,89.0
2009,PG,Oceania,0.000217,147.0
2009,RO,Europe,0.002279,58.0
2009,TL,Asia,0.000241,144.0
2009,TW,Asia,0.006362,33.0
2009,ZW,Africa,0.000645,101.0
2009,AW,North America,9.4e-05,191.0
2009,AX,Europe,8.9e-05,193.0
2009,AZ,Asia,0.000276,137.0
2009,ME,Europe,0.000225,145.0
2009,BB,North America,0.000183,155.0
2009,SL,Africa,0.000221,146.0
2009,CD,Africa,0.000334,125.0
2009,CI,Africa,0.000489,115.0
2009,CM,Africa,0.0006,108.0
2009,DO,North America,0.000591,110.0
2009,EE,Europe,0.000832,90.0
2009,GT,North America,0.000511,114.0
2009,KG,Asia,0.000142,164.0
2009,LU,Europe,0.001897,61.0
2009,LV,Europe,0.000477,117.0
2009,LY,Africa,0.000691,97.0
2009,ML,Africa,0.000398,124.0
2009,MT,Europe,0.000614,105.0
2009,NE,Africa,0.00013,168.0
2009,SN,Africa,0.000623,103.0
2009,UZ,Asia,0.000284,131.0
2009,BF,Africa,0.000307,128.0
2009,GN,Africa,8.6e-05,194.0
2009,TG,Africa,8.1e-05,196.0
2009,BH,Asia,0.000693,96.0
2009,BI,Africa,0.000111,173.0
2009,RW,Africa,0.000478,116.0
2009,BJ,Africa,0.000291,130.0
2009,TD,Africa,0.000109,175.0
2009,BQ,North America,8e-05,197.0
2009,BZ,North America,0.000163,159.0
2009,CV,Africa,0.000718,95.0
2009,GW,Africa,0.000204,150.0
2009,HT,North America,0.000103,182.0
2009,JM,North America,0.000423,122.0
2009,MW,Africa,0.000655,100.0
2009,BY,Europe,0.00028,133.0
2009,TJ,Asia,0.00013,168.0
2009,ER,Africa,9.1e-05,192.0
2009,GA,Africa,0.000182,156.0
2009,KP,Asia,7.7e-05,201.0
2009,KZ,Asia,0.000628,102.0
2009,NI,North America,0.000458,118.0
2009,CF,Africa,6.4e-05,207.0
2009,CG,Africa,0.000105,181.0
2009,KN,North America,0.000266,139.0
2009,LR,Africa,0.000159,160.0
2009,ZM,Africa,0.000581,111.0
2009,DJ,Africa,5.1e-05,213.0
2009,LS,Africa,6.3e-05,208.0
2009,MO,Asia,0.000573,112.0
2009,SO,Africa,0.000106,180.0
2009,KM,Africa,7.3e-05,204.0
2009,TT,North America,0.000552,113.0
2009,SV,North America,0.000248,142.0
2009,DM,North America,0.000139,166.0
2009,CW,North America,0.000108,176.0
2009,CX,Oceania,6.1e-05,209.0
2009,GI,Europe,0.000101,184.0
2009,GL,North America,0.000205,149.0
2009,EH,Africa,7.3e-05,204.0
2009,SC,Africa,5.1e-05,213.0
2009,VA,Europe,0.000108,176.0
2009,FO,Europe,0.00015,162.0
2009,GP,North America,0.000256,140.0
2009,MC,Europe,5.1e-05,213.0
2009,MD,Europe,0.000116,172.0
2009,MG,Africa,0.000253,141.0
2009,MQ,North America,7.6e-05,202.0
2009,NC,Oceania,0.000189,154.0
2009,PF,Oceania,0.000131,167.0
2009,RE,Africa,0.000211,148.0
2009,YT,Africa,9.6e-05,187.0
2009,GD,North America,0.000595,109.0
2009,SS,Africa,0.000242,143.0
2009,ST,Africa,0.000108,176.0
2009,VI,North America,0.00014,165.0
2009,XK,Other,0.000125,170.0
2009,GM,Africa,0.000194,152.0
2009,TO,Oceania,5.1e-05,213.0
2009,GY,South America,0.00019,153.0
2009,IM,Europe,7.6e-05,202.0
2009,IO,Oceania,7.3e-05,204.0
2009,SZ,Africa,0.00028,133.0
2009,SX,North America,8e-05,197.0
2009,KY,North America,8e-05,197.0
2009,LI,Europe,0.000108,176.0
2009,MR,Africa,0.000125,170.0
2009,MH,Oceania,0.000111,173.0
2009,NR,Oceania,5.1e-05,213.0
2009,SJ,Europe,0.000102,183.0
2009,NU,Oceania,9.5e-05,190.0
2009,MS,North America,5.1e-05,213.0
2009,WS,Oceania,5.1e-05,213.0
2009,SB,Oceania,9.6e-05,187.0
2009,TM,Asia,5.1e-05,213.0
2009,SM,Europe,0.000101,184.0
2009,SR,South America,0.000204,150.0
2009,KI,Oceania,5.1e-05,213.0
2009,MP,Oceania,5.1e-05,213.0
2009,VU,Oceania,8e-05,197.0
2009,FK,South America,5.1e-05,213.0
2010,ES,Europe,0.045981,4.0
2010,AD,Europe,7.4e-05,203.0
2010,AF,Asia,0.000472,116.0
2010,AE,Asia,0.00533,39.0
2010,AU,Oceania,0.038851,6.0
2010,BD,Asia,0.00345,46.0
2010,BH,Asia,0.000637,101.0
2010,BR,South America,0.024419,10.0
2010,CA,North America,0.030234,8.0
2010,CH,Europe,0.025121,9.0
2010,CL,South America,0.007413,28.0
2010,DE,Europe,0.054918,3.0
2010,DK,Europe,0.010745,24.0
2010,DZ,Africa,0.000545,107.0
2010,EG,Africa,0.005923,37.0
2010,FI,Europe,0.006029,36.0
2010,FR,Europe,0.043063,5.0
2010,GB,Europe,0.099212,2.0
2010,GR,Europe,0.005056,40.0
2010,IE,Europe,0.007047,30.0
2010,IN,Asia,0.018374,16.0
2010,IQ,Asia,0.001631,63.0
2010,IR,Asia,0.004079,45.0
2010,IT,Europe,0.021649,12.0
2010,JO,Asia,0.003191,48.0
2010,JP,Asia,0.021134,13.0
2010,LB,Asia,0.002293,56.0
2010,LK,Asia,0.001549,66.0
2010,MX,North America,0.011081,22.0
2010,MY,Asia,0.011922,21.0
2010,NG,Africa,0.003044,51.0
2010,NZ,Oceania,0.007098,29.0
2010,OM,Asia,0.001324,72.0
2010,PH,Asia,0.002098,58.0
2010,PK,Asia,0.004847,41.0
2010,PL,Europe,0.006178,34.0
2010,PS,Asia,0.000942,86.0
2010,QA,Asia,0.002267,57.0
2010,RO,Europe,0.001489,67.0
2010,RU,Europe,0.003112,50.0
2010,SA,Asia,0.01297,18.0
2010,SD,Africa,0.00141,69.0
2010,SE,Europe,0.019385,15.0
2010,SG,Asia,0.010296,25.0
2010,SY,Asia,0.001178,76.0
2010,TJ,Asia,9.4e-05,186.0
2010,TR,Asia,0.010261,26.0
2010,TW,Asia,0.007029,31.0
2010,UA,Europe,0.001181,75.0
2010,US,North America,0.141495,1.0
2010,ZA,Africa,0.00922,27.0
2010,GE,Asia,0.000312,135.0
2010,MG,Africa,0.000392,123.0
2010,ZW,Africa,0.001038,82.0
2010,AG,North America,7.6e-05,196.0
2010,AT,Europe,0.010958,23.0
2010,AL,Europe,0.000959,85.0
2010,BE,Europe,0.012145,20.0
2010,KE,Africa,0.002927,53.0
2010,MK,Europe,0.000506,111.0
2010,NL,Europe,0.022167,11.0
2010,XK,Other,0.000252,142.0
2010,AM,Asia,0.000274,137.0
2010,CZ,Europe,0.003026,52.0
2010,AO,Africa,0.00063,102.0
2010,CU,North America,0.00109,80.0
2010,PT,Europe,0.020692,14.0
2010,AQ,Other,6.9e-05,209.0
2010,AR,South America,0.006037,35.0
2010,BO,South America,0.000941,87.0
2010,CO,South America,0.012332,19.0
2010,CR,North America,0.001157,77.0
2010,EC,South America,0.003282,47.0
2010,IS,Europe,0.001187,74.0
2010,KR,Asia,0.015115,17.0
2010,KW,Asia,0.001212,73.0
2010,NI,North America,0.000347,128.0
2010,PA,North America,0.000811,93.0
2010,PE,South America,0.004293,42.0
2010,PR,North America,0.001346,70.0
2010,PY,South America,0.000696,96.0
2010,TH,Asia,0.004199,43.0
2010,UY,South America,0.001087,81.0
2010,VE,South America,0.001865,61.0
2010,AZ,Asia,0.000322,131.0
2010,BA,Europe,0.000507,110.0
2010,BG,Europe,0.001098,79.0
2010,CN,Asia,0.030659,7.0
2010,ET,Africa,0.001421,68.0
2010,HR,Europe,0.000851,91.0
2010,HU,Europe,0.002583,54.0
2010,ID,Asia,0.006632,33.0
2010,IL,Asia,0.004131,44.0
2010,LI,Europe,0.000158,154.0
2010,ME,Europe,0.000162,153.0
2010,NO,Europe,0.006816,32.0
2010,NP,Asia,0.000873,90.0
2010,RS,Europe,0.001557,65.0
2010,SI,Europe,0.001155,78.0
2010,SK,Europe,0.000849,92.0
2010,VN,Asia,0.003122,49.0
2010,BN,Asia,0.000315,134.0
2010,BT,Asia,0.000359,127.0
2010,BW,Africa,0.000759,94.0
2010,CM,Africa,0.00068,98.0
2010,EE,Europe,0.000921,88.0
2010,FJ,Oceania,0.000382,124.0
2010,GH,Africa,0.001933,59.0
2010,GU,Oceania,8.4e-05,192.0
2010,HK,Asia,0.005753,38.0
2010,KH,Asia,0.000472,116.0
2010,KI,Oceania,5e-05,217.0
2010,LY,Africa,0.000919,89.0
2010,MM,Asia,0.000122,167.0
2010,MN,Asia,0.000648,99.0
2010,MU,Africa,0.000398,121.0
2010,MV,Asia,0.0002,148.0
2010,MZ,Africa,0.001001,84.0
2010,NC,Oceania,0.000136,162.0
2010,PG,Oceania,0.000302,136.0
2010,RW,Africa,0.000555,106.0
2010,SB,Oceania,9.5e-05,183.0
2010,TL,Asia,0.000192,149.0
2010,TZ,Africa,0.001602,64.0
2010,UG,Africa,0.001719,62.0
2010,WS,Oceania,7.9e-05,194.0
2010,AW,North America,7.6e-05,196.0
2010,BB,North America,0.000123,166.0
2010,YE,Asia,0.000488,113.0
2010,BI,Africa,6.7e-05,211.0
2010,BJ,Africa,0.000475,115.0
2010,BY,Europe,0.000201,147.0
2010,CD,Africa,0.000375,126.0
2010,CV,Africa,0.000532,108.0
2010,CY,Europe,0.002303,55.0
2010,GT,North America,0.000416,120.0
2010,KZ,Asia,0.000716,95.0
2010,LT,Europe,0.000608,104.0
2010,LU,Europe,0.001877,60.0
2010,LV,Europe,0.000379,125.0
2010,MA,Africa,0.001326,71.0
2010,MD,Europe,0.000261,139.0
2010,MW,Africa,0.000692,97.0
2010,NE,Africa,0.000114,170.0
2010,SL,Africa,0.000173,151.0
2010,SN,Africa,0.000627,103.0
2010,BF,Africa,0.000514,109.0
2010,CI,Africa,0.000482,114.0
2010,GM,Africa,0.000137,160.0
2010,HT,North America,0.000316,133.0
2010,ML,Africa,0.000137,160.0
2010,PF,Oceania,0.000132,163.0
2010,TG,Africa,9.1e-05,187.0
2010,BL,North America,6.2e-05,215.0
2010,BM,North America,0.000102,176.0
2010,BQ,North America,6.4e-05,214.0
2010,EH,Africa,5e-05,217.0
2010,SS,Africa,0.000341,129.0
2010,SV,North America,0.00033,130.0
2010,TT,North America,0.000397,122.0
2010,BS,North America,0.000117,169.0
2010,BV,Oceania,8.7e-05,191.0
2010,RE,Africa,0.000319,132.0
2010,SZ,Africa,0.000216,145.0
2010,ZM,Africa,0.000643,100.0
2010,BZ,North America,0.000106,174.0
2010,JM,North America,0.000263,138.0
2010,TM,Asia,5e-05,217.0
2010,CC,Oceania,6.1e-05,216.0
2010,TD,Africa,0.000166,152.0
2010,CF,Africa,9.7e-05,181.0
2010,CG,Africa,0.000148,158.0
2010,KG,Asia,0.000218,144.0
2010,LR,Africa,0.000158,154.0
2010,MT,Europe,0.000494,112.0
2010,TN,Africa,0.001022,83.0
2010,DO,North America,0.000587,105.0
2010,FK,South America,7.6e-05,196.0
2010,GQ,Africa,8.1e-05,193.0
2010,VA,Europe,7.3e-05,204.0
2010,ER,Africa,6.7e-05,211.0
2010,GN,Africa,9e-05,188.0
2010,LA,Asia,0.000155,156.0
2010,MO,Asia,0.000422,118.0
2010,UZ,Asia,0.000248,143.0
2010,CK,Oceania,5e-05,217.0
2010,KM,Africa,6.5e-05,213.0
2010,GY,South America,5e-05,217.0
2010,HN,North America,0.000419,119.0
2010,CW,North America,0.000127,165.0
2010,GA,Africa,0.00012,168.0
2010,FO,Europe,5e-05,217.0
2010,GL,North America,9e-05,188.0
2010,DM,North America,0.00011,172.0
2010,AX,Europe,5e-05,217.0
2010,FM,Oceania,7.6e-05,196.0
2010,GF,South America,9.9e-05,180.0
2010,GP,North America,0.000101,178.0
2010,MC,Europe,0.000107,173.0
2010,JE,Europe,5e-05,217.0
2010,SO,Africa,0.00014,159.0
2010,GD,North America,0.000256,140.0
2010,GI,Europe,7.5e-05,202.0
2010,GW,Africa,0.000114,170.0
2010,IM,Europe,8.8e-05,190.0
2010,SR,South America,5e-05,217.0
2010,LS,Africa,0.000255,141.0
2010,KN,North America,0.000186,150.0
2010,VC,North America,5e-05,217.0
2010,KY,North America,0.000101,178.0
2010,MR,Africa,9.7e-05,181.0
2010,MH,Oceania,6.9e-05,209.0
2010,MP,Oceania,7.6e-05,196.0
2010,MQ,North America,9.5e-05,183.0
2010,MS,North America,7.6e-05,196.0
2010,SJ,Europe,9.5e-05,183.0
2010,SX,North America,0.000154,157.0
2010,ST,Africa,0.000105,175.0
2010,LC,North America,5e-05,217.0
2010,SC,Africa,0.000211,146.0
2010,DJ,Africa,5e-05,217.0
2010,SM,Europe,7.9e-05,194.0
2010,TF,Oceania,7.3e-05,204.0
2010,TV,Oceania,7.3e-05,204.0
2010,VI,North America,0.000128,164.0
2010,UM,North America,0.000102,176.0
2010,AI,North America,5e-05,217.0
2010,AS,Oceania,5e-05,217.0
2010,IO,Oceania,5e-05,217.0
2010,VG,North America,7.2e-05,208.0
2010,VU,Oceania,7.3e-05,204.0
2011,AU,Oceania,0.037976,6.0
2011,AE,Asia,0.004955,40.0
2011,BA,Europe,0.00041,117.0
2011,BD,Asia,0.003796,47.0
2011,BH,Asia,0.000512,103.0
2011,BR,South America,0.023639,10.0
2011,BW,Africa,0.000892,85.0
2011,CA,North America,0.030436,8.0
2011,CH,Europe,0.025896,9.0
2011,CN,Asia,0.033623,7.0
2011,CY,Europe,0.001908,60.0
2011,DE,Europe,0.056378,3.0
2011,EG,Africa,0.006057,34.0
2011,ES,Europe,0.043795,4.0
2011,ET,Africa,0.001535,65.0
2011,FI,Europe,0.006433,32.0
2011,FR,Europe,0.041647,5.0
2011,GB,Europe,0.096768,2.0
2011,GR,Europe,0.004028,43.0
2011,IE,Europe,0.007329,29.0
2011,IN,Asia,0.019386,13.0
2011,IQ,Asia,0.001989,58.0
2011,IR,Asia,0.004005,44.0
2011,IS,Europe,0.001145,77.0
2011,IT,Europe,0.021981,12.0
2011,JO,Asia,0.003795,48.0
2011,JP,Asia,0.018772,15.0
2011,KE,Africa,0.002688,53.0
2011,KR,Asia,0.016295,17.0
2011,KW,Asia,0.001359,70.0
2011,LB,Asia,0.001884,62.0
2011,LT,Europe,0.000801,89.0
2011,MU,Africa,0.000298,135.0
2011,MY,Asia,0.012602,20.0
2011,NG,Africa,0.003138,52.0
2011,NL,Europe,0.022209,11.0
2011,NZ,Oceania,0.007218,30.0
2011,OM,Asia,0.002064,56.0
2011,PH,Asia,0.001998,57.0
2011,PK,Asia,0.00547,37.0
2011,PT,Europe,0.018377,16.0
2011,QA,Asia,0.002639,54.0
2011,RO,Europe,0.001889,61.0
2011,RU,Europe,0.003988,45.0
2011,SA,Asia,0.014262,18.0
2011,SD,Africa,0.000825,88.0
2011,SE,Europe,0.019161,14.0
2011,SG,Asia,0.010349,25.0
2011,SY,Asia,0.000707,97.0
2011,TH,Asia,0.004267,42.0
2011,TN,Africa,0.001276,73.0
2011,TR,Asia,0.011084,23.0
2011,US,North America,0.145206,1.0
2011,YE,Asia,0.000527,102.0
2011,AF,Asia,0.000486,108.0
2011,HU,Europe,0.00252,55.0
2011,NO,Europe,0.006411,33.0
2011,NR,Oceania,8.8e-05,193.0
2011,SO,Africa,0.000185,152.0
2011,AG,North America,0.000129,169.0
2011,AT,Europe,0.011166,21.0
2011,AL,Europe,0.000463,111.0
2011,BG,Europe,0.00075,93.0
2011,MK,Europe,0.000401,121.0
2011,XK,Other,6.9e-05,210.0
2011,AR,South America,0.005181,39.0
2011,AM,Asia,0.000288,137.0
2011,UA,Europe,0.001221,75.0
2011,AO,Africa,0.000726,95.0
2011,CU,North America,0.00113,78.0
2011,CV,Africa,0.000465,110.0
2011,DZ,Africa,0.000693,99.0
2011,MZ,Africa,0.000835,87.0
2011,NI,North America,0.00041,117.0
2011,ZW,Africa,0.000901,84.0
2011,BE,Europe,0.014205,19.0
2011,BO,South America,0.00051,104.0
2011,CL,South America,0.007127,31.0
2011,CO,South America,0.010712,24.0
2011,CR,North America,0.001394,69.0
2011,EC,South America,0.003485,49.0
2011,GQ,Africa,8.8e-05,193.0
2011,MX,North America,0.010313,26.0
2011,PE,South America,0.004377,41.0
2011,PL,Europe,0.005999,35.0
2011,PR,North America,0.001284,72.0
2011,PY,South America,0.000705,98.0
2011,UY,South America,0.000974,81.0
2011,VA,Europe,7.5e-05,202.0
2011,VE,South America,0.001463,67.0
2011,AS,Oceania,5.5e-05,216.0
2011,BY,Europe,0.000299,134.0
2011,CZ,Europe,0.003375,51.0
2011,DK,Europe,0.011113,22.0
2011,GH,Africa,0.001801,63.0
2011,HR,Europe,0.000798,90.0
2011,ID,Asia,0.00541,38.0
2011,IL,Asia,0.003477,50.0
2011,LI,Europe,0.000187,151.0
2011,LK,Asia,0.001513,66.0
2011,LU,Europe,0.00198,59.0
2011,LV,Europe,0.000379,124.0
2011,ME,Europe,0.000178,157.0
2011,MW,Africa,0.000232,146.0
2011,RS,Europe,0.00143,68.0
2011,SI,Europe,0.000907,83.0
2011,SK,Europe,0.001075,80.0
2011,TD,Africa,0.000184,154.0
2011,TJ,Asia,0.000127,170.0
2011,UG,Africa,0.001352,71.0
2011,VN,Asia,0.003941,46.0
2011,ZA,Africa,0.008143,27.0
2011,BT,Asia,0.000351,128.0
2011,EE,Europe,0.000774,91.0
2011,FJ,Oceania,0.000496,106.0
2011,FO,Europe,0.000104,188.0
2011,GU,Oceania,7.1e-05,208.0
2011,HK,Asia,0.005897,36.0
2011,HT,North America,0.000347,130.0
2011,KH,Asia,0.000357,127.0
2011,KY,North America,0.000118,179.0
2011,LY,Africa,0.000748,94.0
2011,MM,Asia,0.000188,150.0
2011,MN,Asia,0.000509,105.0
2011,MO,Asia,0.000455,113.0
2011,NP,Asia,0.001082,79.0
2011,PG,Oceania,0.000264,142.0
2011,SS,Africa,0.000206,148.0
2011,TT,North America,0.000266,139.0
2011,TW,Asia,0.007363,28.0
2011,TZ,Africa,0.001611,64.0
2011,VU,Oceania,8.8e-05,193.0
2011,AW,North America,0.000118,179.0
2011,AX,Europe,7.4e-05,204.0
2011,AZ,Asia,0.000312,132.0
2011,BB,North America,0.000182,155.0
2011,JM,North America,0.000333,131.0
2011,AQ,Other,4.7e-05,218.0
2011,BF,Africa,0.000427,116.0
2011,BI,Africa,0.000174,160.0
2011,BJ,Africa,0.000266,139.0
2011,BM,North America,0.000126,171.0
2011,CD,Africa,0.000381,123.0
2011,CI,Africa,0.000273,138.0
2011,CM,Africa,0.000759,92.0
2011,DO,North America,0.000463,111.0
2011,GT,North America,0.000409,119.0
2011,LR,Africa,0.000178,157.0
2011,MA,Africa,0.001181,76.0
2011,MG,Africa,0.00035,129.0
2011,RW,Africa,0.000598,100.0
2011,ZM,Africa,0.00049,107.0
2011,SN,Africa,0.000724,96.0
2011,TG,Africa,0.000124,174.0
2011,BN,Asia,0.000486,108.0
2011,BS,North America,0.000113,184.0
2011,BV,Oceania,5.5e-05,216.0
2011,GE,Asia,0.000369,125.0
2011,HN,North America,0.000405,120.0
2011,SB,Oceania,4.7e-05,218.0
2011,TL,Asia,0.000364,126.0
2011,SZ,Africa,0.000306,133.0
2011,BZ,North America,0.000114,182.0
2011,CW,North America,8.6e-05,197.0
2011,KZ,Asia,0.001239,74.0
2011,PA,North America,0.000852,86.0
2011,PF,Oceania,0.000158,164.0
2011,PS,Asia,0.000962,82.0
2011,SV,North America,0.000447,115.0
2011,ER,Africa,0.000146,165.0
2011,GP,North America,0.000123,175.0
2011,CF,Africa,0.0001,189.0
2011,CG,Africa,0.000181,156.0
2011,LA,Asia,0.000185,152.0
2011,GN,Africa,8.3e-05,200.0
2011,MH,Oceania,4.7e-05,218.0
2011,ML,Africa,0.000292,136.0
2011,UZ,Asia,0.00016,163.0
2011,GM,Africa,0.000392,122.0
2011,GW,Africa,0.000106,187.0
2011,GA,Africa,0.000114,182.0
2011,MD,Europe,0.000135,168.0
2011,TM,Asia,7.3e-05,206.0
2011,DJ,Africa,8e-05,201.0
2011,GL,North America,0.000143,166.0
2011,MT,Europe,0.000595,101.0
2011,DM,North America,0.000178,157.0
2011,NE,Africa,0.000205,149.0
2011,AD,Europe,4.7e-05,218.0
2011,GD,North America,0.000453,114.0
2011,GI,Europe,4.7e-05,218.0
2011,MC,Europe,0.000126,171.0
2011,KI,Oceania,8.9e-05,192.0
2011,FK,South America,6.9e-05,210.0
2011,FM,Oceania,7.2e-05,207.0
2011,GF,South America,0.000165,162.0
2011,MR,Africa,7.5e-05,202.0
2011,NC,Oceania,0.000208,147.0
2011,RE,Africa,0.000242,145.0
2011,TF,Oceania,5.7e-05,215.0
2011,JE,Europe,4.7e-05,218.0
2011,MS,North America,6.9e-05,210.0
2011,SL,Africa,0.000246,144.0
2011,VG,North America,4.7e-05,218.0
2011,GG,Europe,6.2e-05,214.0
2011,GY,South America,0.000108,186.0
2011,KG,Asia,0.00026,143.0
2011,LS,Africa,0.000266,139.0
2011,MV,Asia,0.000168,161.0
2011,MQ,North America,8.6e-05,197.0
2011,KM,Africa,8.4e-05,199.0
2011,KN,North America,0.000138,167.0
2011,KP,Asia,0.000118,179.0
2011,LC,North America,9.2e-05,191.0
2011,MP,Oceania,7.1e-05,208.0
2011,SJ,Europe,0.000125,173.0
2011,WS,Oceania,0.00011,185.0
2011,PW,Oceania,7.4e-05,204.0
2011,IM,Europe,4.7e-05,218.0
2011,ST,Africa,0.000122,176.0
2011,SC,Africa,9.6e-05,190.0
2011,SX,North America,0.00012,177.0
2011,TC,North America,6.6e-05,213.0
2011,UM,North America,8.8e-05,193.0
2011,SR,South America,4.7e-05,218.0
2011,VI,North America,0.00012,177.0
2012,ES,Europe,0.03768,5.0
2012,AD,Europe,8.6e-05,196.0
2012,AR,South America,0.005453,39.0
2012,AE,Asia,0.004513,42.0
2012,AT,Europe,0.011115,24.0
2012,AU,Oceania,0.037497,6.0
2012,BD,Asia,0.003463,53.0
2012,CA,North America,0.029947,8.0
2012,CH,Europe,0.025455,9.0
2012,CN,Asia,0.035506,7.0
2012,CY,Europe,0.002492,56.0
2012,DE,Europe,0.054728,3.0
2012,DK,Europe,0.011399,23.0
2012,EG,Africa,0.006314,35.0
2012,ER,Africa,0.000127,167.0
2012,FR,Europe,0.039439,4.0
2012,GB,Europe,0.097154,2.0
2012,GR,Europe,0.003851,49.0
2012,HK,Asia,0.006212,36.0
2012,ID,Asia,0.005983,37.0
2012,IN,Asia,0.019147,13.0
2012,IQ,Asia,0.001901,61.0
2012,IR,Asia,0.003661,51.0
2012,JO,Asia,0.003139,54.0
2012,JP,Asia,0.017888,15.0
2012,KR,Asia,0.016723,16.0
2012,KZ,Asia,0.00098,84.0
2012,LB,Asia,0.001859,63.0
2012,LY,Africa,0.001023,81.0
2012,MA,Africa,0.000856,89.0
2012,MX,North America,0.010081,26.0
2012,MY,Asia,0.012074,22.0
2012,NG,Africa,0.003663,50.0
2012,NL,Europe,0.020918,12.0
2012,NZ,Oceania,0.006614,33.0
2012,OM,Asia,0.001895,62.0
2012,PH,Asia,0.001728,65.0
2012,PK,Asia,0.006735,32.0
2012,PL,Europe,0.0059,38.0
2012,PS,Asia,0.001039,80.0
2012,PT,Europe,0.016145,17.0
2012,RO,Europe,0.002184,58.0
2012,RS,Europe,0.001344,72.0
2012,RU,Europe,0.004306,43.0
2012,SA,Asia,0.013716,19.0
2012,SD,Africa,0.000959,85.0
2012,SE,Europe,0.018411,14.0
2012,SG,Asia,0.010129,25.0
2012,SY,Asia,0.000298,134.0
2012,TN,Africa,0.001085,78.0
2012,TR,Asia,0.012612,20.0
2012,TW,Asia,0.008219,28.0
2012,UA,Europe,0.001358,71.0
2012,US,North America,0.146784,1.0
2012,ZA,Africa,0.008498,27.0
2012,AF,Asia,0.000503,110.0
2012,PE,South America,0.004806,40.0
2012,QA,Asia,0.004164,45.0
2012,SV,North America,0.00045,119.0
2012,TH,Asia,0.004186,44.0
2012,UG,Africa,0.001933,59.0
2012,CU,North America,0.001195,74.0
2012,AG,North America,0.000103,181.0
2012,AL,Europe,0.000912,87.0
2012,BA,Europe,0.000417,122.0
2012,BE,Europe,0.014363,18.0
2012,HU,Europe,0.002718,55.0
2012,IT,Europe,0.022583,10.0
2012,MK,Europe,0.000425,121.0
2012,NO,Europe,0.007906,29.0
2012,XK,Other,0.000349,127.0
2012,AM,Asia,0.00027,140.0
2012,CZ,Europe,0.004159,46.0
2012,FI,Europe,0.006554,34.0
2012,GE,Asia,0.000374,125.0
2012,AO,Africa,0.000677,98.0
2012,BR,South America,0.022298,11.0
2012,CD,Africa,0.000486,114.0
2012,CV,Africa,0.000432,120.0
2012,MZ,Africa,0.000726,95.0
2012,PY,South America,0.000629,102.0
2012,AQ,Other,8.9e-05,190.0
2012,BO,South America,0.00051,108.0
2012,CL,South America,0.007079,31.0
2012,CO,South America,0.012083,21.0
2012,CR,North America,0.001387,70.0
2012,DO,North America,0.000648,100.0
2012,EC,South America,0.004014,47.0
2012,GT,North America,0.000501,111.0
2012,IE,Europe,0.007084,30.0
2012,KW,Asia,0.001447,69.0
2012,NP,Asia,0.001534,68.0
2012,PA,North America,0.000869,88.0
2012,PR,North America,0.001132,75.0
2012,UY,South America,0.000855,90.0
2012,VE,South America,0.001703,66.0
2012,AS,Oceania,6.4e-05,207.0
2012,BG,Europe,0.000635,101.0
2012,ET,Africa,0.001858,64.0
2012,HR,Europe,0.000684,97.0
2012,IL,Asia,0.004543,41.0
2012,KE,Africa,0.003661,51.0
2012,LI,Europe,0.000118,170.0
2012,LT,Europe,0.000697,96.0
2012,ME,Europe,0.000205,147.0
2012,SI,Europe,0.000932,86.0
2012,SK,Europe,0.001055,79.0
2012,VN,Asia,0.003898,48.0
2012,AZ,Asia,0.000312,132.0
2012,BB,North America,0.000185,151.0
2012,BH,Asia,0.000791,91.0
2012,BM,North America,0.000102,182.0
2012,BN,Asia,0.00049,113.0
2012,BT,Asia,0.000323,131.0
2012,BW,Africa,0.001088,77.0
2012,CI,Africa,0.000498,112.0
2012,CM,Africa,0.000789,92.0
2012,FJ,Oceania,0.000556,106.0
2012,GH,Africa,0.002355,57.0
2012,GY,South America,5.4e-05,218.0
2012,JM,North America,0.000282,139.0
2012,KH,Asia,0.000481,115.0
2012,LA,Asia,0.00016,159.0
2012,LK,Asia,0.001277,73.0
2012,LR,Africa,0.000205,147.0
2012,MN,Asia,0.000523,107.0
2012,MO,Asia,0.000576,103.0
2012,MW,Africa,0.000669,99.0
2012,NC,Oceania,0.000169,154.0
2012,PG,Oceania,0.000205,147.0
2012,SL,Africa,0.000132,165.0
2012,TL,Asia,0.000357,126.0
2012,TZ,Africa,0.001613,67.0
2012,VI,North America,0.000115,172.0
2012,ZM,Africa,0.000789,92.0
2012,ZW,Africa,0.001016,82.0
2012,DZ,Africa,0.000732,94.0
2012,AW,North America,7.7e-05,201.0
2012,MM,Asia,0.000236,144.0
2012,SS,Africa,0.000345,129.0
2012,BF,Africa,0.000505,109.0
2012,BI,Africa,0.000113,173.0
2012,BJ,Africa,0.000383,124.0
2012,CF,Africa,0.000127,167.0
2012,CG,Africa,9.7e-05,187.0
2012,IS,Europe,0.001002,83.0
2012,LU,Europe,0.001917,60.0
2012,LV,Europe,0.000291,136.0
2012,MD,Europe,0.000165,156.0
2012,MG,Africa,0.000101,185.0
2012,ML,Africa,0.000285,137.0
2012,NE,Africa,7.5e-05,202.0
2012,NI,North America,0.000461,117.0
2012,RE,Africa,0.000174,152.0
2012,RW,Africa,0.000572,104.0
2012,SN,Africa,0.000468,116.0
2012,TD,Africa,0.00011,177.0
2012,TG,Africa,0.000209,146.0
2012,TM,Asia,4.7e-05,219.0
2012,GN,Africa,8.9e-05,190.0
2012,BQ,North America,5.7e-05,213.0
2012,BZ,North America,8.9e-05,190.0
2012,GQ,Africa,0.000126,169.0
2012,HN,North America,0.000346,128.0
2012,HT,North America,0.000159,160.0
2012,IO,Oceania,5.5e-05,217.0
2012,SR,South America,5.7e-05,213.0
2012,UM,North America,6e-05,211.0
2012,UZ,Asia,0.000283,138.0
2012,BS,North America,0.00017,153.0
2012,BV,Oceania,5.7e-05,213.0
2012,LS,Africa,0.000113,173.0
2012,BY,Europe,0.000262,141.0
2012,KN,North America,0.000167,155.0
2012,PF,Oceania,0.000105,180.0
2012,EE,Europe,0.001101,76.0
2012,GP,North America,6.3e-05,209.0
2012,SZ,Africa,0.000186,150.0
2012,YT,Africa,4.7e-05,219.0
2012,GM,Africa,0.000294,135.0
2012,GW,Africa,0.000107,179.0
2012,CK,Oceania,6.9e-05,204.0
2012,GA,Africa,0.000111,176.0
2012,CX,Oceania,4.7e-05,219.0
2012,GD,North America,0.000335,130.0
2012,TJ,Asia,0.000108,178.0
2012,YE,Asia,0.000565,105.0
2012,KM,Africa,8.2e-05,199.0
2012,MQ,North America,8.8e-05,193.0
2012,CW,North America,0.000144,163.0
2012,TT,North America,0.000389,123.0
2012,MT,Europe,0.000456,118.0
2012,GL,North America,0.000162,158.0
2012,DM,North America,8.5e-05,197.0
2012,EH,Africa,6.1e-05,210.0
2012,KG,Asia,0.000306,133.0
2012,MU,Africa,0.000253,143.0
2012,SJ,Europe,4.7e-05,219.0
2012,SO,Africa,0.00023,145.0
2012,DJ,Africa,4.7e-05,219.0
2012,WS,Oceania,0.000112,175.0
2012,FO,Europe,7.5e-05,202.0
2012,GF,South America,0.000156,161.0
2012,MC,Europe,0.000117,171.0
2012,TC,North America,8.8e-05,193.0
2012,JE,Europe,6.6e-05,206.0
2012,MV,Asia,0.000256,142.0
2012,SC,Africa,0.000152,162.0
2012,GI,Europe,8.5e-05,197.0
2012,SM,Europe,5.8e-05,212.0
2012,VA,Europe,0.000101,185.0
2012,KI,Oceania,8e-05,200.0
2012,KP,Asia,5.7e-05,213.0
2012,KY,North America,0.000133,164.0
2012,LC,North America,9.6e-05,188.0
2012,MR,Africa,0.000163,157.0
2012,NR,Oceania,6.9e-05,204.0
2012,GU,Oceania,4.7e-05,219.0
2012,SB,Oceania,0.000102,182.0
2012,ST,Africa,9.3e-05,189.0
2012,SX,North America,0.000132,165.0
2012,TV,Oceania,6.4e-05,207.0
2012,MF,North America,4.7e-05,219.0
2012,MP,Oceania,4.7e-05,219.0
2012,PW,Oceania,4.7e-05,219.0
2012,VC,North America,8.8e-05,193.0
2012,VU,Oceania,0.000102,182.0
2013,AE,Asia,0.00586,36.0
2013,AD,Europe,0.000102,187.0
2013,ES,Europe,0.034083,7.0
2013,GT,North America,0.000426,119.0
2013,AM,Asia,0.000241,139.0
2013,AT,Europe,0.010717,25.0
2013,AU,Oceania,0.036593,6.0
2013,BA,Europe,0.000528,108.0
2013,BD,Asia,0.004053,49.0
2013,BH,Asia,0.000594,101.0
2013,BR,South America,0.025954,9.0
2013,CA,North America,0.028881,8.0
2013,CH,Europe,0.024454,10.0
2013,CN,Asia,0.038548,4.0
2013,CO,South America,0.011426,23.0
2013,CZ,Europe,0.004775,40.0
2013,DE,Europe,0.054068,3.0
2013,DK,Europe,0.012605,20.0
2013,DZ,Africa,0.000716,94.0
2013,EG,Africa,0.005664,38.0
2013,FR,Europe,0.03768,5.0
2013,GB,Europe,0.107721,2.0
2013,GH,Africa,0.002552,57.0
2013,GR,Europe,0.004333,48.0
2013,HK,Asia,0.006771,31.0
2013,HR,Europe,0.00104,77.0
2013,IE,Europe,0.007704,30.0
2013,IN,Asia,0.018946,13.0
2013,IQ,Asia,0.003191,55.0
2013,IR,Asia,0.003655,52.0
2013,IT,Europe,0.020896,11.0
2013,JO,Asia,0.003714,51.0
2013,JP,Asia,0.01818,14.0
2013,KR,Asia,0.015233,17.0
2013,KW,Asia,0.001498,67.0
2013,LB,Asia,0.001674,65.0
2013,LK,Asia,0.001698,64.0
2013,MD,Europe,0.000224,143.0
2013,MY,Asia,0.012586,21.0
2013,MZ,Africa,0.00078,92.0
2013,NG,Africa,0.00469,42.0
2013,NL,Europe,0.020727,12.0
2013,NO,Europe,0.008412,28.0
2013,NZ,Oceania,0.006362,34.0
2013,OM,Asia,0.002302,59.0
2013,PH,Asia,0.002312,58.0
2013,PK,Asia,0.005951,35.0
2013,PS,Asia,0.000574,103.0
2013,PT,Europe,0.016697,16.0
2013,RO,Europe,0.001883,62.0
2013,SA,Asia,0.012701,19.0
2013,SD,Africa,0.000991,78.0
2013,SE,Europe,0.016706,15.0
2013,SG,Asia,0.011068,24.0
2013,SY,Asia,0.000203,147.0
2013,TN,Africa,0.000956,80.0
2013,TR,Asia,0.012523,22.0
2013,UA,Europe,0.001457,69.0
2013,UG,Africa,0.001517,66.0
2013,US,North America,0.14106,1.0
2013,VE,South America,0.001487,68.0
2013,ZA,Africa,0.009405,27.0
2013,AL,Europe,0.00064,97.0
2013,AF,Asia,0.000563,105.0
2013,EC,South America,0.004334,47.0
2013,FI,Europe,0.006761,32.0
2013,NI,North America,0.000445,118.0
2013,TH,Asia,0.004654,43.0
2013,CM,Africa,0.000899,82.0
2013,AG,North America,0.000123,171.0
2013,AI,North America,0.000103,184.0
2013,BG,Europe,0.00096,79.0
2013,MK,Europe,0.000227,141.0
2013,RS,Europe,0.001114,73.0
2013,RU,Europe,0.004034,50.0
2013,SI,Europe,0.000815,87.0
2013,XK,Other,0.000269,132.0
2013,BE,Europe,0.014321,18.0
2013,EE,Europe,0.000784,90.0
2013,HU,Europe,0.0027,56.0
2013,SK,Europe,0.00088,84.0
2013,AO,Africa,0.000692,95.0
2013,CD,Africa,0.000463,116.0
2013,CU,North America,0.001054,76.0
2013,ID,Asia,0.004649,44.0
2013,MA,Africa,0.000862,85.0
2013,ZM,Africa,0.000848,86.0
2013,AQ,Other,8.5e-05,197.0
2013,PE,South America,0.005038,39.0
2013,AR,South America,0.004338,46.0
2013,BO,South America,0.000526,109.0
2013,CL,South America,0.007906,29.0
2013,CR,North America,0.001308,71.0
2013,HT,North America,0.00024,140.0
2013,MX,North America,0.009503,26.0
2013,PA,North America,0.0008,89.0
2013,PY,South America,0.000677,96.0
2013,SV,North America,0.000266,134.0
2013,UY,South America,0.000604,99.0
2013,AS,Oceania,6.8e-05,205.0
2013,BT,Asia,0.000292,130.0
2013,ET,Africa,0.001816,63.0
2013,GE,Asia,0.00038,122.0
2013,IL,Asia,0.004564,45.0
2013,IS,Europe,0.000885,83.0
2013,LT,Europe,0.000813,88.0
2013,LU,Europe,0.001938,61.0
2013,LV,Europe,0.000576,102.0
2013,MN,Asia,0.000554,106.0
2013,MW,Africa,0.000518,111.0
2013,NP,Asia,0.001079,74.0
2013,PL,Europe,0.005757,37.0
2013,SS,Africa,0.00025,137.0
2013,TW,Asia,0.006735,33.0
2013,VN,Asia,0.003541,54.0
2013,BN,Asia,0.00048,114.0
2013,BW,Africa,0.000742,93.0
2013,CY,Europe,0.00212,60.0
2013,FJ,Oceania,0.000605,98.0
2013,GM,Africa,0.000363,124.0
2013,GY,South America,0.00015,160.0
2013,KE,Africa,0.003646,53.0
2013,KG,Asia,0.000268,133.0
2013,KH,Asia,0.000501,113.0
2013,LA,Asia,0.000198,148.0
2013,LR,Africa,5.2e-05,227.0
2013,MG,Africa,0.000304,129.0
2013,MM,Asia,0.000316,127.0
2013,MT,Europe,0.00055,107.0
2013,MU,Africa,0.000175,152.0
2013,MV,Asia,0.000132,167.0
2013,NC,Oceania,0.000118,175.0
2013,PG,Oceania,0.000319,125.0
2013,SB,Oceania,0.000153,157.0
2013,SZ,Africa,0.00013,169.0
2013,TL,Asia,0.000221,145.0
2013,TZ,Africa,0.001375,70.0
2013,WS,Oceania,8.4e-05,198.0
2013,AW,North America,7.3e-05,203.0
2013,AZ,Asia,0.000249,138.0
2013,KZ,Asia,0.001207,72.0
2013,ME,Europe,0.00017,154.0
2013,BB,North America,0.00012,173.0
2013,TT,North America,0.000382,121.0
2013,SO,Africa,0.000211,146.0
2013,BI,Africa,0.000151,159.0
2013,BJ,Africa,0.000307,128.0
2013,CG,Africa,0.000111,179.0
2013,CI,Africa,0.00042,120.0
2013,ML,Africa,0.000223,144.0
2013,NE,Africa,0.000225,142.0
2013,QA,Asia,0.004763,41.0
2013,RW,Africa,0.000522,110.0
2013,SN,Africa,0.000452,117.0
2013,SR,South America,8.6e-05,196.0
2013,ZW,Africa,0.000923,81.0
2013,BF,Africa,0.000516,112.0
2013,CF,Africa,9.5e-05,191.0
2013,GN,Africa,0.000157,156.0
2013,KM,Africa,7.2e-05,204.0
2013,TD,Africa,0.000107,181.0
2013,TG,Africa,0.000136,165.0
2013,BL,North America,6.3e-05,213.0
2013,BM,North America,8.4e-05,198.0
2013,DM,North America,0.000108,180.0
2013,BV,Oceania,5.4e-05,223.0
2013,CV,Africa,0.000264,135.0
2013,DO,North America,0.000471,115.0
2013,ER,Africa,7.9e-05,201.0
2013,GQ,Africa,6e-05,214.0
2013,GW,Africa,0.000115,178.0
2013,HN,North America,0.00037,123.0
2013,KY,North America,0.000105,183.0
2013,MH,Oceania,4.7e-05,228.0
2013,PW,Oceania,0.000132,167.0
2013,UZ,Asia,0.000289,131.0
2013,VI,North America,8.4e-05,198.0
2013,WF,Oceania,4.7e-05,228.0
2013,BS,North America,0.000101,188.0
2013,JM,North America,0.000152,158.0
2013,LS,Africa,0.000193,149.0
2013,BY,Europe,0.000142,162.0
2013,BZ,North America,0.000103,184.0
2013,LY,Africa,0.000783,91.0
2013,PR,North America,0.001075,75.0
2013,SC,Africa,0.000138,164.0
2013,GA,Africa,0.000134,166.0
2013,LI,Europe,0.00019,150.0
2013,CK,Oceania,5.7e-05,217.0
2013,KP,Asia,4.7e-05,228.0
2013,MO,Asia,0.000568,104.0
2013,SL,Africa,0.000259,136.0
2013,YE,Asia,0.000595,100.0
2013,GD,North America,0.000319,125.0
2013,CW,North America,0.000171,153.0
2013,DJ,Africa,7.4e-05,202.0
2013,FO,Europe,0.00014,163.0
2013,GL,North America,9.3e-05,192.0
2013,MC,Europe,8.9e-05,193.0
2013,UM,North America,5.7e-05,217.0
2013,NR,Oceania,5.3e-05,224.0
2013,VU,Oceania,0.000116,176.0
2013,FM,Oceania,5.8e-05,216.0
2013,GF,South America,8.8e-05,194.0
2013,GP,North America,0.000106,182.0
2013,MR,Africa,8.8e-05,194.0
2013,PF,Oceania,0.000101,188.0
2013,RE,Africa,0.000149,161.0
2013,GG,Europe,4.7e-05,228.0
2013,JE,Europe,6.6e-05,207.0
2013,KI,Oceania,0.000116,176.0
2013,TJ,Asia,6.7e-05,206.0
2013,TM,Asia,5.3e-05,224.0
2013,GI,Europe,5.6e-05,220.0
2013,GU,Oceania,6.5e-05,208.0
2013,IM,Europe,0.000103,184.0
2013,KN,North America,0.000125,170.0
2013,IO,Oceania,5.7e-05,217.0
2013,VA,Europe,0.000189,151.0
2013,BQ,North America,4.7e-05,228.0
2013,EH,Africa,4.7e-05,228.0
2013,MQ,North America,5.6e-05,220.0
2013,MS,North America,6.4e-05,212.0
2013,SJ,Europe,0.000158,155.0
2013,PN,Oceania,5.3e-05,224.0
2013,SM,Europe,5.6e-05,220.0
2013,ST,Africa,9.9e-05,190.0
2013,SX,North America,0.000122,172.0
2013,TC,North America,6.5e-05,208.0
2013,TO,Oceania,6e-05,214.0
2013,TV,Oceania,4.7e-05,228.0
2013,LC,North America,4.7e-05,228.0
2013,VC,North America,0.000119,174.0
2013,VG,North America,6.5e-05,208.0
2013,YT,Africa,6.5e-05,208.0
2014,DK,Europe,0.012061,21.0
2014,AD,Europe,0.00012,173.0
2014,ES,Europe,0.039086,5.0
2014,PT,Europe,0.016609,16.0
2014,AM,Asia,0.000238,141.0
2014,AE,Asia,0.006391,36.0
2014,AU,Oceania,0.035219,7.0
2014,BD,Asia,0.003652,50.0
2014,BE,Europe,0.013535,18.0
2014,BH,Asia,0.000716,96.0
2014,BY,Europe,0.000377,122.0
2014,CA,North America,0.028188,8.0
2014,CH,Europe,0.024087,10.0
2014,CN,Asia,0.041576,4.0
2014,CR,North America,0.001255,72.0
2014,CY,Europe,0.002084,59.0
2014,DE,Europe,0.051477,3.0
2014,DZ,Africa,0.000662,98.0
2014,EG,Africa,0.005373,40.0
2014,FR,Europe,0.036842,6.0
2014,GB,Europe,0.103608,2.0
2014,GH,Africa,0.002362,57.0
2014,GR,Europe,0.004334,47.0
2014,ID,Asia,0.005887,37.0
2014,IE,Europe,0.007695,29.0
2014,IN,Asia,0.016772,15.0
2014,IO,Oceania,5.7e-05,222.0
2014,IQ,Asia,0.002912,54.0
2014,IT,Europe,0.022196,11.0
2014,JO,Asia,0.002731,55.0
2014,JP,Asia,0.017977,14.0
2014,KE,Africa,0.003428,53.0
2014,KR,Asia,0.014484,17.0
2014,KW,Asia,0.001159,75.0
2014,LB,Asia,0.002011,61.0
2014,LY,Africa,0.00064,103.0
2014,MA,Africa,0.000922,84.0
2014,MU,Africa,0.000274,132.0
2014,MX,North America,0.01138,23.0
2014,MY,Asia,0.010843,24.0
2014,NG,Africa,0.004568,45.0
2014,NL,Europe,0.021121,12.0
2014,NO,Europe,0.007949,28.0
2014,NZ,Oceania,0.006952,33.0
2014,OM,Asia,0.001768,64.0
2014,PH,Asia,0.001782,63.0
2014,PK,Asia,0.00566,38.0
2014,PR,North America,0.001337,69.0
2014,PS,Asia,0.000726,94.0
2014,QA,Asia,0.004989,43.0
2014,RO,Europe,0.001763,65.0
2014,RS,Europe,0.001026,77.0
2014,RU,Europe,0.005555,39.0
2014,SA,Asia,0.011745,22.0
2014,SD,Africa,0.001009,78.0
2014,SE,Europe,0.018257,13.0
2014,SG,Asia,0.010222,25.0
2014,SI,Europe,0.000893,86.0
2014,SO,Africa,0.00033,126.0
2014,SY,Asia,0.000309,129.0
2014,TN,Africa,0.00089,87.0
2014,TR,Asia,0.012507,20.0
2014,TW,Asia,0.006785,35.0
2014,US,North America,0.141694,1.0
2014,VN,Asia,0.003531,52.0
2014,ZA,Africa,0.008945,27.0
2014,AF,Asia,0.000449,116.0
2014,BR,South America,0.027727,9.0
2014,CO,South America,0.012788,19.0
2014,TJ,Asia,9.9e-05,184.0
2014,ZW,Africa,0.000924,83.0
2014,AG,North America,8.1e-05,201.0
2014,AI,North America,0.000113,178.0
2014,AL,Europe,0.000551,107.0
2014,HR,Europe,0.000825,90.0
2014,MK,Europe,0.000382,121.0
2014,XK,Other,0.000151,157.0
2014,AT,Europe,0.009672,26.0
2014,HU,Europe,0.002692,56.0
2014,KZ,Asia,0.001514,68.0
2014,PL,Europe,0.005194,41.0
2014,UA,Europe,0.001585,67.0
2014,AO,Africa,0.000898,85.0
2014,CD,Africa,0.00031,128.0
2014,CU,North America,0.001196,73.0
2014,KH,Asia,0.000542,109.0
2014,PY,South America,0.000769,91.0
2014,ST,Africa,7.6e-05,204.0
2014,AQ,Other,7.5e-05,205.0
2014,IL,Asia,0.004369,46.0
2014,AR,South America,0.004977,44.0
2014,BO,South America,0.000695,97.0
2014,CL,South America,0.00745,30.0
2014,DO,North America,0.000644,102.0
2014,EC,South America,0.00702,32.0
2014,GT,North America,0.000431,117.0
2014,HK,Asia,0.007073,31.0
2014,HN,North America,0.000361,124.0
2014,NI,North America,0.000514,110.0
2014,PA,North America,0.000943,81.0
2014,PE,South America,0.005011,42.0
2014,SV,North America,0.000252,137.0
2014,UY,South America,0.000835,89.0
2014,VE,South America,0.001844,62.0
2014,AS,Oceania,0.000131,168.0
2014,AZ,Asia,0.000366,123.0
2014,BA,Europe,0.000383,120.0
2014,BF,Africa,0.000507,111.0
2014,BG,Europe,0.000926,82.0
2014,BT,Asia,0.000211,147.0
2014,CM,Africa,0.000765,92.0
2014,CZ,Europe,0.003956,48.0
2014,ET,Africa,0.002034,60.0
2014,FI,Europe,0.006931,34.0
2014,GE,Asia,0.000401,118.0
2014,IR,Asia,0.003533,51.0
2014,IS,Europe,0.000979,79.0
2014,LA,Asia,0.00014,163.0
2014,LI,Europe,0.000121,172.0
2014,LT,Europe,0.000736,93.0
2014,SK,Europe,0.000846,88.0
2014,TH,Asia,0.003948,49.0
2014,TT,North America,0.000308,130.0
2014,UG,Africa,0.001275,71.0
2014,VA,Europe,9.3e-05,189.0
2014,BM,North America,5.7e-05,222.0
2014,BW,Africa,0.000661,99.0
2014,EE,Europe,0.001039,76.0
2014,FJ,Oceania,0.000584,105.0
2014,GM,Africa,0.00014,163.0
2014,JM,North America,0.000207,148.0
2014,KI,Oceania,4.9e-05,231.0
2014,KY,North America,5.3e-05,228.0
2014,LK,Asia,0.002101,58.0
2014,LU,Europe,0.0016,66.0
2014,MC,Europe,0.000115,177.0
2014,MM,Asia,0.000451,115.0
2014,MV,Asia,0.000177,152.0
2014,MW,Africa,0.000659,101.0
2014,NC,Oceania,0.000178,151.0
2014,NP,Asia,0.001285,70.0
2014,PG,Oceania,0.000126,170.0
2014,RW,Africa,0.000554,106.0
2014,SB,Oceania,7.3e-05,209.0
2014,TZ,Africa,0.001185,74.0
2014,WS,Oceania,0.000119,174.0
2014,YE,Asia,0.000495,112.0
2014,ZM,Africa,0.000718,95.0
2014,AW,North America,7e-05,211.0
2014,BS,North America,0.000141,161.0
2014,BB,North America,0.000141,161.0
2014,SL,Africa,0.000252,137.0
2014,BJ,Africa,0.000385,119.0
2014,CG,Africa,0.000262,135.0
2014,GA,Africa,0.000248,139.0
2014,ML,Africa,0.000261,136.0
2014,MT,Europe,0.000661,99.0
2014,MZ,Africa,0.000466,113.0
2014,SR,South America,7.7e-05,203.0
2014,CI,Africa,0.000272,133.0
2014,NE,Africa,0.000142,160.0
2014,SN,Africa,0.000549,108.0
2014,TD,Africa,0.00017,154.0
2014,TG,Africa,0.000116,176.0
2014,BI,Africa,0.000119,174.0
2014,BL,North America,5.3e-05,228.0
2014,BN,Asia,0.000463,114.0
2014,CV,Africa,0.000212,146.0
2014,GW,Africa,6.3e-05,218.0
2014,HT,North America,0.000168,155.0
2014,LV,Europe,0.000329,127.0
2014,RE,Africa,0.000185,150.0
2014,SM,Europe,5.7e-05,222.0
2014,TL,Asia,0.000345,125.0
2014,BV,Oceania,5.7e-05,222.0
2014,BZ,North America,0.000111,179.0
2014,GF,South America,9.2e-05,191.0
2014,KG,Asia,0.000229,142.0
2014,MD,Europe,0.000171,153.0
2014,MN,Asia,0.000585,104.0
2014,ER,Africa,5.3e-05,228.0
2014,CF,Africa,0.000109,181.0
2014,GN,Africa,8.5e-05,196.0
2014,GQ,Africa,9.9e-05,184.0
2014,LR,Africa,0.000218,144.0
2014,MG,Africa,0.000286,131.0
2014,SZ,Africa,0.000264,134.0
2014,KP,Asia,9.2e-05,191.0
2014,LS,Africa,0.000127,169.0
2014,MO,Asia,0.000946,80.0
2014,UZ,Asia,0.000245,140.0
2014,VG,North America,7.3e-05,209.0
2014,CW,North America,0.000139,165.0
2014,DM,North America,9.8e-05,186.0
2014,CX,Oceania,7e-05,211.0
2014,SJ,Europe,4.9e-05,231.0
2014,DJ,Africa,6.7e-05,215.0
2014,FO,Europe,9.5e-05,188.0
2014,GL,North America,0.000137,166.0
2014,SS,Africa,0.000225,143.0
2014,EH,Africa,6.6e-05,216.0
2014,UM,North America,4.9e-05,231.0
2014,FK,South America,8.3e-05,199.0
2014,GP,North America,0.000187,149.0
2014,MR,Africa,9.3e-05,189.0
2014,PF,Oceania,0.000104,182.0
2014,GG,Europe,7.5e-05,205.0
2014,IM,Europe,9e-05,194.0
2014,JE,Europe,0.000167,156.0
2014,MF,North America,8.4e-05,198.0
2014,SC,Africa,8e-05,202.0
2014,SX,North America,0.0001,183.0
2014,GD,North America,0.000218,144.0
2014,GI,Europe,7.5e-05,205.0
2014,GU,Oceania,9.2e-05,191.0
2014,GY,South America,0.000149,159.0
2014,ME,Europe,0.00011,180.0
2014,KM,Africa,5.5e-05,227.0
2014,KN,North America,0.00015,158.0
2014,LC,North America,0.000123,171.0
2014,MH,Oceania,5.6e-05,226.0
2014,MQ,North America,8.3e-05,199.0
2014,MS,North America,6.6e-05,216.0
2014,NR,Oceania,8.7e-05,195.0
2014,BQ,North America,4.9e-05,231.0
2014,MP,Oceania,4.9e-05,231.0
2014,TC,North America,8.5e-05,196.0
2014,TF,Oceania,5.8e-05,221.0
2014,PW,Oceania,4.9e-05,231.0
2014,TM,Asia,6.3e-05,218.0
2014,TO,Oceania,6.8e-05,214.0
2014,VC,North America,9.6e-05,187.0
2014,VI,North America,7.4e-05,208.0
2014,VU,Oceania,0.000137,166.0
2014,WF,Oceania,6.9e-05,213.0
2014,YT,Africa,6.2e-05,220.0
2015,BE,Europe,0.014267,17.0
2015,AD,Europe,0.000145,168.0
2015,ES,Europe,0.041391,5.0
2015,FR,Europe,0.037329,6.0
2015,US,North America,0.143052,1.0
2015,AG,North America,0.0001,188.0
2015,AE,Asia,0.005779,37.0
2015,AU,Oceania,0.034471,7.0
2015,BG,Europe,0.000785,91.0
2015,BH,Asia,0.000555,104.0
2015,BO,South America,0.000616,97.0
2015,BR,South America,0.027988,9.0
2015,BS,North America,7.6e-05,203.0
2015,CA,North America,0.028383,8.0
2015,CH,Europe,0.025336,10.0
2015,CM,Africa,0.000599,99.0
2015,CN,Asia,0.044155,4.0
2015,CO,South America,0.01403,18.0
2015,CY,Europe,0.002073,57.0
2015,DE,Europe,0.051765,3.0
2015,EG,Africa,0.004765,43.0
2015,ER,Africa,8.9e-05,194.0
2015,FI,Europe,0.006451,35.0
2015,GB,Europe,0.09923,2.0
2015,GH,Africa,0.00203,58.0
2015,GR,Europe,0.00356,50.0
2015,HK,Asia,0.007116,31.0
2015,ID,Asia,0.006179,36.0
2015,IE,Europe,0.009102,27.0
2015,IL,Asia,0.004013,46.0
2015,IN,Asia,0.016832,16.0
2015,IQ,Asia,0.002387,56.0
2015,IR,Asia,0.00325,53.0
2015,IT,Europe,0.022501,11.0
2015,JO,Asia,0.002964,54.0
2015,JP,Asia,0.019138,13.0
2015,KR,Asia,0.014008,19.0
2015,KW,Asia,0.001236,73.0
2015,KZ,Asia,0.001491,67.0
2015,LB,Asia,0.001596,65.0
2015,LK,Asia,0.001853,59.0
2015,LY,Africa,0.000431,114.0
2015,MA,Africa,0.000775,92.0
2015,ME,Europe,0.000166,162.0
2015,MK,Europe,0.000246,138.0
2015,MT,Europe,0.000533,107.0
2015,MU,Africa,0.000214,145.0
2015,MY,Asia,0.009081,28.0
2015,NG,Africa,0.004255,44.0
2015,NL,Europe,0.022014,12.0
2015,NO,Europe,0.007458,30.0
2015,NZ,Oceania,0.007108,32.0
2015,OM,Asia,0.001676,64.0
2015,PH,Asia,0.001758,61.0
2015,PK,Asia,0.005232,41.0
2015,PL,Europe,0.0055,39.0
2015,PS,Asia,0.000746,93.0
2015,PT,Europe,0.017394,14.0
2015,QA,Asia,0.003579,49.0
2015,RS,Europe,0.000914,82.0
2015,RU,Europe,0.005532,38.0
2015,SA,Asia,0.010172,25.0
2015,SD,Africa,0.000835,86.0
2015,SE,Europe,0.017048,15.0
2015,SG,Asia,0.011054,22.0
2015,SY,Asia,0.00025,136.0
2015,TH,Asia,0.003636,48.0
2015,TN,Africa,0.000726,94.0
2015,TR,Asia,0.012896,20.0
2015,TZ,Africa,0.001236,73.0
2015,UA,Europe,0.001422,69.0
2015,VE,South America,0.001481,68.0
2015,ZA,Africa,0.009218,26.0
2015,ZW,Africa,0.000811,89.0
2015,AF,Asia,0.000458,113.0
2015,AW,North America,8.1e-05,199.0
2015,BD,Asia,0.003805,47.0
2015,EE,Europe,0.001179,75.0
2015,NP,Asia,0.001262,72.0
2015,PE,South America,0.004975,42.0
2015,RW,Africa,0.000855,84.0
2015,UG,Africa,0.001535,66.0
2015,JM,North America,0.00017,159.0
2015,AI,North America,4.8e-05,227.0
2015,AT,Europe,0.010789,24.0
2015,AL,Europe,0.000418,117.0
2015,BA,Europe,0.000384,119.0
2015,HR,Europe,0.000961,79.0
2015,XK,Other,0.000107,184.0
2015,AR,South America,0.005237,40.0
2015,AM,Asia,0.000252,135.0
2015,DK,Europe,0.012163,21.0
2015,AO,Africa,0.0006,98.0
2015,CU,North America,0.000995,77.0
2015,FJ,Oceania,0.000592,100.0
2015,GQ,Africa,6.4e-05,210.0
2015,LR,Africa,0.000194,151.0
2015,AQ,Other,6.6e-05,208.0
2015,CL,South America,0.007687,29.0
2015,CR,North America,0.001287,71.0
2015,DZ,Africa,0.000635,95.0
2015,EC,South America,0.00694,33.0
2015,HT,North America,0.000239,140.0
2015,MX,North America,0.010901,23.0
2015,NI,North America,0.000466,112.0
2015,PY,South America,0.000543,105.0
2015,SV,North America,0.000235,143.0
2015,UY,South America,0.000921,80.0
2015,AS,Oceania,5.1e-05,223.0
2015,BF,Africa,0.000409,118.0
2015,CV,Africa,0.000372,123.0
2015,CZ,Europe,0.004204,45.0
2015,ET,Africa,0.001757,62.0
2015,HU,Europe,0.002772,55.0
2015,KE,Africa,0.003471,51.0
2015,LI,Europe,0.000112,181.0
2015,LT,Europe,0.000787,90.0
2015,LU,Europe,0.001797,60.0
2015,MW,Africa,0.000587,101.0
2015,RO,Europe,0.001702,63.0
2015,SI,Europe,0.000836,85.0
2015,SK,Europe,0.000817,88.0
2015,TW,Asia,0.006754,34.0
2015,VN,Asia,0.003303,52.0
2015,BN,Asia,0.000518,108.0
2015,BT,Asia,0.000201,149.0
2015,BW,Africa,0.000822,87.0
2015,DO,North America,0.000622,96.0
2015,GE,Asia,0.000429,115.0
2015,GY,South America,0.000171,156.0
2015,KH,Asia,0.000497,109.0
2015,LV,Europe,0.000497,109.0
2015,MM,Asia,0.000366,125.0
2015,MN,Asia,0.000585,102.0
2015,MO,Asia,0.000912,83.0
2015,MV,Asia,0.000197,150.0
2015,NC,Oceania,0.000157,166.0
2015,PG,Oceania,0.000356,127.0
2015,PW,Oceania,7.5e-05,204.0
2015,TO,Oceania,4.4e-05,228.0
2015,UZ,Asia,0.000368,124.0
2015,WS,Oceania,9.2e-05,191.0
2015,ZM,Africa,0.000917,81.0
2015,KN,North America,0.000171,156.0
2015,AX,Europe,5.1e-05,223.0
2015,AZ,Asia,0.00054,106.0
2015,BB,North America,0.000238,142.0
2015,TT,North America,0.000285,134.0
2015,VC,North America,0.000132,172.0
2015,PA,North America,0.00098,78.0
2015,BI,Africa,0.00012,178.0
2015,BJ,Africa,0.000328,128.0
2015,CD,Africa,0.000375,122.0
2015,CI,Africa,0.000361,126.0
2015,GP,North America,0.000125,175.0
2015,HN,North America,0.000379,120.0
2015,MD,Europe,0.000165,164.0
2015,MG,Africa,0.000174,155.0
2015,ML,Africa,0.000245,139.0
2015,MZ,Africa,0.000567,103.0
2015,YT,Africa,9.1e-05,193.0
2015,TD,Africa,0.000128,173.0
2015,TG,Africa,0.000121,177.0
2015,GA,Africa,0.000167,161.0
2015,SN,Africa,0.000467,111.0
2015,BL,North America,5.2e-05,219.0
2015,BM,North America,5.2e-05,219.0
2015,BQ,North America,6.5e-05,209.0
2015,BV,Oceania,5e-05,225.0
2015,BY,Europe,0.000292,132.0
2015,GT,North America,0.000376,121.0
2015,GW,Africa,0.000108,183.0
2015,IO,Oceania,8.2e-05,197.0
2015,PR,North America,0.001409,70.0
2015,ST,Africa,9.8e-05,189.0
2015,TL,Asia,0.000211,146.0
2015,VA,Europe,0.000104,186.0
2015,VG,North America,5.2e-05,219.0
2015,YE,Asia,0.000239,140.0
2015,LS,Africa,0.000209,148.0
2015,BZ,North America,8.2e-05,197.0
2015,GD,North America,0.000291,133.0
2015,KG,Asia,0.000299,131.0
2015,RE,Africa,0.000182,153.0
2015,GN,Africa,0.00021,147.0
2015,CF,Africa,0.000109,182.0
2015,CG,Africa,0.000139,169.0
2015,IS,Europe,0.001116,76.0
2015,SM,Europe,0.000123,176.0
2015,SO,Africa,0.000429,115.0
2015,SS,Africa,0.000249,137.0
2015,SZ,Africa,0.000321,129.0
2015,DM,North America,0.000135,170.0
2015,KP,Asia,5e-05,225.0
2015,LA,Asia,0.000118,179.0
2015,NE,Africa,0.000171,156.0
2015,SL,Africa,0.000301,130.0
2015,TJ,Asia,8.9e-05,194.0
2015,KM,Africa,5.2e-05,219.0
2015,CW,North America,8.8e-05,196.0
2015,GM,Africa,0.000181,154.0
2015,FK,South America,7.7e-05,201.0
2015,MR,Africa,6.3e-05,211.0
2015,SR,South America,7e-05,206.0
2015,FO,Europe,0.000166,162.0
2015,GL,North America,0.000226,144.0
2015,EH,Africa,6e-05,212.0
2015,MQ,North America,0.000113,180.0
2015,DJ,Africa,4.4e-05,228.0
2015,MC,Europe,0.00017,159.0
2015,KI,Oceania,5.7e-05,217.0
2015,GF,South America,0.000128,173.0
2015,PF,Oceania,0.000101,187.0
2015,GI,Europe,5.9e-05,214.0
2015,IM,Europe,6.7e-05,207.0
2015,JE,Europe,4.4e-05,228.0
2015,LC,North America,5.9e-05,214.0
2015,SB,Oceania,0.000133,171.0
2015,SC,Africa,9.2e-05,191.0
2015,TC,North America,0.000164,165.0
2015,GG,Europe,5.9e-05,214.0
2015,MP,Oceania,4.4e-05,228.0
2015,GU,Oceania,0.000152,167.0
2015,UM,North America,8e-05,200.0
2015,TM,Asia,9.5e-05,190.0
2015,MS,North America,7.2e-05,205.0
2015,SJ,Europe,5.7e-05,217.0
2015,SX,North America,0.000105,185.0
2015,VI,North America,0.000185,152.0
2015,TK,Oceania,6e-05,212.0
2015,KY,North America,4.4e-05,228.0
2015,WF,Oceania,4.4e-05,228.0
2015,VU,Oceania,7.7e-05,201.0
2016,CO,South America,0.015799,17.0
2016,AD,Europe,9.5e-05,185.0
2016,ES,Europe,0.044457,5.0
2016,AG,North America,0.000113,176.0
2016,AE,Asia,0.005607,41.0
2016,AU,Oceania,0.032498,7.0
2016,BE,Europe,0.014023,18.0
2016,BH,Asia,0.000518,107.0
2016,BR,South America,0.027483,9.0
2016,CA,North America,0.028068,8.0
2016,CH,Europe,0.025035,10.0
2016,CN,Asia,0.048647,4.0
2016,CY,Europe,0.002275,57.0
2016,DE,Europe,0.052053,3.0
2016,DZ,Africa,0.000694,95.0
2016,EG,Africa,0.005209,42.0
2016,ET,Africa,0.002072,60.0
2016,FI,Europe,0.00609,36.0
2016,FR,Europe,0.035037,6.0
2016,GB,Europe,0.095921,2.0
2016,GR,Europe,0.003725,49.0
2016,HK,Asia,0.007539,30.0
2016,ID,Asia,0.005684,39.0
2016,IE,Europe,0.009312,25.0
2016,IN,Asia,0.017499,15.0
2016,IQ,Asia,0.002799,54.0
2016,IT,Europe,0.021564,12.0
2016,JM,North America,0.000145,165.0
2016,JO,Asia,0.002663,55.0
2016,JP,Asia,0.019363,14.0
2016,KH,Asia,0.000365,118.0
2016,KR,Asia,0.013624,19.0
2016,KW,Asia,0.001261,69.0
2016,KZ,Asia,0.001303,68.0
2016,LB,Asia,0.001366,67.0
2016,LK,Asia,0.001617,63.0
2016,MA,Africa,0.00071,94.0
2016,MY,Asia,0.009027,26.0
2016,NG,Africa,0.003799,48.0
2016,NL,Europe,0.022788,11.0
2016,OM,Asia,0.001151,73.0
2016,PH,Asia,0.001788,62.0
2016,PK,Asia,0.005779,38.0
2016,PL,Europe,0.006611,34.0
2016,PS,Asia,0.00066,96.0
2016,PT,Europe,0.019605,13.0
2016,QA,Asia,0.002517,56.0
2016,RS,Europe,0.000856,84.0
2016,RU,Europe,0.004759,43.0
2016,RW,Africa,0.000878,82.0
2016,SA,Asia,0.008752,27.0
2016,SD,Africa,0.000947,79.0
2016,SE,Europe,0.016781,16.0
2016,SG,Asia,0.010065,24.0
2016,SO,Africa,0.00034,125.0
2016,SY,Asia,0.000206,144.0
2016,TN,Africa,0.000639,98.0
2016,TR,Asia,0.011287,22.0
2016,TW,Asia,0.006388,35.0
2016,UA,Europe,0.001428,66.0
2016,US,North America,0.144164,1.0
2016,UZ,Asia,0.000158,159.0
2016,YE,Asia,0.000149,162.0
2016,ZA,Africa,0.008404,28.0
2016,AO,Africa,0.000436,114.0
2016,AF,Asia,0.000509,108.0
2016,AS,Oceania,8.1e-05,196.0
2016,AW,North America,4.5e-05,230.0
2016,EE,Europe,0.001224,71.0
2016,IR,Asia,0.003508,50.0
2016,KG,Asia,0.000312,128.0
2016,SK,Europe,0.000848,85.0
2016,ZW,Africa,0.000817,86.0
2016,AL,Europe,0.000455,113.0
2016,PR,North America,0.001128,75.0
2016,AI,North America,7.9e-05,197.0
2016,AT,Europe,0.010334,23.0
2016,BA,Europe,0.000348,122.0
2016,CZ,Europe,0.004635,44.0
2016,MK,Europe,0.000358,121.0
2016,XK,Other,0.000203,147.0
2016,BG,Europe,0.00073,90.0
2016,AM,Asia,0.00027,134.0
2016,CR,North America,0.001183,72.0
2016,GE,Asia,0.000382,117.0
2016,RO,Europe,0.001944,61.0
2016,SI,Europe,0.000776,87.0
2016,CU,North America,0.000985,78.0
2016,GA,Africa,0.000139,170.0
2016,MZ,Africa,0.000615,99.0
2016,AR,South America,0.005858,37.0
2016,AQ,Other,7.1e-05,208.0
2016,VE,South America,0.001122,76.0
2016,BD,Asia,0.004028,46.0
2016,BO,South America,0.000656,97.0
2016,CL,South America,0.007398,31.0
2016,DO,North America,0.000711,93.0
2016,EC,South America,0.007255,32.0
2016,GT,North America,0.000501,109.0
2016,HN,North America,0.000322,127.0
2016,HR,Europe,0.00093,80.0
2016,HT,North America,0.000271,133.0
2016,IL,Asia,0.00437,45.0
2016,KE,Africa,0.0031,53.0
2016,MX,North America,0.012431,20.0
2016,NI,North America,0.000542,104.0
2016,PA,North America,0.000888,81.0
2016,PE,South America,0.005626,40.0
2016,PY,South America,0.00077,88.0
2016,UY,South America,0.00111,77.0
2016,BF,Africa,0.000408,115.0
2016,BT,Asia,0.000228,140.0
2016,DK,Europe,0.011307,21.0
2016,GH,Africa,0.002137,58.0
2016,HU,Europe,0.003141,52.0
2016,IS,Europe,0.001227,70.0
2016,LR,Africa,0.000141,167.0
2016,LU,Europe,0.00208,59.0
2016,LV,Europe,0.000461,112.0
2016,ME,Europe,0.000154,160.0
2016,NO,Europe,0.007744,29.0
2016,NZ,Oceania,0.006937,33.0
2016,UG,Africa,0.001534,64.0
2016,VN,Asia,0.003271,51.0
2016,BN,Asia,0.000362,120.0
2016,BZ,North America,0.000111,177.0
2016,CI,Africa,0.000298,130.0
2016,FJ,Oceania,0.000344,123.0
2016,GY,South America,0.000173,153.0
2016,LA,Asia,0.000229,139.0
2016,MM,Asia,0.000463,111.0
2016,MN,Asia,0.000337,126.0
2016,MO,Asia,0.000864,83.0
2016,MW,Africa,0.00056,101.0
2016,NC,Oceania,0.000178,152.0
2016,NP,Asia,0.001432,65.0
2016,PF,Oceania,7.8e-05,199.0
2016,PG,Oceania,0.000205,145.0
2016,TH,Asia,0.003812,47.0
2016,TL,Asia,0.000153,161.0
2016,TZ,Africa,0.001149,74.0
2016,ZM,Africa,0.000723,92.0
2016,AX,Europe,6e-05,219.0
2016,AZ,Asia,0.000553,102.0
2016,LT,Europe,0.000763,89.0
2016,MD,Europe,0.00023,138.0
2016,BB,North America,7.8e-05,199.0
2016,TT,North America,0.000388,116.0
2016,CM,Africa,0.000729,91.0
2016,WF,Oceania,4.5e-05,230.0
2016,BJ,Africa,0.00047,110.0
2016,BY,Europe,0.000219,143.0
2016,CD,Africa,0.000289,131.0
2016,GD,North America,0.000363,119.0
2016,GM,Africa,0.000305,129.0
2016,GP,North America,0.000139,170.0
2016,ML,Africa,0.00022,142.0
2016,SN,Africa,0.000552,103.0
2016,SR,South America,7.8e-05,199.0
2016,TD,Africa,6.6e-05,213.0
2016,GN,Africa,0.000161,158.0
2016,MT,Europe,0.000581,100.0
2016,BI,Africa,9.3e-05,187.0
2016,NE,Africa,0.000162,157.0
2016,TG,Africa,0.000169,156.0
2016,BL,North America,5e-05,227.0
2016,BM,North America,9.8e-05,184.0
2016,TC,North America,5e-05,227.0
2016,BQ,North America,5.5e-05,223.0
2016,BS,North America,0.000236,137.0
2016,BV,Oceania,6.4e-05,214.0
2016,CV,Africa,0.000341,124.0
2016,EH,Africa,5.7e-05,221.0
2016,FO,Europe,0.000184,151.0
2016,GW,Africa,0.000145,165.0
2016,IO,Oceania,4.5e-05,230.0
2016,SV,North America,0.000257,135.0
2016,VA,Europe,0.000117,175.0
2016,BW,Africa,0.000519,106.0
2016,TJ,Asia,0.000132,174.0
2016,KN,North America,0.000287,132.0
2016,LY,Africa,0.000526,105.0
2016,MG,Africa,0.000202,148.0
2016,CF,Africa,6.7e-05,212.0
2016,CG,Africa,0.000225,141.0
2016,MU,Africa,0.000147,163.0
2016,MV,Asia,0.000244,136.0
2016,CX,Oceania,5.6e-05,222.0
2016,DJ,Africa,8.6e-05,191.0
2016,ER,Africa,0.000106,179.0
2016,KM,Africa,6.1e-05,216.0
2016,KP,Asia,4.5e-05,230.0
2016,LS,Africa,0.000205,145.0
2016,SL,Africa,0.000172,155.0
2016,SS,Africa,0.000146,164.0
2016,CW,North America,0.000134,173.0
2016,ST,Africa,7.3e-05,205.0
2016,GF,South America,0.000137,172.0
2016,GL,North America,0.000188,150.0
2016,DM,North America,7.8e-05,199.0
2016,GI,Europe,6.9e-05,211.0
2016,GQ,Africa,7.1e-05,208.0
2016,RE,Africa,0.000173,153.0
2016,SM,Europe,7.3e-05,205.0
2016,TO,Oceania,7.3e-05,205.0
2016,FK,South America,7.4e-05,204.0
2016,MQ,North America,0.00014,169.0
2016,MR,Africa,7.9e-05,197.0
2016,YT,Africa,5.5e-05,223.0
2016,CK,Oceania,4.5e-05,230.0
2016,KY,North America,9.5e-05,185.0
2016,MS,North America,6.1e-05,216.0
2016,SH,Africa,5.9e-05,220.0
2016,SZ,Africa,0.000193,149.0
2016,VU,Oceania,0.000102,181.0
2016,WS,Oceania,9.1e-05,188.0
2016,VI,North America,0.000101,182.0
2016,GU,Oceania,9.1e-05,188.0
2016,IM,Europe,7.1e-05,208.0
2016,SC,Africa,6.4e-05,214.0
2016,JE,Europe,8.4e-05,193.0
2016,VC,North America,0.000141,167.0
2016,LC,North America,8.4e-05,193.0
2016,LI,Europe,0.0001,183.0
2016,MC,Europe,0.000104,180.0
2016,MH,Oceania,8.6e-05,191.0
2016,MP,Oceania,7.6e-05,203.0
2016,NF,Oceania,5e-05,227.0
2016,SJ,Europe,8.4e-05,193.0
2016,PW,Oceania,4.5e-05,230.0
2016,NR,Oceania,5.5e-05,223.0
2016,UM,North America,8.8e-05,190.0
2016,SB,Oceania,0.000111,177.0
2016,SX,North America,6.1e-05,216.0
2016,TM,Asia,5.2e-05,226.0
2016,VG,North America,4.5e-05,230.0
2017,CN,Asia,0.049874,4.0
2017,AD,Europe,9.5e-05,183.0
2017,ES,Europe,0.047218,5.0
2017,AF,Asia,0.000448,115.0
2017,AE,Asia,0.004996,42.0
2017,AR,South America,0.005391,39.0
2017,AU,Oceania,0.03425,7.0
2017,BE,Europe,0.015229,17.0
2017,BG,Europe,0.000768,88.0
2017,BR,South America,0.027652,9.0
2017,CA,North America,0.030212,8.0
2017,CH,Europe,0.025729,10.0
2017,CM,Africa,0.000656,94.0
2017,CY,Europe,0.002243,56.0
2017,DE,Europe,0.055512,3.0
2017,DK,Europe,0.011877,21.0
2017,DZ,Africa,0.000509,108.0
2017,EG,Africa,0.004263,44.0
2017,ET,Africa,0.001853,61.0
2017,FJ,Oceania,0.000485,112.0
2017,FR,Europe,0.035468,6.0
2017,GB,Europe,0.091895,2.0
2017,GR,Europe,0.004142,46.0
2017,HR,Europe,0.001093,75.0
2017,IE,Europe,0.010181,24.0
2017,IN,Asia,0.016777,16.0
2017,IQ,Asia,0.002314,55.0
2017,IT,Europe,0.02381,12.0
2017,JO,Asia,0.002217,57.0
2017,JP,Asia,0.019317,14.0
2017,KG,Asia,0.000253,134.0
2017,KR,Asia,0.013209,19.0
2017,KW,Asia,0.001096,74.0
2017,KZ,Asia,0.001314,69.0
2017,LB,Asia,0.001423,67.0
2017,LK,Asia,0.001885,59.0
2017,LY,Africa,0.000569,99.0
2017,MA,Africa,0.000891,85.0
2017,MY,Asia,0.007633,29.0
2017,NG,Africa,0.003478,48.0
2017,NL,Europe,0.024929,11.0
2017,NO,Europe,0.00769,28.0
2017,NZ,Oceania,0.00708,33.0
2017,OM,Asia,0.001026,78.0
2017,PH,Asia,0.001866,60.0
2017,PK,Asia,0.005275,40.0
2017,PL,Europe,0.007266,31.0
2017,PT,Europe,0.01946,13.0
2017,QA,Asia,0.002216,58.0
2017,RO,Europe,0.001657,63.0
2017,RS,Europe,0.001063,77.0
2017,SA,Asia,0.007984,27.0
2017,SD,Africa,0.000688,93.0
2017,SE,Europe,0.017608,15.0
2017,SG,Asia,0.009235,25.0
2017,SN,Africa,0.000378,117.0
2017,SY,Asia,0.000206,144.0
2017,TN,Africa,0.000644,96.0
2017,TR,Asia,0.010994,23.0
2017,TW,Asia,0.006369,37.0
2017,UA,Europe,0.001723,62.0
2017,US,North America,0.136767,1.0
2017,UZ,Asia,0.000328,122.0
2017,ZA,Africa,0.007205,32.0
2017,CO,South America,0.014419,18.0
2017,HU,Europe,0.003411,50.0
2017,IR,Asia,0.003158,52.0
2017,MW,Africa,0.000583,97.0
2017,NE,Africa,0.000124,171.0
2017,PE,South America,0.006579,36.0
2017,TH,Asia,0.003442,49.0
2017,TJ,Asia,8e-05,193.0
2017,UG,Africa,0.001477,65.0
2017,MU,Africa,0.000175,154.0
2017,AG,North America,6.9e-05,206.0
2017,AI,North America,5.5e-05,220.0
2017,AL,Europe,0.000532,103.0
2017,AT,Europe,0.011072,22.0
2017,BA,Europe,0.000298,126.0
2017,ME,Europe,0.000163,158.0
2017,MK,Europe,0.000357,120.0
2017,SI,Europe,0.00115,73.0
2017,XK,Other,0.000176,153.0
2017,AO,Africa,0.000538,101.0
2017,AM,Asia,0.00031,125.0
2017,CZ,Europe,0.00557,38.0
2017,GE,Asia,0.000489,111.0
2017,IL,Asia,0.004224,45.0
2017,RU,Europe,0.004879,43.0
2017,CU,North America,0.000952,80.0
2017,CV,Africa,0.000271,132.0
2017,ID,Asia,0.005268,41.0
2017,PY,South America,0.000887,86.0
2017,VE,South America,0.00131,70.0
2017,AQ,Other,6.3e-05,210.0
2017,BO,South America,0.000779,87.0
2017,CL,South America,0.008266,26.0
2017,CR,North America,0.001457,66.0
2017,DO,North America,0.00073,90.0
2017,EC,South America,0.006735,35.0
2017,GT,North America,0.000702,92.0
2017,MX,North America,0.012016,20.0
2017,NI,North America,0.000474,113.0
2017,PA,North America,0.000923,82.0
2017,PR,North America,0.00091,83.0
2017,UY,South America,0.000956,79.0
2017,AS,Oceania,7.2e-05,200.0
2017,BB,North America,0.000192,147.0
2017,BF,Africa,0.00053,104.0
2017,BY,Europe,0.000264,133.0
2017,FI,Europe,0.007414,30.0
2017,IS,Europe,0.001278,72.0
2017,KE,Africa,0.002475,53.0
2017,KH,Asia,0.000533,102.0
2017,LI,Europe,0.000247,136.0
2017,LU,Europe,0.002337,54.0
2017,MO,Asia,0.000762,89.0
2017,MT,Europe,0.00053,104.0
2017,NP,Asia,0.001282,71.0
2017,SK,Europe,0.001088,76.0
2017,SV,North America,0.000288,130.0
2017,VN,Asia,0.003311,51.0
2017,AZ,Asia,0.000416,116.0
2017,BD,Asia,0.003909,47.0
2017,BH,Asia,0.000368,119.0
2017,BN,Asia,0.00033,121.0
2017,BT,Asia,0.000298,126.0
2017,BW,Africa,0.000451,114.0
2017,EE,Europe,0.001316,68.0
2017,FM,Oceania,4.5e-05,230.0
2017,GH,Africa,0.00154,64.0
2017,HK,Asia,0.006786,34.0
2017,HN,North America,0.000493,110.0
2017,LA,Asia,0.000188,149.0
2017,LT,Europe,0.00095,81.0
2017,MG,Africa,0.000199,145.0
2017,MM,Asia,0.000509,108.0
2017,MN,Asia,0.000374,118.0
2017,MV,Asia,0.000169,156.0
2017,MZ,Africa,0.000514,107.0
2017,PG,Oceania,0.000132,167.0
2017,PS,Asia,0.000572,98.0
2017,SL,Africa,0.000151,161.0
2017,TL,Asia,0.000149,162.0
2017,TO,Oceania,4.5e-05,230.0
2017,TZ,Africa,0.00091,83.0
2017,VU,Oceania,7.5e-05,197.0
2017,ZM,Africa,0.000553,100.0
2017,AW,North America,6.7e-05,207.0
2017,AX,Europe,6e-05,213.0
2017,GY,South America,9.9e-05,181.0
2017,TT,North America,0.000285,131.0
2017,VC,North America,0.000118,174.0
2017,BI,Africa,0.00016,159.0
2017,BJ,Africa,0.000238,139.0
2017,CD,Africa,0.00029,128.0
2017,CI,Africa,0.000216,142.0
2017,GN,Africa,8e-05,193.0
2017,HT,North America,0.000191,148.0
2017,LV,Europe,0.000522,106.0
2017,ML,Africa,0.00024,138.0
2017,RW,Africa,0.00072,91.0
2017,SO,Africa,0.000221,141.0
2017,TD,Africa,7.2e-05,200.0
2017,TG,Africa,0.000171,155.0
2017,BM,North America,7.7e-05,195.0
2017,BV,Oceania,5.2e-05,225.0
2017,GM,Africa,0.000195,146.0
2017,GW,Africa,9.3e-05,184.0
2017,IO,Oceania,5.2e-05,225.0
2017,MC,Europe,7.1e-05,203.0
2017,ST,Africa,0.000146,164.0
2017,UM,North America,8.8e-05,187.0
2017,VA,Europe,5.9e-05,214.0
2017,BS,North America,0.000135,166.0
2017,LR,Africa,0.000246,137.0
2017,ZW,Africa,0.000653,95.0
2017,BZ,North America,0.000125,170.0
2017,FO,Europe,0.000118,174.0
2017,GD,North America,0.000325,123.0
2017,JM,North America,0.00029,128.0
2017,LS,Africa,0.000149,162.0
2017,YE,Asia,0.000208,143.0
2017,CC,Oceania,5.2e-05,225.0
2017,CF,Africa,0.000115,176.0
2017,CG,Africa,0.000187,150.0
2017,SC,Africa,0.000106,179.0
2017,GF,South America,0.000164,157.0
2017,SS,Africa,0.000228,140.0
2017,ER,Africa,7.6e-05,196.0
2017,GA,Africa,9.1e-05,186.0
2017,KP,Asia,4.5e-05,230.0
2017,CW,North America,8.6e-05,189.0
2017,KM,Africa,6.3e-05,210.0
2017,MD,Europe,0.000252,135.0
2017,PF,Oceania,0.000119,172.0
2017,SJ,Europe,0.000144,165.0
2017,TM,Asia,5.6e-05,219.0
2017,DJ,Africa,5.3e-05,223.0
2017,GL,North America,0.000187,150.0
2017,KN,North America,0.000119,172.0
2017,DM,North America,4.7e-05,229.0
2017,GQ,Africa,8.3e-05,191.0
2017,IM,Europe,8.7e-05,188.0
2017,MR,Africa,0.000107,178.0
2017,SM,Europe,8.2e-05,192.0
2017,WS,Oceania,9.9e-05,181.0
2017,FK,South America,7e-05,204.0
2017,GP,North America,0.00016,159.0
2017,MQ,North America,0.000111,177.0
2017,NC,Oceania,0.000127,169.0
2017,RE,Africa,0.000178,152.0
2017,JE,Europe,6.7e-05,207.0
2017,SZ,Africa,0.000321,124.0
2017,GI,Europe,9.3e-05,184.0
2017,GS,Other,5.5e-05,220.0
2017,GU,Oceania,6.2e-05,212.0
2017,BL,North America,4.5e-05,230.0
2017,VI,North America,0.000128,168.0
2017,KI,Oceania,5.3e-05,223.0
2017,KY,North America,0.0001,180.0
2017,VG,North America,4.5e-05,230.0
2017,LC,North America,5.7e-05,217.0
2017,SR,South America,7e-05,204.0
2017,MH,Oceania,5.9e-05,214.0
2017,MP,Oceania,7.4e-05,198.0
2017,MS,North America,7.4e-05,198.0
2017,TC,North America,6.7e-05,207.0
2017,NR,Oceania,5e-05,228.0
2017,EH,Africa,4.5e-05,230.0
2017,HM,Oceania,4.5e-05,230.0
2017,PW,Oceania,5.9e-05,214.0
2017,CX,Oceania,4.5e-05,230.0
2017,SB,Oceania,8.4e-05,190.0
2017,SX,North America,5.7e-05,217.0
2017,TK,Oceania,4.5e-05,230.0
2017,TV,Oceania,7.2e-05,200.0
2017,YT,Africa,5.4e-05,222.0
2018,CA,North America,0.030612,8.0
2018,AD,Europe,0.000169,157.0
2018,ES,Europe,0.04578,5.0
2018,FR,Europe,0.036965,6.0
2018,AT,Europe,0.011666,21.0
2018,AE,Asia,0.004587,44.0
2018,AU,Oceania,0.035035,7.0
2018,AZ,Asia,0.000408,119.0
2018,BD,Asia,0.00407,47.0
2018,BE,Europe,0.016171,17.0
2018,BG,Europe,0.00079,90.0
2018,BH,Asia,0.000476,108.0
2018,BN,Asia,0.000354,127.0
2018,BR,South America,0.02661,9.0
2018,CH,Europe,0.026469,10.0
2018,CM,Africa,0.000621,95.0
2018,CN,Asia,0.054586,4.0
2018,CO,South America,0.013203,18.0
2018,CU,North America,0.000855,88.0
2018,CY,Europe,0.002096,58.0
2018,CZ,Europe,0.006333,38.0
2018,DE,Europe,0.056236,3.0
2018,DZ,Africa,0.000434,115.0
2018,EG,Africa,0.004396,46.0
2018,FI,Europe,0.008155,28.0
2018,GB,Europe,0.088774,2.0
2018,GR,Europe,0.004418,45.0
2018,GT,North America,0.000461,111.0
2018,GY,South America,9.1e-05,189.0
2018,HK,Asia,0.007325,31.0
2018,ID,Asia,0.006664,35.0
2018,IE,Europe,0.009576,24.0
2018,IN,Asia,0.016681,16.0
2018,IQ,Asia,0.002258,56.0
2018,IR,Asia,0.002745,52.0
2018,IT,Europe,0.024191,12.0
2018,JO,Asia,0.002338,55.0
2018,JP,Asia,0.01839,14.0
2018,KR,Asia,0.012233,20.0
2018,KW,Asia,0.000968,83.0
2018,KZ,Asia,0.001423,67.0
2018,LB,Asia,0.00152,65.0
2018,LK,Asia,0.001769,61.0
2018,LV,Europe,0.000681,91.0
2018,MA,Africa,0.000632,94.0
2018,MK,Europe,0.000385,122.0
2018,MO,Asia,0.000984,82.0
2018,MY,Asia,0.007263,32.0
2018,NG,Africa,0.003117,51.0
2018,NL,Europe,0.024608,11.0
2018,NO,Europe,0.008537,26.0
2018,NZ,Oceania,0.007211,33.0
2018,OM,Asia,0.001083,76.0
2018,PH,Asia,0.001693,62.0
2018,PK,Asia,0.005457,41.0
2018,PL,Europe,0.007894,30.0
2018,PS,Asia,0.00062,96.0
2018,PT,Europe,0.017561,15.0
2018,RO,Europe,0.001469,66.0
2018,RS,Europe,0.001057,78.0
2018,RU,Europe,0.005676,40.0
2018,SA,Asia,0.008191,27.0
2018,SD,Africa,0.000549,100.0
2018,SE,Europe,0.019028,13.0
2018,SG,Asia,0.009243,25.0
2018,TC,North America,0.000122,180.0
2018,TG,Africa,0.000146,166.0
2018,TH,Asia,0.003598,49.0
2018,TN,Africa,0.000664,92.0
2018,TR,Asia,0.011653,22.0
2018,UA,Europe,0.001537,64.0
2018,UG,Africa,0.001292,70.0
2018,US,North America,0.129817,1.0
2018,VE,South America,0.00135,69.0
2018,ZA,Africa,0.006397,37.0
2018,AF,Asia,0.000466,110.0
2018,IS,Europe,0.001082,77.0
2018,DM,North America,7.8e-05,199.0
2018,AG,North America,0.000142,171.0
2018,AI,North America,6e-05,215.0
2018,AM,Asia,0.000398,120.0
2018,AL,Europe,0.000488,106.0
2018,DK,Europe,0.012353,19.0
2018,GH,Africa,0.002033,59.0
2018,HR,Europe,0.001276,71.0
2018,HU,Europe,0.003426,50.0
2018,SI,Europe,0.001105,74.0
2018,XK,Other,0.000144,169.0
2018,AR,South America,0.004877,43.0
2018,CL,South America,0.008076,29.0
2018,EE,Europe,0.00199,60.0
2018,KG,Asia,0.000241,136.0
2018,UZ,Asia,0.000474,109.0
2018,AQ,Other,5.6e-05,223.0
2018,AO,Africa,0.000534,102.0
2018,CD,Africa,0.000449,114.0
2018,CW,North America,0.000138,176.0
2018,PY,South America,0.00092,85.0
2018,BO,South America,0.000564,98.0
2018,CR,North America,0.001408,68.0
2018,DO,North America,0.001091,75.0
2018,EC,South America,0.006831,34.0
2018,HN,North America,0.000461,111.0
2018,IL,Asia,0.004905,42.0
2018,MX,North America,0.010919,23.0
2018,NI,North America,0.000413,118.0
2018,PA,North America,0.001001,81.0
2018,PE,South America,0.005935,39.0
2018,SV,North America,0.00038,124.0
2018,TT,North America,0.000219,140.0
2018,UY,South America,0.000908,86.0
2018,AS,Oceania,6e-05,215.0
2018,BA,Europe,0.000323,130.0
2018,KE,Africa,0.00255,53.0
2018,LR,Africa,0.000226,139.0
2018,LT,Europe,0.001159,73.0
2018,LU,Europe,0.002448,54.0
2018,MD,Europe,0.000191,148.0
2018,MN,Asia,0.000386,121.0
2018,MZ,Africa,0.000601,97.0
2018,NP,Asia,0.00126,72.0
2018,QA,Asia,0.002109,57.0
2018,SK,Europe,0.001049,79.0
2018,SN,Africa,0.000371,125.0
2018,TW,Asia,0.006409,36.0
2018,TZ,Africa,0.000952,84.0
2018,VN,Asia,0.003744,48.0
2018,BT,Asia,0.000194,145.0
2018,CX,Oceania,5.1e-05,234.0
2018,ET,Africa,0.001632,63.0
2018,FJ,Oceania,0.00056,99.0
2018,FK,South America,0.000149,165.0
2018,JM,North America,0.000172,154.0
2018,KH,Asia,0.00049,104.0
2018,LC,North America,7e-05,208.0
2018,LY,Africa,0.000459,113.0
2018,MG,Africa,0.000172,154.0
2018,MM,Asia,0.000361,126.0
2018,MU,Africa,0.000194,145.0
2018,MV,Asia,0.000172,154.0
2018,MW,Africa,0.000642,93.0
2018,PG,Oceania,0.000275,134.0
2018,PR,North America,0.001017,80.0
2018,RW,Africa,0.00086,87.0
2018,SB,Oceania,0.000162,159.0
2018,SO,Africa,0.000336,128.0
2018,TL,Asia,0.000182,151.0
2018,VI,North America,9.3e-05,188.0
2018,WS,Oceania,0.000105,183.0
2018,ZM,Africa,0.000542,101.0
2018,AW,North America,0.000151,164.0
2018,AX,Europe,5.3e-05,231.0
2018,GE,Asia,0.000489,105.0
2018,ZW,Africa,0.000806,89.0
2018,BB,North America,0.000198,142.0
2018,GM,Africa,0.000177,153.0
2018,SL,Africa,0.000196,144.0
2018,BF,Africa,0.000421,117.0
2018,BI,Africa,0.000137,177.0
2018,BJ,Africa,0.000382,123.0
2018,BW,Africa,0.000433,116.0
2018,BY,Europe,0.000293,132.0
2018,ME,Europe,0.000132,178.0
2018,MT,Europe,0.000483,107.0
2018,SY,Asia,0.000232,137.0
2018,CI,Africa,0.000511,103.0
2018,GN,Africa,0.000168,158.0
2018,LA,Asia,0.000192,147.0
2018,ML,Africa,0.000232,137.0
2018,MR,Africa,7.6e-05,201.0
2018,RE,Africa,0.000214,141.0
2018,TD,Africa,0.000141,172.0
2018,BM,North America,5.5e-05,228.0
2018,BQ,North America,6.3e-05,213.0
2018,BS,North America,0.000146,166.0
2018,BV,Oceania,5.7e-05,222.0
2018,BZ,North America,9.1e-05,189.0
2018,CV,Africa,0.000298,131.0
2018,FM,Oceania,7.2e-05,206.0
2018,GW,Africa,9.8e-05,186.0
2018,HT,North America,0.00016,162.0
2018,MC,Europe,0.000118,181.0
2018,VA,Europe,0.000103,184.0
2018,SZ,Africa,0.000245,135.0
2018,CG,Africa,0.000188,149.0
2018,GF,South America,8.4e-05,194.0
2018,SS,Africa,0.000182,151.0
2018,VC,North America,7.1e-05,207.0
2018,CF,Africa,6.5e-05,210.0
2018,GA,Africa,0.000185,150.0
2018,LI,Europe,0.000106,182.0
2018,NE,Africa,0.000162,159.0
2018,YE,Asia,0.000334,129.0
2018,ER,Africa,7.5e-05,203.0
2018,NC,Oceania,0.000197,143.0
2018,ST,Africa,5.6e-05,223.0
2018,UM,North America,7.5e-05,203.0
2018,GD,North America,0.000289,133.0
2018,SR,South America,8e-05,198.0
2018,GP,North America,7.4e-05,205.0
2018,SJ,Europe,0.000102,185.0
2018,FO,Europe,0.000152,163.0
2018,GL,North America,0.000162,159.0
2018,KN,North America,0.000144,169.0
2018,GQ,Africa,6e-05,215.0
2018,TV,Oceania,5.4e-05,229.0
2018,VU,Oceania,0.000139,173.0
2018,SC,Africa,7.7e-05,200.0
2018,KM,Africa,6.6e-05,209.0
2018,PF,Oceania,0.000139,173.0
2018,SM,Europe,8.1e-05,196.0
2018,YT,Africa,5.4e-05,229.0
2018,IM,Europe,5.9e-05,219.0
2018,GG,Europe,5.6e-05,223.0
2018,GI,Europe,8.6e-05,193.0
2018,GU,Oceania,8.8e-05,191.0
2018,LS,Africa,0.000139,173.0
2018,IO,Oceania,5.1e-05,234.0
2018,JE,Europe,5.8e-05,221.0
2018,TF,Oceania,4.5e-05,236.0
2018,MH,Oceania,7.6e-05,201.0
2018,KP,Asia,5.9e-05,219.0
2018,TM,Asia,6e-05,215.0
2018,KY,North America,0.000127,179.0
2018,MF,North America,5.3e-05,231.0
2018,MP,Oceania,6.5e-05,210.0
2018,MQ,North America,9.7e-05,187.0
2018,MS,North America,6.5e-05,210.0
2018,NF,Oceania,5.6e-05,223.0
2018,NR,Oceania,4.5e-05,236.0
2018,PM,North America,6.1e-05,214.0
2018,PN,Oceania,5.3e-05,231.0
2018,TJ,Asia,0.000145,168.0
2018,SH,Africa,8.4e-05,194.0
2018,SX,North America,8.1e-05,196.0
2018,TO,Oceania,8.7e-05,192.0
2018,DJ,Africa,4.5e-05,236.0
2018,VG,North America,5.6e-05,223.0
2018,GS,Other,4.5e-05,236.0
2019,ES,Europe,0.045881,5.0
2019,AD,Europe,0.000117,177.0
2019,PE,South America,0.006841,33.0
2019,PT,Europe,0.018575,14.0
2019,AF,Asia,0.000491,105.0
2019,AE,Asia,0.005592,40.0
2019,AL,Europe,0.000355,122.0
2019,AT,Europe,0.012219,20.0
2019,AU,Oceania,0.030934,7.0
2019,AZ,Asia,0.000384,117.0
2019,BA,Europe,0.000472,108.0
2019,BD,Asia,0.004364,47.0
2019,BE,Europe,0.017504,16.0
2019,BH,Asia,0.00043,112.0
2019,BR,South America,0.024235,12.0
2019,CA,North America,0.030165,8.0
2019,CH,Europe,0.028151,9.0
2019,CM,Africa,0.000605,96.0
2019,CN,Asia,0.055367,4.0
2019,CO,South America,0.011698,22.0
2019,CU,North America,0.00085,86.0
2019,CY,Europe,0.002518,56.0
2019,DE,Europe,0.057554,3.0
2019,DK,Europe,0.012633,19.0
2019,DZ,Africa,0.000395,116.0
2019,EC,South America,0.006151,38.0
2019,EG,Africa,0.004412,45.0
2019,ET,Africa,0.001858,61.0
2019,FI,Europe,0.00877,26.0
2019,FR,Europe,0.035166,6.0
2019,GB,Europe,0.08689,2.0
2019,GR,Europe,0.004552,44.0
2019,HK,Asia,0.007797,28.0
2019,IE,Europe,0.009506,25.0
2019,IN,Asia,0.017115,17.0
2019,IQ,Asia,0.002776,54.0
2019,IR,Asia,0.002853,53.0
2019,IS,Europe,0.000968,80.0
2019,IT,Europe,0.027541,10.0
2019,JO,Asia,0.002396,57.0
2019,JP,Asia,0.018914,13.0
2019,KE,Africa,0.002639,55.0
2019,KR,Asia,0.012936,18.0
2019,KW,Asia,0.000936,81.0
2019,KY,North America,9.4e-05,188.0
2019,KZ,Asia,0.001674,64.0
2019,LB,Asia,0.001593,67.0
2019,LK,Asia,0.001891,60.0
2019,MA,Africa,0.001012,78.0
2019,MX,North America,0.010203,23.0
2019,MY,Asia,0.007263,32.0
2019,NG,Africa,0.00358,50.0
2019,NL,Europe,0.026001,11.0
2019,NO,Europe,0.008737,27.0
2019,NZ,Oceania,0.006199,37.0
2019,OM,Asia,0.001047,77.0
2019,PK,Asia,0.005125,41.0
2019,PL,Europe,0.007702,29.0
2019,QA,Asia,0.00201,58.0
2019,RE,Africa,0.000157,154.0
2019,RS,Europe,0.001058,76.0
2019,RU,Europe,0.004831,42.0
2019,SA,Asia,0.00763,30.0
2019,SD,Africa,0.000493,104.0
2019,SE,Europe,0.018038,15.0
2019,SG,Asia,0.009509,24.0
2019,SY,Asia,0.000269,127.0
2019,TN,Africa,0.000512,101.0
2019,TR,Asia,0.012144,21.0
2019,TW,Asia,0.006271,36.0
2019,UA,Europe,0.001639,65.0
2019,US,North America,0.130236,1.0
2019,VE,South America,0.000778,89.0
2019,YE,Asia,0.000291,126.0
2019,ZA,Africa,0.005684,39.0
2019,AI,North America,6.2e-05,215.0
2019,AM,Asia,0.0003,125.0
2019,TJ,Asia,0.000117,177.0
2019,UG,Africa,0.001236,71.0
2019,BB,North America,0.000145,160.0
2019,AG,North America,5.9e-05,220.0
2019,AO,Africa,0.000574,98.0
2019,KG,Asia,0.000265,128.0
2019,MK,Europe,0.000366,121.0
2019,MT,Europe,0.000519,100.0
2019,XK,Other,0.000219,138.0
2019,LU,Europe,0.00295,52.0
2019,LV,Europe,0.000554,99.0
2019,RO,Europe,0.001724,63.0
2019,CD,Africa,0.000382,118.0
2019,CL,South America,0.007445,31.0
2019,CZ,Europe,0.006599,34.0
2019,PR,North America,0.000935,82.0
2019,AQ,Other,5.4e-05,230.0
2019,AR,South America,0.004639,43.0
2019,BO,South America,0.000692,93.0
2019,CR,North America,0.001159,74.0
2019,DO,North America,0.000825,88.0
2019,GT,North America,0.00041,115.0
2019,NI,North America,0.000345,123.0
2019,PA,North America,0.001105,75.0
2019,PY,South America,0.000838,87.0
2019,SV,North America,0.000247,131.0
2019,UY,South America,0.000927,83.0
2019,AS,Oceania,7.1e-05,207.0
2019,BF,Africa,0.000415,113.0
2019,BG,Europe,0.000704,91.0
2019,BT,Asia,0.000205,143.0
2019,BY,Europe,0.000235,135.0
2019,EE,Europe,0.001929,59.0
2019,GE,Asia,0.000714,90.0
2019,GH,Africa,0.001766,62.0
2019,HR,Europe,0.000975,79.0
2019,HU,Europe,0.003321,51.0
2019,ID,Asia,0.006469,35.0
2019,IL,Asia,0.004393,46.0
2019,LI,Europe,0.000196,144.0
2019,LT,Europe,0.001211,72.0
2019,MD,Europe,0.000243,133.0
2019,PH,Asia,0.001591,68.0
2019,PS,Asia,0.000483,106.0
2019,SI,Europe,0.001606,66.0
2019,SK,Europe,0.001368,70.0
2019,TH,Asia,0.003865,49.0
2019,UZ,Asia,0.000649,95.0
2019,VN,Asia,0.003995,48.0
2019,ZM,Africa,0.000589,97.0
2019,ZW,Africa,0.000704,91.0
2019,BN,Asia,0.000188,148.0
2019,BW,Africa,0.000455,110.0
2019,FJ,Oceania,0.000411,114.0
2019,GG,Europe,4.4e-05,239.0
2019,KH,Asia,0.000495,103.0
2019,KN,North America,0.000153,155.0
2019,LY,Africa,0.000467,109.0
2019,MG,Africa,0.000134,167.0
2019,MM,Asia,0.000498,102.0
2019,MN,Asia,0.000372,119.0
2019,MO,Asia,0.001209,73.0
2019,MU,Africa,0.000149,158.0
2019,MW,Africa,0.000477,107.0
2019,NP,Asia,0.001376,69.0
2019,PF,Oceania,9.9e-05,186.0
2019,PG,Oceania,0.00012,176.0
2019,SB,Oceania,6.6e-05,212.0
2019,SC,Africa,0.00011,182.0
2019,SZ,Africa,0.000179,150.0
2019,TZ,Africa,0.000874,85.0
2019,WS,Oceania,7.7e-05,202.0
2019,AW,North America,6.8e-05,208.0
2019,AX,Europe,6.4e-05,214.0
2019,ME,Europe,0.000238,134.0
2019,BS,North America,0.000148,159.0
2019,JM,North America,0.000178,151.0
2019,SL,Africa,0.000186,149.0
2019,SO,Africa,0.000216,139.0
2019,SS,Africa,0.000176,153.0
2019,BI,Africa,0.000143,162.0
2019,BJ,Africa,0.000252,130.0
2019,CI,Africa,0.000329,124.0
2019,ER,Africa,0.000105,184.0
2019,GN,Africa,0.000134,167.0
2019,HT,North America,0.000124,172.0
2019,ML,Africa,0.000228,136.0
2019,RW,Africa,0.000905,84.0
2019,SN,Africa,0.000452,111.0
2019,SR,South America,7.9e-05,201.0
2019,TD,Africa,6.7e-05,210.0
2019,NE,Africa,0.000142,163.0
2019,TG,Africa,0.000214,140.0
2019,CG,Africa,0.000134,167.0
2019,MZ,Africa,0.000651,94.0
2019,BL,North America,5e-05,236.0
2019,BM,North America,7.5e-05,203.0
2019,BQ,North America,5.3e-05,232.0
2019,CV,Africa,0.000247,131.0
2019,GD,North America,0.000223,137.0
2019,GM,Africa,0.00026,129.0
2019,GW,Africa,0.000192,147.0
2019,HN,North America,0.000367,120.0
2019,IO,Oceania,5.5e-05,226.0
2019,TL,Asia,0.000194,146.0
2019,VA,Europe,0.000105,184.0
2019,BV,Oceania,5.5e-05,226.0
2019,LS,Africa,0.000141,164.0
2019,BZ,North America,9.1e-05,192.0
2019,GF,South America,0.000121,174.0
2019,GL,North America,0.000214,140.0
2019,TT,North America,0.000212,142.0
2019,VC,North America,9.3e-05,189.0
2019,CC,Oceania,5e-05,236.0
2019,CF,Africa,0.000111,181.0
2019,LR,Africa,0.000151,156.0
2019,MC,Europe,0.000116,179.0
2019,MQ,North America,8.2e-05,199.0
2019,VG,North America,7.5e-05,203.0
2019,GP,North America,0.000122,173.0
2019,CK,Oceania,5.7e-05,222.0
2019,GY,South America,0.000121,174.0
2019,GQ,Africa,5.7e-05,222.0
2019,KP,Asia,6.1e-05,217.0
2019,LA,Asia,0.000145,160.0
2019,MV,Asia,0.000177,152.0
2019,CW,North America,8.8e-05,193.0
2019,KM,Africa,8.4e-05,196.0
2019,DM,North America,8.5e-05,195.0
2019,FK,South America,8.3e-05,197.0
2019,SJ,Europe,0.000195,145.0
2019,VU,Oceania,9.2e-05,191.0
2019,DJ,Africa,5.3e-05,232.0
2019,FO,Europe,0.00015,157.0
2019,EH,Africa,5e-05,236.0
2019,NC,Oceania,0.000141,164.0
2019,PW,Oceania,7.2e-05,205.0
2019,TV,Oceania,4.4e-05,239.0
2019,FM,Oceania,6.7e-05,210.0
2019,GA,Africa,0.000106,183.0
2019,GI,Europe,6e-05,219.0
2019,JE,Europe,6.2e-05,215.0
2019,LC,North America,7.2e-05,205.0
2019,MS,North America,5.7e-05,222.0
2019,SH,Africa,4.4e-05,239.0
2019,SM,Europe,9.7e-05,187.0
2019,GS,Other,6.1e-05,217.0
2019,GU,Oceania,0.000126,171.0
2019,IM,Europe,9.3e-05,189.0
2019,PN,Oceania,5.3e-05,232.0
2019,KI,Oceania,5.7e-05,222.0
2019,MR,Africa,0.000131,170.0
2019,MH,Oceania,5.5e-05,226.0
2019,MP,Oceania,8e-05,200.0
2019,TM,Asia,8.3e-05,197.0
2019,NF,Oceania,5.2e-05,235.0
2019,TC,North America,6.8e-05,208.0
2019,SX,North America,5.4e-05,230.0
2019,HM,Oceania,4.4e-05,239.0
2019,ST,Africa,0.000137,166.0
2019,TK,Oceania,5.8e-05,221.0
2019,TO,Oceania,5.5e-05,226.0
2019,UM,North America,6.5e-05,213.0
2019,VI,North America,0.000115,180.0
2019,YT,Africa,8.7e-05,194.0
2020,AF,Asia,0.000486,110.0
2020,AD,Europe,0.000138,168.0
2020,AL,Europe,0.000452,114.0
2020,EC,South America,0.005629,39.0
2020,ES,Europe,0.048667,5.0
2020,FR,Europe,0.037917,6.0
2020,AE,Asia,0.004933,44.0
2020,AT,Europe,0.015729,18.0
2020,AU,Oceania,0.025109,11.0
2020,BH,Asia,0.000511,107.0
2020,BR,South America,0.019779,12.0
2020,BY,Europe,0.000349,125.0
2020,CA,North America,0.025487,10.0
2020,CH,Europe,0.03306,7.0
2020,CL,South America,0.006804,34.0
2020,CM,Africa,0.001069,78.0
2020,CN,Asia,0.057129,4.0
2020,CO,South America,0.012162,21.0
2020,CU,North America,0.000565,104.0
2020,CY,Europe,0.002906,53.0
2020,CZ,Europe,0.007273,31.0
2020,DE,Europe,0.0651,3.0
2020,DK,Europe,0.014267,19.0
2020,DZ,Africa,0.000486,110.0
2020,EG,Africa,0.004738,45.0
2020,ER,Africa,8e-05,192.0
2020,ET,Africa,0.001991,61.0
2020,FI,Europe,0.008882,27.0
2020,GB,Europe,0.083859,2.0
2020,GE,Asia,0.000649,98.0
2020,GR,Europe,0.005524,40.0
2020,HK,Asia,0.008707,28.0
2020,HU,Europe,0.004213,49.0
2020,IE,Europe,0.009104,26.0
2020,IN,Asia,0.017254,16.0
2020,IR,Asia,0.002273,55.0
2020,IT,Europe,0.028979,9.0
2020,JO,Asia,0.001997,60.0
2020,JP,Asia,0.018136,15.0
2020,KR,Asia,0.013924,20.0
2020,KW,Asia,0.000654,97.0
2020,KZ,Asia,0.001507,69.0
2020,LB,Asia,0.000928,84.0
2020,LK,Asia,0.001791,65.0
2020,LS,Africa,0.00013,172.0
2020,MA,Africa,0.001072,77.0
2020,MX,North America,0.011223,23.0
2020,MY,Asia,0.007582,30.0
2020,NG,Africa,0.003538,51.0
2020,NL,Europe,0.029485,8.0
2020,NO,Europe,0.009909,24.0
2020,NP,Asia,0.001254,72.0
2020,NZ,Oceania,0.005095,42.0
2020,OM,Asia,0.000643,99.0
2020,PE,South America,0.006548,35.0
2020,PH,Asia,0.002148,58.0
2020,PK,Asia,0.006487,36.0
2020,PR,North America,0.000621,100.0
2020,PS,Asia,0.000576,103.0
2020,PT,Europe,0.016379,17.0
2020,QA,Asia,0.001881,63.0
2020,RO,Europe,0.002059,59.0
2020,RS,Europe,0.001147,74.0
2020,RU,Europe,0.005957,37.0
2020,SA,Asia,0.005921,38.0
2020,SD,Africa,0.000556,105.0
2020,SE,Europe,0.019106,14.0
2020,SG,Asia,0.007766,29.0
2020,SS,Africa,0.000325,128.0
2020,SY,Asia,0.00024,140.0
2020,TN,Africa,0.000839,89.0
2020,TR,Asia,0.012006,22.0
2020,US,North America,0.107742,1.0
2020,ZA,Africa,0.005098,41.0
2020,ZW,Africa,0.000493,109.0
2020,BD,Asia,0.004347,46.0
2020,BL,North America,5.4e-05,218.0
2020,GH,Africa,0.00262,54.0
2020,TH,Asia,0.004137,50.0
2020,AG,North America,7.4e-05,200.0
2020,JM,North America,0.00016,160.0
2020,AI,North America,4.8e-05,230.0
2020,MK,Europe,0.000385,121.0
2020,MT,Europe,0.000758,92.0
2020,SI,Europe,0.001583,66.0
2020,XK,Other,0.000282,135.0
2020,AM,Asia,0.000395,120.0
2020,PL,Europe,0.009802,25.0
2020,AO,Africa,0.000722,93.0
2020,ID,Asia,0.007034,32.0
2020,MZ,Africa,0.000586,102.0
2020,ST,Africa,0.000128,173.0
2020,AR,South America,0.005079,43.0
2020,AQ,Other,7.7e-05,196.0
2020,BE,Europe,0.019731,13.0
2020,BO,South America,0.000797,91.0
2020,CR,North America,0.001223,73.0
2020,DO,North America,0.000979,81.0
2020,GT,North America,0.000665,96.0
2020,HN,North America,0.000291,132.0
2020,IL,Asia,0.004304,47.0
2020,NI,North America,0.000466,112.0
2020,PA,North America,0.00127,71.0
2020,PY,South America,0.00083,90.0
2020,SV,North America,0.000376,123.0
2020,TW,Asia,0.006956,33.0
2020,UY,South America,0.000842,88.0
2020,VE,South America,0.000958,83.0
2020,AS,Oceania,5e-05,225.0
2020,BA,Europe,0.000344,126.0
2020,BG,Europe,0.000962,82.0
2020,HR,Europe,0.001143,75.0
2020,LI,Europe,0.000161,159.0
2020,LU,Europe,0.003458,52.0
2020,LV,Europe,0.00085,87.0
2020,MD,Europe,0.000286,134.0
2020,SK,Europe,0.001555,67.0
2020,UA,Europe,0.001815,64.0
2020,UG,Africa,0.00109,76.0
2020,UZ,Asia,0.000903,85.0
2020,VN,Asia,0.004304,47.0
2020,ZM,Africa,0.000689,94.0
2020,BN,Asia,0.000244,139.0
2020,BS,North America,0.000104,182.0
2020,BT,Asia,0.000192,144.0
2020,BW,Africa,0.000312,129.0
2020,CD,Africa,0.000459,113.0
2020,EE,Europe,0.0022,56.0
2020,EH,Africa,4.3e-05,232.0
2020,FJ,Oceania,0.000326,127.0
2020,FM,Oceania,5.2e-05,224.0
2020,IS,Europe,0.001004,79.0
2020,KE,Africa,0.001897,62.0
2020,KH,Asia,0.000683,95.0
2020,LA,Asia,0.000163,156.0
2020,MM,Asia,0.000426,116.0
2020,MN,Asia,0.000431,115.0
2020,MO,Asia,0.00153,68.0
2020,MU,Africa,0.000145,167.0
2020,NC,Oceania,0.00019,145.0
2020,NR,Oceania,4.3e-05,232.0
2020,PF,Oceania,0.000163,156.0
2020,PG,Oceania,0.000135,169.0
2020,SB,Oceania,6.5e-05,206.0
2020,TD,Africa,0.000114,178.0
2020,TL,Asia,9.3e-05,187.0
2020,TZ,Africa,0.001001,80.0
2020,AW,North America,7.1e-05,202.0
2020,IQ,Asia,0.002186,57.0
2020,AX,Europe,5.9e-05,211.0
2020,AZ,Asia,0.00054,106.0
2020,ML,Africa,0.000272,137.0
2020,BB,North America,0.000179,149.0
2020,TT,North America,0.000153,162.0
2020,VC,North America,7.7e-05,196.0
2020,MV,Asia,0.000171,153.0
2020,SO,Africa,0.000382,122.0
2020,BF,Africa,0.000396,119.0
2020,BI,Africa,0.000159,161.0
2020,GN,Africa,0.000131,170.0
2020,LT,Europe,0.00144,70.0
2020,MC,Europe,0.000108,181.0
2020,MG,Africa,0.000162,158.0
2020,MQ,North America,7.9e-05,193.0
2020,RE,Africa,0.000276,136.0
2020,RW,Africa,0.000863,86.0
2020,SL,Africa,0.000237,141.0
2020,WS,Oceania,6.8e-05,204.0
2020,YE,Asia,0.000367,124.0
2020,BJ,Africa,0.000289,133.0
2020,CI,Africa,0.000424,117.0
2020,MR,Africa,0.000113,179.0
2020,NE,Africa,0.000232,142.0
2020,TG,Africa,0.000151,165.0
2020,TJ,Asia,0.000152,164.0
2020,SN,Africa,0.000595,101.0
2020,BM,North America,7.9e-05,193.0
2020,BQ,North America,6.4e-05,208.0
2020,BV,Oceania,4.3e-05,232.0
2020,CG,Africa,0.000175,151.0
2020,GW,Africa,0.0001,183.0
2020,HT,North America,0.000153,162.0
2020,MW,Africa,0.000511,107.0
2020,SR,South America,4.3e-05,232.0
2020,VG,North America,4.9e-05,228.0
2020,TC,North America,8.9e-05,188.0
2020,JE,Europe,6.4e-05,208.0
2020,LR,Africa,0.00018,148.0
2020,BZ,North America,0.000122,175.0
2020,CW,North America,9.9e-05,184.0
2020,GD,North America,0.000176,150.0
2020,GM,Africa,0.0002,143.0
2020,KG,Asia,0.000415,118.0
2020,LY,Africa,0.00031,130.0
2020,SZ,Africa,0.000293,131.0
2020,GA,Africa,0.000122,175.0
2020,CF,Africa,9.7e-05,185.0
2020,CV,Africa,0.000262,138.0
2020,KP,Asia,5.4e-05,218.0
2020,GI,Europe,0.000147,166.0
2020,KM,Africa,5.8e-05,212.0
2020,IO,Oceania,4.9e-05,228.0
2020,CX,Oceania,6.6e-05,205.0
2020,SJ,Europe,0.000167,155.0
2020,SM,Europe,5.4e-05,218.0
2020,DJ,Africa,7.3e-05,201.0
2020,DM,North America,5e-05,225.0
2020,FO,Europe,7e-05,203.0
2020,LC,North America,5.3e-05,221.0
2020,GQ,Africa,7.6e-05,199.0
2020,GU,Oceania,8.6e-05,189.0
2020,FK,South America,6.5e-05,206.0
2020,GF,South America,0.000175,151.0
2020,GP,North America,0.000131,170.0
2020,UM,North America,8.4e-05,191.0
2020,YT,Africa,7.7e-05,196.0
2020,GL,North America,0.000185,147.0
2020,GY,South America,0.00019,145.0
2020,KY,North America,4.8e-05,230.0
2020,ME,Europe,0.000128,173.0
2020,GG,Europe,5.8e-05,212.0
2020,MP,Oceania,4.3e-05,232.0
2020,TM,Asia,4.3e-05,232.0
2020,IM,Europe,6.4e-05,208.0
2020,SC,Africa,0.000111,180.0
2020,VA,Europe,0.000171,153.0
2020,KI,Oceania,7.8e-05,195.0
2020,KN,North America,9.5e-05,186.0
2020,MH,Oceania,5e-05,225.0
2020,NF,Oceania,5.3e-05,221.0
2020,SX,North America,0.000116,177.0
2020,CK,Oceania,4.3e-05,232.0
2020,TO,Oceania,5.6e-05,216.0
2020,VU,Oceania,8.5e-05,190.0
2020,PN,Oceania,5.7e-05,214.0
2020,SH,Africa,5.7e-05,214.0
2020,TV,Oceania,5.5e-05,217.0
2020,VI,North America,5.3e-05,221.0
2020,GS,Other,4.3e-05,232.0
2021,EC,South America,0.005937,38.0
2021,AD,Europe,0.000297,129.0
2021,ES,Europe,0.047552,5.0
2021,FR,Europe,0.035454,6.0
2021,IR,Asia,0.001868,61.0
2021,US,North America,0.127284,1.0
2021,VE,South America,0.001104,74.0
2021,AT,Europe,0.014765,18.0
2021,AE,Asia,0.005143,39.0
2021,AU,Oceania,0.017747,15.0
2021,AZ,Asia,0.000469,113.0
2021,BB,North America,0.000143,165.0
2021,BD,Asia,0.004057,46.0
2021,BE,Europe,0.020045,11.0
2021,BH,Asia,0.000572,103.0
2021,BN,Asia,0.00025,135.0
2021,BR,South America,0.018509,13.0
2021,CA,North America,0.031614,7.0
2021,CH,Europe,0.031105,8.0
2021,CL,South America,0.006785,34.0
2021,CN,Asia,0.062633,4.0
2021,CY,Europe,0.002274,56.0
2021,CZ,Europe,0.006177,37.0
2021,DE,Europe,0.064313,3.0
2021,DK,Europe,0.013633,20.0
2021,DZ,Africa,0.000515,109.0
2021,EE,Europe,0.002172,57.0
2021,EG,Africa,0.004473,44.0
2021,ER,Africa,0.000116,180.0
2021,ET,Africa,0.001328,67.0
2021,FI,Europe,0.009913,26.0
2021,GB,Europe,0.080638,2.0
2021,GH,Africa,0.002566,53.0
2021,GR,Europe,0.004814,40.0
2021,HK,Asia,0.010128,25.0
2021,ID,Asia,0.006911,33.0
2021,IE,Europe,0.010629,22.0
2021,IL,Asia,0.004502,43.0
2021,IN,Asia,0.0188,12.0
2021,IQ,Asia,0.002129,58.0
2021,IT,Europe,0.030406,9.0
2021,JO,Asia,0.002105,59.0
2021,JP,Asia,0.015604,17.0
2021,KE,Africa,0.002296,55.0
2021,KR,Asia,0.013987,19.0
2021,KW,Asia,0.00095,81.0
2021,LB,Asia,0.000799,87.0
2021,LK,Asia,0.001983,60.0
2021,LU,Europe,0.003753,48.0
2021,LV,Europe,0.000774,89.0
2021,MA,Africa,0.00108,76.0
2021,MN,Asia,0.000455,115.0
2021,MT,Europe,0.000718,93.0
2021,MX,North America,0.010547,23.0
2021,MY,Asia,0.007752,31.0
2021,NG,Africa,0.00347,49.0
2021,NL,Europe,0.028546,10.0
2021,NO,Europe,0.010224,24.0
2021,NP,Asia,0.000988,79.0
2021,NZ,Oceania,0.003122,52.0
2021,OM,Asia,0.001238,70.0
2021,PH,Asia,0.002366,54.0
2021,PK,Asia,0.007766,30.0
2021,PL,Europe,0.008296,29.0
2021,PT,Europe,0.015703,16.0
2021,QA,Asia,0.001801,62.0
2021,RS,Europe,0.000977,80.0
2021,RU,Europe,0.004461,45.0
2021,SA,Asia,0.006976,32.0
2021,SD,Africa,0.000546,106.0
2021,SE,Europe,0.018181,14.0
2021,SG,Asia,0.009548,27.0
2021,SY,Asia,0.000186,148.0
2021,TC,North America,9.4e-05,188.0
2021,TH,Asia,0.003976,47.0
2021,TN,Africa,0.00065,98.0
2021,TR,Asia,0.009489,28.0
2021,TW,Asia,0.006274,36.0
2021,UA,Europe,0.001582,64.0
2021,UZ,Asia,0.000928,82.0
2021,ZA,Africa,0.004762,41.0
2021,ZW,Africa,0.000673,97.0
2021,AF,Asia,0.000338,125.0
2021,KZ,Asia,0.001424,66.0
2021,LA,Asia,0.000173,152.0
2021,AW,North America,7.9e-05,201.0
2021,AG,North America,8.3e-05,196.0
2021,AL,Europe,0.000516,108.0
2021,BG,Europe,0.000724,92.0
2021,HR,Europe,0.001032,77.0
2021,HU,Europe,0.003352,50.0
2021,MK,Europe,0.000313,126.0
2021,SI,Europe,0.001319,68.0
2021,XK,Other,0.000302,128.0
2021,AM,Asia,0.000511,110.0
2021,CO,South America,0.010871,21.0
2021,GE,Asia,0.000486,112.0
2021,AO,Africa,0.00068,96.0
2021,AX,Europe,5.1e-05,225.0
2021,CU,North America,0.000749,91.0
2021,CV,Africa,0.000156,159.0
2021,MD,Europe,0.000211,139.0
2021,MZ,Africa,0.000607,101.0
2021,PE,South America,0.006322,35.0
2021,SZ,Africa,0.000149,162.0
2021,AQ,Other,7.9e-05,201.0
2021,AR,South America,0.004729,42.0
2021,BO,South America,0.000692,95.0
2021,CR,North America,0.001007,78.0
2021,DO,North America,0.000845,86.0
2021,GT,North America,0.000579,102.0
2021,HN,North America,0.000504,111.0
2021,NI,North America,0.000427,119.0
2021,PA,North America,0.001168,73.0
2021,PR,North America,0.000888,84.0
2021,PY,South America,0.000617,99.0
2021,SV,North America,0.000357,123.0
2021,UY,South America,0.000797,88.0
2021,AS,Oceania,8.1e-05,198.0
2021,BA,Europe,0.000347,124.0
2021,BF,Africa,0.000415,120.0
2021,BY,Europe,0.000291,131.0
2021,KG,Asia,0.000217,138.0
2021,LI,Europe,0.000202,140.0
2021,ME,Europe,0.000143,165.0
2021,MM,Asia,0.000263,134.0
2021,RO,Europe,0.001701,63.0
2021,RW,Africa,0.00085,85.0
2021,SJ,Europe,0.00016,155.0
2021,SK,Europe,0.001467,65.0
2021,UG,Africa,0.001254,69.0
2021,VN,Asia,0.003305,51.0
2021,BT,Asia,0.000149,162.0
2021,FJ,Oceania,0.000385,122.0
2021,IS,Europe,0.001179,72.0
2021,KH,Asia,0.000459,114.0
2021,LR,Africa,0.000196,143.0
2021,ML,Africa,0.000198,142.0
2021,MO,Asia,0.001208,71.0
2021,MV,Asia,0.000194,145.0
2021,PG,Oceania,0.000138,169.0
2021,PW,Oceania,5e-05,226.0
2021,SC,Africa,9.3e-05,190.0
2021,TJ,Asia,0.000115,182.0
2021,TZ,Africa,0.000917,83.0
2021,VU,Oceania,5.6e-05,211.0
2021,MW,Africa,0.000548,105.0
2021,MG,Africa,0.00018,150.0
2021,JM,North America,0.000158,156.0
2021,LT,Europe,0.001103,75.0
2021,SO,Africa,0.00031,127.0
2021,BJ,Africa,0.00044,117.0
2021,CD,Africa,0.000526,107.0
2021,CG,Africa,0.000193,146.0
2021,CM,Africa,0.00075,90.0
2021,GM,Africa,0.000294,130.0
2021,GN,Africa,0.000127,173.0
2021,GP,North America,0.000128,171.0
2021,HT,North America,0.000174,151.0
2021,LY,Africa,0.000453,116.0
2021,PS,Asia,0.000613,100.0
2021,CI,Africa,0.000429,118.0
2021,NE,Africa,0.000276,133.0
2021,SN,Africa,0.000709,94.0
2021,SL,Africa,0.000245,136.0
2021,BI,Africa,0.000145,164.0
2021,GA,Africa,0.000118,178.0
2021,TG,Africa,0.000186,148.0
2021,BL,North America,5.5e-05,214.0
2021,BM,North America,8e-05,200.0
2021,BQ,North America,7.9e-05,201.0
2021,BS,North America,0.000165,154.0
2021,BV,Oceania,4.9e-05,230.0
2021,GW,Africa,9.4e-05,188.0
2021,RE,Africa,0.000196,143.0
2021,SR,South America,5e-05,226.0
2021,ST,Africa,0.000106,183.0
2021,UM,North America,6.1e-05,208.0
2021,TT,North America,0.000142,167.0
2021,BW,Africa,0.000397,121.0
2021,LS,Africa,0.000192,147.0
2021,ZM,Africa,0.000554,104.0
2021,BZ,North America,4.4e-05,233.0
2021,GD,North America,0.000279,132.0
2021,GY,South America,0.000155,160.0
2021,KN,North America,0.000121,176.0
2021,LC,North America,5.3e-05,217.0
2021,PF,Oceania,0.000136,170.0
2021,CC,Oceania,4.9e-05,230.0
2021,CF,Africa,7e-05,206.0
2021,GU,Oceania,9.5e-05,187.0
2021,MQ,North America,6e-05,209.0
2021,TD,Africa,9.8e-05,185.0
2021,SS,Africa,0.000202,140.0
2021,DJ,Africa,7.9e-05,201.0
2021,YE,Asia,0.000229,137.0
2021,CW,North America,8.5e-05,194.0
2021,CX,Oceania,4.4e-05,233.0
2021,GQ,Africa,8.8e-05,193.0
2021,MC,Europe,8.2e-05,197.0
2021,NC,Oceania,0.000171,153.0
2021,DM,North America,6.8e-05,207.0
2021,FO,Europe,0.000155,160.0
2021,GL,North America,0.000123,175.0
2021,GI,Europe,0.000158,156.0
2021,VA,Europe,0.000116,180.0
2021,NR,Oceania,5.3e-05,217.0
2021,TV,Oceania,4.4e-05,233.0
2021,WS,Oceania,7.5e-05,205.0
2021,FK,South America,5.3e-05,217.0
2021,FM,Oceania,5e-05,226.0
2021,AI,North America,4.4e-05,233.0
2021,GF,South America,0.000157,158.0
2021,IM,Europe,5.3e-05,217.0
2021,JE,Europe,8.1e-05,198.0
2021,MU,Africa,0.000141,168.0
2021,GG,Europe,5.3e-05,217.0
2021,TL,Asia,9.8e-05,185.0
2021,HM,Oceania,5.6e-05,211.0
2021,VI,North America,0.000126,174.0
2021,SM,Europe,0.000106,183.0
2021,KY,North America,8.4e-05,195.0
2021,SB,Oceania,0.000121,176.0
2021,KI,Oceania,5e-05,226.0
2021,KM,Africa,0.000128,171.0
2021,VC,North America,5.3e-05,217.0
2021,MR,Africa,0.000117,179.0
2021,MH,Oceania,5.3e-05,217.0
2021,MP,Oceania,5.6e-05,211.0
2021,MS,North America,5.3e-05,217.0
2021,TO,Oceania,8.9e-05,192.0
2021,SX,North America,9.3e-05,190.0
2021,TF,Oceania,5.4e-05,216.0
2021,TM,Asia,5.5e-05,214.0
2021,VG,North America,4.9e-05,230.0
2021,YT,Africa,5.7e-05,210.0
2021,GS,Other,4.4e-05,233.0
2022,ES,Europe,0.05031,5.0
2022,AD,Europe,0.000284,129.0
2022,FR,Europe,0.033885,6.0
2022,HK,Asia,0.009946,24.0
2022,AF,Asia,0.000284,129.0
2022,AE,Asia,0.006491,34.0
2022,AR,South America,0.004919,40.0
2022,AT,Europe,0.013654,19.0
2022,AU,Oceania,0.025439,11.0
2022,AZ,Asia,0.000473,109.0
2022,BA,Europe,0.000322,126.0
2022,BD,Asia,0.00481,41.0
2022,BE,Europe,0.019201,13.0
2022,BH,Asia,0.000488,107.0
2022,BL,North America,4.4e-05,233.0
2022,BN,Asia,0.000367,123.0
2022,BR,South America,0.017276,15.0
2022,CA,North America,0.029777,9.0
2022,CH,Europe,0.030932,8.0
2022,CL,South America,0.007167,31.0
2022,CN,Asia,0.054582,4.0
2022,CO,South America,0.010421,22.0
2022,CU,North America,0.000738,87.0
2022,CY,Europe,0.001893,56.0
2022,DE,Europe,0.061176,3.0
2022,DK,Europe,0.012944,20.0
2022,DZ,Africa,0.000626,97.0
2022,EE,Europe,0.001565,61.0
2022,EG,Africa,0.004107,46.0
2022,ET,Africa,0.001363,68.0
2022,FI,Europe,0.008764,27.0
2022,GB,Europe,0.083648,2.0
2022,GE,Asia,0.000401,119.0
2022,GH,Africa,0.001553,62.0
2022,GR,Europe,0.004499,44.0
2022,ID,Asia,0.007767,29.0
2022,IE,Europe,0.011305,21.0
2022,IL,Asia,0.004751,42.0
2022,IN,Asia,0.01947,12.0
2022,IR,Asia,0.001479,65.0
2022,IT,Europe,0.031829,7.0
2022,JO,Asia,0.002137,53.0
2022,JP,Asia,0.017563,14.0
2022,KE,Africa,0.002065,54.0
2022,KN,North America,7.7e-05,194.0
2022,KR,Asia,0.014625,18.0
2022,KW,Asia,0.001003,82.0
2022,KZ,Asia,0.001232,71.0
2022,LB,Asia,0.000968,84.0
2022,LK,Asia,0.001383,67.0
2022,MA,Africa,0.000831,86.0
2022,MM,Asia,0.000254,137.0
2022,MU,Africa,0.000168,158.0
2022,MY,Asia,0.007094,32.0
2022,NG,Africa,0.002803,52.0
2022,NL,Europe,0.026371,10.0
2022,NO,Europe,0.009298,26.0
2022,NP,Asia,0.001054,77.0
2022,NZ,Oceania,0.004236,45.0
2022,OM,Asia,0.001038,80.0
2022,PH,Asia,0.002035,55.0
2022,PK,Asia,0.006169,36.0
2022,PL,Europe,0.007453,30.0
2022,PS,Asia,0.000512,106.0
2022,PT,Europe,0.015009,17.0
2022,QA,Asia,0.001773,59.0
2022,RS,Europe,0.001019,81.0
2022,RU,Europe,0.003123,51.0
2022,SA,Asia,0.006856,33.0
2022,SD,Africa,0.000446,113.0
2022,SE,Europe,0.016724,16.0
2022,SG,Asia,0.010329,23.0
2022,SS,Africa,0.000188,151.0
2022,SY,Asia,0.000248,138.0
2022,TH,Asia,0.00409,47.0
2022,TN,Africa,0.000578,99.0
2022,TR,Asia,0.008593,28.0
2022,TW,Asia,0.005989,37.0
2022,UG,Africa,0.001548,63.0
2022,US,North America,0.141473,1.0
2022,VN,Asia,0.003922,48.0
2022,ZA,Africa,0.00454,43.0
2022,ZW,Africa,0.000455,112.0
2022,MX,North America,0.009324,25.0
2022,PE,South America,0.005753,38.0
2022,AG,North America,7.3e-05,197.0
2022,AI,North America,6.1e-05,209.0
2022,AL,Europe,0.000524,105.0
2022,BG,Europe,0.001044,79.0
2022,CZ,Europe,0.00541,39.0
2022,HR,Europe,0.001053,78.0
2022,HU,Europe,0.003227,50.0
2022,KG,Asia,0.000243,139.0
2022,ME,Europe,0.000119,169.0
2022,MK,Europe,0.000374,121.0
2022,SI,Europe,0.001159,73.0
2022,XK,Other,0.00046,111.0
2022,AM,Asia,0.000559,100.0
2022,BY,Europe,0.000172,156.0
2022,SN,Africa,0.000471,110.0
2022,UA,Europe,0.001864,57.0
2022,AO,Africa,0.000653,93.0
2022,FJ,Oceania,0.00036,124.0
2022,GW,Africa,8.1e-05,192.0
2022,AQ,Other,4.8e-05,231.0
2022,BJ,Africa,0.000284,129.0
2022,BO,South America,0.000539,103.0
2022,CR,North America,0.001223,72.0
2022,DO,North America,0.000647,94.0
2022,EC,South America,0.006362,35.0
2022,HM,Oceania,4.4e-05,233.0
2022,HN,North America,0.000429,114.0
2022,HT,North America,0.000271,134.0
2022,NI,North America,0.000374,121.0
2022,PA,North America,0.001143,74.0
2022,PY,South America,0.000725,88.0
2022,SV,North America,0.000419,115.0
2022,UY,South America,0.000715,90.0
2022,VE,South America,0.001249,70.0
2022,YE,Asia,0.000213,143.0
2022,AS,Oceania,6.7e-05,204.0
2022,BF,Africa,0.00031,128.0
2022,IQ,Asia,0.001593,60.0
2022,KH,Asia,0.000477,108.0
2022,LI,Europe,0.000153,163.0
2022,LT,Europe,0.001294,69.0
2022,LU,Europe,0.003658,49.0
2022,LY,Africa,0.000419,115.0
2022,MC,Europe,0.00013,165.0
2022,MD,Europe,0.000262,136.0
2022,MN,Asia,0.000416,117.0
2022,MT,Europe,0.000643,95.0
2022,RO,Europe,0.001796,58.0
2022,SK,Europe,0.001458,66.0
2022,UZ,Asia,0.000719,89.0
2022,BB,North America,0.000128,166.0
2022,BT,Asia,0.000165,159.0
2022,BW,Africa,0.000334,125.0
2022,CM,Africa,0.000543,102.0
2022,JE,Europe,8.9e-05,182.0
2022,LA,Asia,0.000165,159.0
2022,MV,Asia,0.000199,147.0
2022,MW,Africa,0.000546,101.0
2022,NC,Oceania,8.9e-05,182.0
2022,PG,Oceania,0.000173,155.0
2022,PW,Oceania,7.1e-05,199.0
2022,RW,Africa,0.001061,76.0
2022,SB,Oceania,0.000119,169.0
2022,TC,North America,5.6e-05,216.0
2022,TG,Africa,0.000157,161.0
2022,TL,Asia,0.000176,153.0
2022,TO,Oceania,5.5e-05,217.0
2022,WS,Oceania,5.4e-05,221.0
2022,ZM,Africa,0.000641,96.0
2022,AW,North America,8.7e-05,186.0
2022,BS,North America,0.000238,140.0
2022,JM,North America,0.00021,145.0
2022,SO,Africa,0.000406,118.0
2022,BI,Africa,0.000195,149.0
2022,CD,Africa,0.000533,104.0
2022,CI,Africa,0.000389,120.0
2022,IS,Europe,0.001105,75.0
2022,LV,Europe,0.000713,91.0
2022,ML,Africa,0.000284,129.0
2022,MO,Asia,0.001516,64.0
2022,PR,North America,0.000921,85.0
2022,RE,Africa,0.000188,151.0
2022,TT,North America,0.00012,168.0
2022,GN,Africa,0.000215,142.0
2022,MR,Africa,6.8e-05,202.0
2022,NE,Africa,0.00027,135.0
2022,TZ,Africa,0.000989,83.0
2022,BM,North America,8.3e-05,190.0
2022,BQ,North America,4.9e-05,228.0
2022,CV,Africa,0.000234,141.0
2022,GT,North America,0.000678,92.0
2022,IO,Oceania,6.6e-05,206.0
2022,KM,Africa,7.6e-05,195.0
2022,LR,Africa,0.000138,164.0
2022,MZ,Africa,0.00059,98.0
2022,BV,Oceania,5e-05,226.0
2022,SC,Africa,8.2e-05,191.0
2022,BZ,North America,9.6e-05,179.0
2022,CW,North America,8.4e-05,189.0
2022,MG,Africa,8.9e-05,182.0
2022,MQ,North America,9.9e-05,177.0
2022,UM,North America,9.9e-05,177.0
2022,CC,Oceania,5.5e-05,217.0
2022,CF,Africa,8.6e-05,187.0
2022,CG,Africa,0.000197,148.0
2022,GA,Africa,6.3e-05,208.0
2022,TD,Africa,0.000102,175.0
2022,GF,South America,7e-05,200.0
2022,GQ,Africa,0.000115,171.0
2022,SL,Africa,0.000213,143.0
2022,GM,Africa,0.000274,133.0
2022,SZ,Africa,0.000175,154.0
2022,VG,North America,4.4e-05,233.0
2022,GP,North America,0.000156,162.0
2022,GY,South America,0.000105,173.0
2022,ER,Africa,6e-05,211.0
2022,DJ,Africa,6.9e-05,201.0
2022,DM,North America,6.7e-05,204.0
2022,FO,Europe,0.000112,172.0
2022,GL,North America,0.000203,146.0
2022,KI,Oceania,5.4e-05,221.0
2022,EH,Africa,4.9e-05,228.0
2022,GI,Europe,0.000127,167.0
2022,SJ,Europe,0.00019,150.0
2022,ST,Africa,8.8e-05,185.0
2022,AX,Europe,4.4e-05,233.0
2022,MH,Oceania,4.4e-05,233.0
2022,VU,Oceania,5.3e-05,223.0
2022,FK,South America,8e-05,193.0
2022,FM,Oceania,6e-05,211.0
2022,PF,Oceania,6.4e-05,207.0
2022,TJ,Asia,6.1e-05,209.0
2022,TM,Asia,4.4e-05,233.0
2022,NF,Oceania,5.7e-05,215.0
2022,GD,North America,0.000318,127.0
2022,GS,Other,5e-05,226.0
2022,GU,Oceania,6e-05,211.0
2022,LS,Africa,0.000169,157.0
2022,IM,Europe,5.3e-05,223.0
2022,KY,North America,9.2e-05,181.0
2022,LC,North America,0.000103,174.0
2022,PN,Oceania,4.7e-05,232.0
2022,VC,North America,6.8e-05,202.0
2022,SM,Europe,7.6e-05,195.0
2022,VA,Europe,0.000102,175.0
2022,KP,Asia,4.9e-05,228.0
2022,MS,North America,5.2e-05,225.0
2022,SX,North America,6e-05,211.0
2022,NR,Oceania,5.5e-05,217.0
2022,NU,Oceania,7.3e-05,197.0
2022,MP,Oceania,4.4e-05,233.0
2022,TV,Oceania,5.5e-05,217.0
2022,SR,South America,4.4e-05,233.0
2022,VI,North America,9.3e-05,180.0
2022,YT,Africa,8.5e-05,188.0
2023,BR,South America,0.020575,12.0
2023,AD,Europe,0.000274,128.0
2023,ES,Europe,0.049552,5.0
2023,FR,Europe,0.035682,6.0
2023,GB,Europe,0.085746,2.0
2023,VE,South America,0.001233,69.0
2023,ZM,Africa,0.000505,103.0
2023,AM,Asia,0.00052,100.0
2023,AE,Asia,0.006183,34.0
2023,AR,South America,0.005169,39.0
2023,AT,Europe,0.013977,18.0
2023,AU,Oceania,0.029981,9.0
2023,BA,Europe,0.000359,120.0
2023,BB,North America,9.1e-05,191.0
2023,BD,Asia,0.004555,42.0
2023,BE,Europe,0.017868,14.0
2023,BH,Asia,0.000367,119.0
2023,CA,North America,0.029672,10.0
2023,CH,Europe,0.031312,8.0
2023,CN,Asia,0.051571,4.0
2023,CO,South America,0.01058,24.0
2023,CU,North America,0.000597,94.0
2023,CY,Europe,0.001907,59.0
2023,DE,Europe,0.059424,3.0
2023,DK,Europe,0.012599,19.0
2023,DM,North America,6e-05,219.0
2023,DZ,Africa,0.000502,105.0
2023,EC,South America,0.006378,33.0
2023,EE,Europe,0.001305,68.0
2023,EG,Africa,0.003565,48.0
2023,ET,Africa,0.001222,70.0
2023,FI,Europe,0.008742,26.0
2023,HK,Asia,0.010637,23.0
2023,HU,Europe,0.00273,51.0
2023,IE,Europe,0.011587,21.0
2023,IL,Asia,0.003857,46.0
2023,IN,Asia,0.01996,13.0
2023,IQ,Asia,0.003055,50.0
2023,IR,Asia,0.001581,63.0
2023,IT,Europe,0.031403,7.0
2023,JO,Asia,0.002322,54.0
2023,JP,Asia,0.016968,15.0
2023,KR,Asia,0.01221,20.0
2023,KW,Asia,0.001107,78.0
2023,KZ,Asia,0.001441,66.0
2023,LB,Asia,0.001041,81.0
2023,LK,Asia,0.001493,64.0
2023,LT,Europe,0.001122,76.0
2023,LY,Africa,0.000391,117.0
2023,MA,Africa,0.001111,77.0
2023,MC,Europe,0.00011,178.0
2023,MX,North America,0.009324,25.0
2023,MY,Asia,0.006412,32.0
2023,NL,Europe,0.026602,11.0
2023,NO,Europe,0.007966,29.0
2023,NP,Asia,0.000816,88.0
2023,OM,Asia,0.001152,75.0
2023,PH,Asia,0.002011,57.0
2023,PK,Asia,0.004337,43.0
2023,PL,Europe,0.007498,31.0
2023,PT,Europe,0.015641,17.0
2023,QA,Asia,0.002106,55.0
2023,RU,Europe,0.002338,53.0
2023,SA,Asia,0.007566,30.0
2023,SD,Africa,0.000201,140.0
2023,SE,Europe,0.016559,16.0
2023,SG,Asia,0.010949,22.0
2023,SK,Europe,0.001173,74.0
2023,SY,Asia,0.000232,135.0
2023,TN,Africa,0.00058,95.0
2023,TR,Asia,0.008078,28.0
2023,TW,Asia,0.005848,37.0
2023,TZ,Africa,0.000949,84.0
2023,UA,Europe,0.001918,58.0
2023,UG,Africa,0.001099,80.0
2023,US,North America,0.142785,1.0
2023,UZ,Asia,0.001037,82.0
2023,VN,Asia,0.004106,45.0
2023,ZA,Africa,0.004815,41.0
2023,ZW,Africa,0.000504,104.0
2023,AF,Asia,0.000257,130.0
2023,RS,Europe,0.001212,71.0
2023,AG,North America,7.2e-05,211.0
2023,TT,North America,0.000111,177.0
2023,AI,North America,7.5e-05,206.0
2023,AL,Europe,0.000415,115.0
2023,BG,Europe,0.000854,86.0
2023,GR,Europe,0.004172,44.0
2023,LU,Europe,0.003605,47.0
2023,XK,Other,0.000467,110.0
2023,AX,Europe,9.5e-05,188.0
2023,CZ,Europe,0.005291,38.0
2023,KE,Africa,0.001888,60.0
2023,MD,Europe,0.000528,98.0
2023,AO,Africa,0.000457,111.0
2023,CI,Africa,0.000258,129.0
2023,CL,South America,0.00822,27.0
2023,CM,Africa,0.000534,96.0
2023,PR,North America,0.001029,83.0
2023,AQ,Other,7.6e-05,204.0
2023,BO,South America,0.000805,90.0
2023,BZ,North America,9e-05,193.0
2023,CR,North America,0.001212,71.0
2023,DO,North America,0.000711,91.0
2023,HN,North America,0.000483,109.0
2023,PA,North America,0.00185,61.0
2023,PE,South America,0.005937,35.0
2023,PY,South America,0.000814,89.0
2023,SI,Europe,0.001492,65.0
2023,SV,North America,0.000494,107.0
2023,TH,Asia,0.003348,49.0
2023,UY,South America,0.000948,85.0
2023,AS,Oceania,0.000163,146.0
2023,NG,Africa,0.002689,52.0
2023,PG,Oceania,0.000187,142.0
2023,GH,Africa,0.001412,67.0
2023,GT,North America,0.000529,97.0
2023,HR,Europe,0.001105,79.0
2023,ID,Asia,0.005099,40.0
2023,KG,Asia,0.000308,124.0
2023,LI,Europe,0.000156,150.0
2023,LV,Europe,0.000633,92.0
2023,MT,Europe,0.000453,112.0
2023,NZ,Oceania,0.005913,36.0
2023,RO,Europe,0.002052,56.0
2023,BS,North America,0.000118,175.0
2023,BT,Asia,0.000155,151.0
2023,BW,Africa,0.000295,125.0
2023,FJ,Oceania,0.000379,118.0
2023,GE,Asia,0.000491,108.0
2023,GM,Africa,0.000235,133.0
2023,IS,Europe,0.001183,73.0
2023,JM,North America,0.000162,147.0
2023,KH,Asia,0.000404,116.0
2023,LR,Africa,0.000142,159.0
2023,MM,Asia,0.000249,132.0
2023,MN,Asia,0.000332,123.0
2023,MO,Asia,0.001819,62.0
2023,MU,Africa,0.000164,145.0
2023,MV,Asia,0.00013,167.0
2023,RW,Africa,0.000841,87.0
2023,SB,Oceania,8e-05,202.0
2023,TG,Africa,0.000131,166.0
2023,TL,Asia,0.000204,139.0
2023,VU,Oceania,9.9e-05,185.0
2023,AW,North America,8.3e-05,198.0
2023,AZ,Asia,0.000506,102.0
2023,MZ,Africa,0.000516,101.0
2023,SO,Africa,0.000334,122.0
2023,YE,Asia,0.000235,133.0
2023,BF,Africa,0.00028,126.0
2023,BI,Africa,0.000101,184.0
2023,BJ,Africa,0.00022,137.0
2023,CD,Africa,0.000501,106.0
2023,GN,Africa,9.1e-05,191.0
2023,LS,Africa,0.000123,172.0
2023,NI,North America,0.000337,121.0
2023,SJ,Europe,0.000221,136.0
2023,CG,Africa,0.000154,152.0
2023,GY,South America,0.000142,159.0
2023,ML,Africa,0.000195,141.0
2023,SN,Africa,0.000437,113.0
2023,NE,Africa,0.000141,162.0
2023,BL,North America,5.8e-05,222.0
2023,BM,North America,8.2e-05,199.0
2023,BN,Asia,0.000277,127.0
2023,BQ,North America,6.8e-05,212.0
2023,CV,Africa,0.000217,138.0
2023,EH,Africa,5.5e-05,224.0
2023,FK,South America,7.5e-05,206.0
2023,GW,Africa,9.5e-05,188.0
2023,HT,North America,0.00014,163.0
2023,LA,Asia,0.000148,154.0
2023,MQ,North America,0.000124,170.0
2023,MW,Africa,0.000613,93.0
2023,BY,Europe,0.000134,165.0
2023,GA,Africa,8.7e-05,195.0
2023,MG,Africa,0.000176,143.0
2023,MK,Europe,0.000419,114.0
2023,TD,Africa,0.000147,156.0
2023,CF,Africa,5.4e-05,225.0
2023,SS,Africa,0.000149,153.0
2023,GP,North America,0.000147,156.0
2023,KY,North America,0.000121,173.0
2023,SZ,Africa,0.000148,154.0
2023,PF,Oceania,0.000107,179.0
2023,ER,Africa,5.3e-05,226.0
2023,KN,North America,0.000124,170.0
2023,KP,Asia,8.1e-05,200.0
2023,SL,Africa,0.000168,144.0
2023,SR,South America,7.3e-05,209.0
2023,TJ,Asia,0.000106,180.0
2023,TM,Asia,4.4e-05,230.0
2023,BV,Oceania,4.4e-05,230.0
2023,KM,Africa,0.000116,176.0
2023,GQ,Africa,9e-05,193.0
2023,SC,Africa,9.9e-05,185.0
2023,CW,North America,8e-05,202.0
2023,PS,Asia,0.000522,99.0
2023,ME,Europe,0.000142,159.0
2023,DJ,Africa,6.1e-05,218.0
2023,FO,Europe,0.000128,169.0
2023,GL,North America,0.00016,148.0
2023,MR,Africa,0.000103,183.0
2023,GI,Europe,8.6e-05,196.0
2023,SH,Africa,5.9e-05,220.0
2023,ST,Africa,0.00013,167.0
2023,VI,North America,0.000106,180.0
2023,TO,Oceania,6.2e-05,215.0
2023,FM,Oceania,6.7e-05,213.0
2023,GF,South America,0.000143,158.0
2023,NC,Oceania,0.000253,131.0
2023,RE,Africa,0.000137,164.0
2023,UM,North America,8.1e-05,200.0
2023,VG,North America,5.8e-05,222.0
2023,YT,Africa,7.5e-05,206.0
2023,JE,Europe,9.2e-05,190.0
2023,GD,North America,0.000158,149.0
2023,GG,Europe,7.3e-05,209.0
2023,TC,North America,8.5e-05,197.0
2023,GU,Oceania,0.000119,174.0
2023,IM,Europe,5e-05,228.0
2023,SM,Europe,9.7e-05,187.0
2023,VA,Europe,7.6e-05,204.0
2023,MH,Oceania,6.2e-05,215.0
2023,MP,Oceania,5.2e-05,227.0
2023,TF,Oceania,4.4e-05,230.0
2023,NF,Oceania,6.2e-05,215.0
2023,VC,North America,6.7e-05,213.0
2023,SX,North America,0.000104,182.0
2023,NR,Oceania,4.4e-05,230.0
2023,PN,Oceania,4.7e-05,229.0
2023,IO,Oceania,4.4e-05,230.0
2023,LC,North America,4.4e-05,230.0
2023,WS,Oceania,5.9e-05,220.0
2024,ES,Europe,0.047858,5.0
2024,AD,Europe,0.000133,162.0
2024,IT,Europe,0.036376,6.0
2024,US,North America,0.142941,1.0
2024,AM,Asia,0.00046,106.0
2024,AE,Asia,0.006775,33.0
2024,AT,Europe,0.013984,19.0
2024,AU,Oceania,0.028157,10.0
2024,AZ,Asia,0.000626,96.0
2024,BA,Europe,0.000336,124.0
2024,BD,Asia,0.004034,43.0
2024,BE,Europe,0.017903,14.0
2024,BH,Asia,0.000557,98.0
2024,BR,South America,0.022767,12.0
2024,CA,North America,0.029215,9.0
2024,CH,Europe,0.030026,8.0
2024,CL,South America,0.008141,28.0
2024,CN,Asia,0.051468,4.0
2024,CO,South America,0.010887,23.0
2024,CU,North America,0.000719,93.0
2024,DE,Europe,0.060567,3.0
2024,DK,Europe,0.014351,18.0
2024,DZ,Africa,0.000333,125.0
2024,EG,Africa,0.003143,47.0
2024,ET,Africa,0.000889,86.0
2024,FI,Europe,0.009212,26.0
2024,FJ,Oceania,0.000381,111.0
2024,FR,Europe,0.036271,7.0
2024,GB,Europe,0.076377,2.0
2024,GR,Europe,0.004329,42.0
2024,HK,Asia,0.013831,20.0
2024,ID,Asia,0.006038,34.0
2024,IE,Europe,0.012147,21.0
2024,IL,Asia,0.003381,46.0
2024,IN,Asia,0.020623,13.0
2024,IR,Asia,0.00145,69.0
2024,JO,Asia,0.002776,50.0
2024,JP,Asia,0.017203,16.0
2024,KR,Asia,0.011899,22.0
2024,KW,Asia,0.001314,72.0
2024,KZ,Asia,0.001473,67.0
2024,LB,Asia,0.00099,84.0
2024,LK,Asia,0.001378,70.0
2024,MA,Africa,0.001227,77.0
2024,MT,Europe,0.000493,104.0
2024,MX,North America,0.009433,25.0
2024,MY,Asia,0.005912,35.0
2024,MZ,Africa,0.000567,97.0
2024,NG,Africa,0.002692,51.0
2024,NL,Europe,0.026006,11.0
2024,NO,Europe,0.007635,31.0
2024,NP,Asia,0.000848,88.0
2024,NZ,Oceania,0.004701,41.0
2024,OM,Asia,0.001253,75.0
2024,PH,Asia,0.001662,63.0
2024,PK,Asia,0.003566,45.0
2024,PL,Europe,0.007715,30.0
2024,PS,Asia,0.000427,110.0
2024,PT,Europe,0.014568,17.0
2024,QA,Asia,0.00241,54.0
2024,RS,Europe,0.001084,81.0
2024,RU,Europe,0.002372,55.0
2024,RW,Africa,0.000894,85.0
2024,SA,Asia,0.007869,29.0
2024,SD,Africa,0.000362,116.0
2024,SE,Europe,0.017629,15.0
2024,SG,Asia,0.010667,24.0
2024,SY,Asia,0.000263,130.0
2024,TH,Asia,0.003129,49.0
2024,TN,Africa,0.000728,92.0
2024,TR,Asia,0.008311,27.0
2024,TW,Asia,0.005751,36.0
2024,UA,Europe,0.002217,57.0
2024,VN,Asia,0.003599,44.0
2024,YE,Asia,0.000214,137.0
2024,ZA,Africa,0.00563,38.0
2024,ZW,Africa,0.000543,100.0
2024,AF,Asia,0.000348,119.0
2024,TJ,Asia,6.4e-05,210.0
2024,UG,Africa,0.001166,79.0
2024,BB,North America,8.9e-05,185.0
2024,AG,North America,0.000104,176.0
2024,VC,North America,6.5e-05,209.0
2024,BG,Europe,0.000802,89.0
2024,AL,Europe,0.00043,109.0
2024,HU,Europe,0.002651,52.0
2024,RO,Europe,0.001614,64.0
2024,XK,Other,0.000434,108.0
2024,AR,South America,0.004815,40.0
2024,SL,Africa,0.000217,136.0
2024,AO,Africa,0.000714,94.0
2024,CR,North America,0.00114,80.0
2024,CZ,Europe,0.006933,32.0
2024,PY,South America,0.001252,76.0
2024,VE,South America,0.001614,64.0
2024,BO,South America,0.000537,101.0
2024,DO,North America,0.000788,90.0
2024,EC,South America,0.005529,39.0
2024,GT,North America,0.000647,95.0
2024,NI,North America,0.000317,127.0
2024,PA,North America,0.001321,71.0
2024,PE,South America,0.005711,37.0
2024,SV,North America,0.000444,107.0
2024,UY,South America,0.00085,87.0
2024,AS,Oceania,7.9e-05,199.0
2024,TZ,Africa,0.000996,83.0
2024,BW,Africa,0.000332,126.0
2024,BZ,North America,6.7e-05,204.0
2024,CY,Europe,0.001852,60.0
2024,HR,Europe,0.001293,74.0
2024,IS,Europe,0.000756,91.0
2024,LT,Europe,0.001675,61.0
2024,LU,Europe,0.003131,48.0
2024,LV,Europe,0.001079,82.0
2024,ME,Europe,0.000162,150.0
2024,MK,Europe,0.000295,128.0
2024,PR,North America,0.00149,66.0
2024,SI,Europe,0.001674,62.0
2024,SJ,Europe,0.000138,160.0
2024,SK,Europe,0.001465,68.0
2024,ZM,Africa,0.000548,99.0
2024,BN,Asia,0.000139,159.0
2024,BS,North America,0.000121,168.0
2024,BT,Asia,0.000187,139.0
2024,EE,Europe,0.001875,59.0
2024,GH,Africa,0.001314,72.0
2024,GI,Europe,7e-05,201.0
2024,GM,Africa,0.000168,147.0
2024,IQ,Asia,0.002556,53.0
2024,KE,Africa,0.002028,58.0
2024,KG,Asia,0.000338,121.0
2024,KH,Asia,0.000371,114.0
2024,LA,Asia,0.000164,149.0
2024,LR,Africa,0.000174,146.0
2024,MM,Asia,0.000193,138.0
2024,MN,Asia,0.000354,118.0
2024,MO,Asia,0.002243,56.0
2024,MW,Africa,0.000514,103.0
2024,NC,Oceania,0.000135,161.0
2024,PF,Oceania,0.000159,151.0
2024,PG,Oceania,0.000157,152.0
2024,SB,Oceania,8.8e-05,186.0
2024,SS,Africa,0.000142,156.0
2024,TC,North America,6.7e-05,204.0
2024,TL,Asia,0.000132,164.0
2024,AW,North America,0.000154,153.0
2024,AX,Europe,8.2e-05,195.0
2024,GE,Asia,0.00038,112.0
2024,UZ,Asia,0.001168,78.0
2024,SO,Africa,0.000364,115.0
2024,BJ,Africa,0.000236,133.0
2024,CD,Africa,0.000357,117.0
2024,CI,Africa,0.000338,121.0
2024,CM,Africa,0.000471,105.0
2024,GN,Africa,0.000219,135.0
2024,HT,North America,0.000165,148.0
2024,SN,Africa,0.000348,119.0
2024,VA,Europe,6.2e-05,211.0
2024,BF,Africa,0.000176,144.0
2024,MR,Africa,9.1e-05,184.0
2024,TD,Africa,6.6e-05,208.0
2024,BI,Africa,0.000104,176.0
2024,GA,Africa,0.00012,169.0
2024,CG,Africa,8.6e-05,191.0
2024,CV,Africa,0.000252,131.0
2024,GW,Africa,0.000115,172.0
2024,HN,North America,0.000536,102.0
2024,IM,Europe,4.6e-05,218.0
2024,KP,Asia,4.6e-05,218.0
2024,ST,Africa,7e-05,201.0
2024,UM,North America,8.8e-05,186.0
2024,VI,North America,0.000144,155.0
2024,BQ,North America,4.6e-05,218.0
2024,SZ,Africa,0.000147,154.0
2024,BY,Europe,0.000178,143.0
2024,GL,North America,0.00018,142.0
2024,JM,North America,7.1e-05,200.0
2024,KN,North America,0.000125,167.0
2024,LY,Africa,0.000338,121.0
2024,ML,Africa,0.000106,175.0
2024,MU,Africa,8.5e-05,194.0
2024,MV,Asia,0.000239,132.0
2024,CF,Africa,8.6e-05,191.0
2024,LI,Europe,0.000176,144.0
2024,MG,Africa,0.000185,140.0
2024,TG,Africa,0.000133,162.0
2024,TK,Oceania,4.6e-05,218.0
2024,CK,Oceania,8.7e-05,188.0
2024,AQ,Other,4.6e-05,218.0
2024,GD,North America,0.000265,129.0
2024,MD,Europe,0.000378,113.0
2024,KM,Africa,6e-05,214.0
2024,CW,North America,8.2e-05,195.0
2024,GG,Europe,4.6e-05,218.0
2024,ER,Africa,8.7e-05,188.0
2024,MC,Europe,0.000114,173.0
2024,NE,Africa,0.000113,174.0
2024,DJ,Africa,8.7e-05,188.0
2024,FO,Europe,0.000231,134.0
2024,LC,North America,8.1e-05,197.0
2024,DM,North America,5.9e-05,215.0
2024,GF,South America,9.4e-05,183.0
2024,SC,Africa,0.000101,178.0
2024,SR,South America,8e-05,198.0
2024,LS,Africa,0.000127,166.0
2024,FK,South America,0.000101,178.0
2024,GP,North America,0.000118,171.0
2024,JE,Europe,8.6e-05,191.0
2024,RE,Africa,0.000184,141.0
2024,YT,Africa,6.1e-05,213.0
2024,GU,Oceania,9.8e-05,181.0
2024,TT,North America,0.00014,157.0
2024,GQ,Africa,0.000131,165.0
2024,GY,South America,0.00014,157.0
2024,VG,North America,6.8e-05,203.0
2024,PN,Oceania,4.6e-05,218.0
2024,SM,Europe,6.2e-05,211.0
2024,MH,Oceania,4.6e-05,218.0
2024,KY,North America,4.9e-05,217.0
2024,MP,Oceania,9.5e-05,182.0
2024,MQ,North America,0.00012,169.0
2024,FM,Oceania,4.6e-05,218.0
2024,NU,Oceania,5.6e-05,216.0
2024,PW,Oceania,4.6e-05,218.0
2024,BM,North America,4.6e-05,218.0
2024,SX,North America,0.000101,178.0
2024,BL,North America,4.6e-05,218.0
2024,VU,Oceania,6.7e-05,204.0
2024,WS,Oceania,6.7e-05,204.0
2025,AW,North America,0.000108,174.0
2025,AD,Europe,0.000139,153.0
2025,ES,Europe,0.041622,5.0
2025,AR,South America,0.004654,42.0
2025,AE,Asia,0.008674,27.0
2025,AT,Europe,0.013994,21.0
2025,AU,Oceania,0.032413,7.0
2025,BD,Asia,0.004781,41.0
2025,BH,Asia,0.000571,95.0
2025,BR,South America,0.023364,12.0
2025,CA,North America,0.03216,8.0
2025,CH,Europe,0.031621,9.0
2025,CL,South America,0.00843,29.0
2025,CN,Asia,0.056459,4.0
2025,CO,South America,0.010902,25.0
2025,CU,North America,0.000638,91.0
2025,DE,Europe,0.057955,3.0
2025,DK,Europe,0.016361,18.0
2025,EG,Africa,0.003027,49.0
2025,FI,Europe,0.011525,23.0
2025,FR,Europe,0.033562,6.0
2025,GB,Europe,0.073177,2.0
2025,GR,Europe,0.004112,44.0
2025,HK,Asia,0.024089,11.0
2025,HU,Europe,0.001386,62.0
2025,ID,Asia,0.005442,39.0
2025,IE,Europe,0.011062,24.0
2025,IN,Asia,0.021477,14.0
2025,IQ,Asia,0.001524,59.0
2025,IR,Asia,0.001305,67.0
2025,IT,Europe,0.025317,10.0
2025,JO,Asia,0.001989,53.0
2025,JP,Asia,0.019813,15.0
2025,KE,Africa,0.001747,57.0
2025,KR,Asia,0.015846,19.0
2025,KW,Asia,0.001199,73.0
2025,KZ,Asia,0.001204,72.0
2025,LB,Asia,0.000541,98.0
2025,LK,Asia,0.001839,54.0
2025,LV,Europe,0.000845,86.0
2025,MA,Africa,0.001036,78.0
2025,MR,Africa,8.2e-05,197.0
2025,MY,Asia,0.006668,33.0
2025,NL,Europe,0.02258,13.0
2025,NO,Europe,0.006983,31.0
2025,NZ,Oceania,0.005339,40.0
2025,PH,Asia,0.001444,61.0
2025,PK,Asia,0.00333,48.0
2025,PL,Europe,0.007343,30.0
2025,PT,Europe,0.012551,22.0
2025,QA,Asia,0.001581,58.0
2025,RO,Europe,0.001119,76.0
2025,RU,Europe,0.001446,60.0
2025,SA,Asia,0.006081,37.0
2025,SD,Africa,0.00021,134.0
2025,SE,Europe,0.018867,16.0
2025,SG,Asia,0.014123,20.0
2025,SY,Asia,0.000305,115.0
2025,TH,Asia,0.003665,47.0
2025,TR,Asia,0.00861,28.0
2025,US,North America,0.140789,1.0
2025,VN,Asia,0.004638,43.0
2025,AG,North America,9.4e-05,182.0
2025,AF,Asia,0.00027,123.0
2025,PE,South America,0.006161,36.0
2025,AO,Africa,0.000774,88.0
2025,AI,North America,0.000208,135.0
2025,AQ,Other,0.000132,156.0
2025,AL,Europe,0.000337,111.0
2025,BE,Europe,0.017123,17.0
2025,XK,Other,0.000174,142.0
2025,AM,Asia,0.000283,119.0
2025,CV,Africa,0.00013,157.0
2025,MX,North America,0.009469,26.0
2025,ZA,Africa,0.006831,32.0
2025,BO,South America,0.000801,87.0
2025,CM,Africa,0.00038,108.0
2025,CR,North America,0.000951,81.0
2025,EC,South America,0.005533,38.0
2025,HN,North America,0.000558,96.0
2025,NI,North America,0.000225,132.0
2025,PA,North America,0.001347,66.0
2025,PY,South America,0.00126,71.0
2025,UM,North America,5.3e-05,213.0
2025,UY,South America,0.00097,79.0
2025,VE,South America,0.001797,56.0
2025,AS,Oceania,8e-05,205.0
2025,NG,Africa,0.002629,51.0
2025,AZ,Asia,0.000498,102.0
2025,CZ,Europe,0.006436,34.0
2025,DJ,Africa,7.5e-05,207.0
2025,HR,Europe,0.001271,70.0
2025,IL,Asia,0.002864,50.0
2025,KG,Asia,0.000283,119.0
2025,MK,Europe,8.6e-05,195.0
2025,RS,Europe,0.000963,80.0
2025,SI,Europe,0.001145,74.0
2025,SK,Europe,0.001382,63.0
2025,UA,Europe,0.001365,64.0
2025,UG,Africa,0.001065,77.0
2025,UZ,Asia,0.00087,84.0
2025,BN,Asia,0.00019,139.0
2025,BT,Asia,0.000124,163.0
2025,ET,Africa,0.000855,85.0
2025,FJ,Oceania,0.000295,117.0
2025,GE,Asia,0.00033,112.0
2025,GH,Africa,0.001357,65.0
2025,GT,North America,0.000596,94.0
2025,IS,Europe,0.000768,89.0
2025,KH,Asia,0.000634,92.0
2025,LT,Europe,0.001137,75.0
2025,LU,Europe,0.004005,45.0
2025,MM,Asia,0.000279,121.0
2025,MN,Asia,0.000296,116.0
2025,MO,Asia,0.003859,46.0
2025,NP,Asia,0.000766,90.0
2025,OM,Asia,0.001301,68.0
2025,PG,Oceania,0.000237,129.0
2025,TW,Asia,0.00634,35.0
2025,ZW,Africa,0.000516,100.0
2025,BA,Europe,0.000389,107.0
2025,BB,North America,9.9e-05,180.0
2025,SO,Africa,0.000502,101.0
2025,BF,Africa,0.000128,160.0
2025,CD,Africa,0.000458,104.0
2025,EE,Europe,0.002522,52.0
2025,PR,North America,0.001297,69.0
2025,RW,Africa,0.000545,97.0
2025,BJ,Africa,0.00016,143.0
2025,BG,Europe,0.000939,82.0
2025,CY,Europe,0.001832,55.0
2025,BI,Africa,0.000151,149.0
2025,BM,North America,0.000117,167.0
2025,DO,North America,0.000371,109.0
2025,GW,Africa,0.000146,151.0
2025,HT,North America,8.2e-05,197.0
2025,MZ,Africa,0.00044,105.0
2025,RE,Africa,0.000112,171.0
2025,TL,Asia,8.7e-05,194.0
2025,BS,North America,8.1e-05,202.0
2025,BW,Africa,0.000306,114.0
2025,BY,Europe,7.2e-05,209.0
2025,CF,Africa,0.000107,175.0
2025,DZ,Africa,0.000286,118.0
2025,GP,North America,0.000112,171.0
2025,MG,Africa,0.000121,165.0
2025,ML,Africa,0.000116,169.0
2025,MQ,North America,8.2e-05,197.0
2025,TN,Africa,0.000226,130.0
2025,TZ,Africa,0.000883,83.0
2025,ZM,Africa,0.000623,93.0
2025,TG,Africa,0.000128,160.0
2025,CG,Africa,0.000123,164.0
2025,SS,Africa,0.000202,136.0
2025,JM,North America,0.000226,130.0
2025,LI,Europe,0.000129,158.0
2025,MD,Europe,0.000346,110.0
2025,MT,Europe,0.000486,103.0
2025,PS,Asia,0.000435,106.0
2025,SZ,Africa,0.000115,170.0
2025,CI,Africa,0.000248,126.0
2025,MC,Europe,0.000155,145.0
2025,GM,Africa,0.000158,144.0
2025,MU,Africa,0.000117,167.0
2025,PF,Oceania,8.2e-05,197.0
2025,SL,Africa,0.000253,125.0
2025,YE,Asia,0.000211,133.0
2025,KM,Africa,6.8e-05,210.0
2025,SV,North America,0.000269,124.0
2025,CW,North America,0.000118,166.0
2025,LC,North America,5.3e-05,213.0
2025,GU,Oceania,0.000104,176.0
2025,VA,Europe,7.5e-05,207.0
2025,FO,Europe,0.00015,150.0
2025,MW,Africa,0.00054,99.0
2025,MS,North America,5.3e-05,213.0
2025,LR,Africa,0.000155,145.0
2025,SN,Africa,0.000312,113.0
2025,AX,Europe,5.3e-05,213.0
2025,SB,Oceania,0.0001,179.0
2025,FK,South America,8.1e-05,202.0
2025,GF,South America,8.2e-05,197.0
2025,NC,Oceania,0.000154,148.0
2025,SJ,Europe,0.000184,141.0
2025,GA,Africa,6.1e-05,211.0
2025,GY,South America,0.000126,162.0
2025,IM,Europe,9.2e-05,188.0
2025,JE,Europe,8.1e-05,202.0
2025,LY,Africa,0.000246,127.0
2025,MV,Asia,0.000271,122.0
2025,SH,Africa,5.3e-05,213.0
2025,VU,Oceania,9e-05,191.0
2025,GD,North America,0.000193,137.0
2025,ME,Europe,9.1e-05,189.0
2025,NE,Africa,0.000137,154.0
2025,GI,Europe,8.6e-05,195.0
2025,GL,North America,0.000109,173.0
2025,GN,Africa,0.000187,140.0
2025,GQ,Africa,9.4e-05,182.0
2025,ER,Africa,5.3e-05,213.0
2025,KN,North America,9.4e-05,182.0
2025,KP,Asia,7.8e-05,206.0
2025,LA,Asia,0.000155,145.0
2025,LS,Africa,9e-05,191.0
2025,MP,Oceania,9.4e-05,182.0
2025,NF,Oceania,9e-05,191.0
2025,CK,Oceania,5.3e-05,213.0
2025,WS,Oceania,9.9e-05,180.0
2025,SC,Africa,0.000137,154.0
2025,SM,Europe,0.000103,178.0
2025,SR,South America,6.1e-05,211.0
2025,ST,Africa,0.000146,151.0
2025,TD,Africa,9.4e-05,182.0
2025,TJ,Asia,0.000104,176.0
2025,TO,Oceania,9.4e-05,182.0
2025,TT,North America,0.00024,128.0
2025,TV,Oceania,9.1e-05,189.0
2025,SX,North America,5.3e-05,213.0
2025,TC,North America,5.3e-05,213.0
2025,VI,North America,0.000193,137.0
2025,VC,North America,0.000129,158.0
